movieId,title,genres,year,director,cast,content_type,runtime_minutes,poster_url,synopsis
1,Iron Voyage (2004),Comedy|Action|Romance,2004,L. Okafor,"Elias Foster, Felix Marchetti, Priya Anand",tv_show,28,https://picsum.photos/seed/movie1/300/450,"A comedy story set against a backdrop of war, directed by L. Okafor."
2,Midnight Inferno (1991),Drama,1991,K. Lindqvist,"Sofia Bellucci, Felix Marchetti, Lucas Reiner",movie,170,https://picsum.photos/seed/movie2/300/450,"A drama story set against a backdrop of betrayal, directed by K. Lindqvist."
3,Sacred Rebellion (2007),Documentary,2007,L. Okafor,"Sofia Bellucci, Layla Hassan, Elias Foster",movie,44,https://picsum.photos/seed/movie3/300/450,"A documentary story set against a backdrop of betrayal, directed by L. Okafor."
4,Frozen Odyssey (1997),Fantasy|Adventure,1997,E. Lindgren,"Zara Mensah, Priya Anand, Felix Marchetti",movie,180,https://picsum.photos/seed/movie4/300/450,"A fantasy story set against a backdrop of survival, directed by E. Lindgren."
5,Silent Voyage (2008),Drama|Animation,2008,M. Sorrento,"Marcus Webb, Elias Foster, Zara Mensah",movie,113,https://picsum.photos/seed/movie5/300/450,"A drama story set against a backdrop of love, directed by M. Sorrento."
6,Iron City (2000),Romance|Drama,2000,K. Lindqvist,"Marcus Webb, Daniel Cho, Ines Duarte",movie,162,https://picsum.photos/seed/movie6/300/450,"A romance story set against a backdrop of love, directed by K. Lindqvist."
7,Silent Rebellion (2015),Mystery|Adventure|Comedy,2015,S. Yamada,"Priya Anand, Sofia Bellucci, Layla Hassan",movie,147,https://picsum.photos/seed/movie7/300/450,"A mystery story set against a backdrop of discovery, directed by S. Yamada."
8,Hidden Voyage (2025),War|Crime|Anime,2025,K. Lindqvist,"Ava Solano, Kira Solberg, Lucas Reiner",anime,122,https://picsum.photos/seed/movie8/300/450,"A war story set against a backdrop of betrayal, directed by K. Lindqvist."
9,Quiet Sanctuary (1995),Crime,1995,N. Osei,"Jonah Pierce, Elias Foster, Nina Kowalski",tv_show,128,https://picsum.photos/seed/movie9/300/450,"A crime story set against a backdrop of survival, directed by N. Osei."
10,Distant Code (2019),Sci-Fi,2019,K. Lindqvist,"Ava Solano, Felix Marchetti, Maya Linden",tv_show,49,https://picsum.photos/seed/movie10/300/450,"A sci-fi story set against a backdrop of ambition, directed by K. Lindqvist."
11,Lost Echo (2000),Fantasy|Mystery|Adventure,2000,T. Adeyemi,"Maya Linden, Ava Solano, Rosa Delgado",tv_show,149,https://picsum.photos/seed/movie11/300/450,"A fantasy story set against a backdrop of war, directed by T. Adeyemi."
12,Rising Storm (2024),Horror|Drama|Animation,2024,N. Osei,"Rosa Delgado, Maya Linden, Layla Hassan",movie,48,https://picsum.photos/seed/movie12/300/450,"A horror story set against a backdrop of betrayal, directed by N. Osei."
13,Midnight Republic (1995),Family|Adventure,1995,M. Sorrento,"Sam Whitaker, Priya Anand, Felix Marchetti",tv_show,52,https://picsum.photos/seed/movie13/300/450,"A family story set against a backdrop of ambition, directed by M. Sorrento."
14,Quiet Code (2017),Documentary|Fantasy,2017,J. Whitfield,"Felix Marchetti, Sofia Bellucci, Theo Nakamura",movie,115,https://picsum.photos/seed/movie14/300/450,"A documentary story set against a backdrop of discovery, directed by J. Whitfield."
15,Midnight City (2011),War|Comedy|Anime,2011,A. Tarkov,"Kira Solberg, Felix Marchetti, Marcus Webb",tv_show,21,https://picsum.photos/seed/movie15/300/450,"A war story set against a backdrop of war, directed by A. Tarkov."
16,Silent Rebellion (1994),Adventure|Family|Musical,1994,K. Lindqvist,"Marcus Webb, Ava Solano, Sam Whitaker",movie,53,https://picsum.photos/seed/movie16/300/450,"A adventure story set against a backdrop of ambition, directed by K. Lindqvist."
17,Burning Echo (2002),Anime|Family|Sci-Fi,2002,M. Sorrento,"Elias Foster, Lucas Reiner, Owen Brandt",movie,139,https://picsum.photos/seed/movie17/300/450,"A anime story set against a backdrop of ambition, directed by M. Sorrento."
18,Silent Dynasty (2011),Comedy,2011,N. Osei,"Elias Foster, Marcus Webb, Sofia Bellucci",movie,134,https://picsum.photos/seed/movie18/300/450,"A comedy story set against a backdrop of love, directed by N. Osei."
19,Frozen Voyage (1994),Documentary|Fantasy,1994,T. Adeyemi,"Felix Marchetti, Elias Foster, Jonah Pierce",tv_show,158,https://picsum.photos/seed/movie19/300/450,"A documentary story set against a backdrop of war, directed by T. Adeyemi."
20,Broken Echo (2021),Family,2021,T. Adeyemi,"Sofia Bellucci, Zara Mensah, Jonah Pierce",movie,20,https://picsum.photos/seed/movie20/300/450,"A family story set against a backdrop of discovery, directed by T. Adeyemi."
21,Sacred Odyssey (2021),War|Horror,2021,L. Okafor,"Sofia Bellucci, Theo Nakamura, Tobias Kane",documentary,168,https://picsum.photos/seed/movie21/300/450,"A war story set against a backdrop of ambition, directed by L. Okafor."
22,Silent Republic (2020),Adventure|Mystery|Action,2020,K. Lindqvist,"Rosa Delgado, Daniel Cho, Jonah Pierce",documentary,40,https://picsum.photos/seed/movie22/300/450,"A adventure story set against a backdrop of love, directed by K. Lindqvist."
23,Midnight Dynasty (1997),Animation,1997,E. Lindgren,"Kira Solberg, Marcus Webb, Jonah Pierce",tv_show,127,https://picsum.photos/seed/movie23/300/450,"A animation story set against a backdrop of ambition, directed by E. Lindgren."
24,Iron Legacy (2010),Musical|Mystery|War,2010,J. Whitfield,"Ava Solano, Zara Mensah, Nina Kowalski",tv_show,96,https://picsum.photos/seed/movie24/300/450,"A musical story set against a backdrop of discovery, directed by J. Whitfield."
25,Frozen Code (2026),Animation|Action,2026,M. Sorrento,"Priya Anand, Felix Marchetti, Sofia Bellucci",movie,53,https://picsum.photos/seed/movie25/300/450,"A animation story set against a backdrop of betrayal, directed by M. Sorrento."
26,Rising Symphony (2000),Family,2000,T. Adeyemi,"Felix Marchetti, Theo Nakamura, Rosa Delgado",movie,161,https://picsum.photos/seed/movie26/300/450,"A family story set against a backdrop of betrayal, directed by T. Adeyemi."
27,Eternal Empire (2025),Comedy|Crime|Anime,2025,L. Okafor,"Ava Solano, Theo Nakamura, Sofia Bellucci",tv_show,72,https://picsum.photos/seed/movie27/300/450,"A comedy story set against a backdrop of ambition, directed by L. Okafor."
28,Silent City (2017),Fantasy|Anime|Crime,2017,F. Bianchi,"Ava Solano, Jonah Pierce, Maya Linden",movie,53,https://picsum.photos/seed/movie28/300/450,"A fantasy story set against a backdrop of ambition, directed by F. Bianchi."
29,Endless Echo (2025),Documentary|War,2025,A. Tarkov,"Elias Foster, Priya Anand, Nina Kowalski",movie,114,https://picsum.photos/seed/movie29/300/450,"A documentary story set against a backdrop of survival, directed by A. Tarkov."
30,Silent Symphony (2013),Crime|Thriller|Animation,2013,E. Lindgren,"Jonah Pierce, Owen Brandt, Sofia Bellucci",tv_show,46,https://picsum.photos/seed/movie30/300/450,"A crime story set against a backdrop of betrayal, directed by E. Lindgren."
31,Midnight Storm (2001),Thriller|Crime|War,2001,E. Lindgren,"Lucas Reiner, Maya Linden, Daniel Cho",tv_show,105,https://picsum.photos/seed/movie31/300/450,"A thriller story set against a backdrop of discovery, directed by E. Lindgren."
32,Eternal Dynasty (1992),Family|Fantasy|Animation,1992,F. Bianchi,"Sam Whitaker, Marcus Webb, Sofia Bellucci",anime,137,https://picsum.photos/seed/movie32/300/450,"A family story set against a backdrop of betrayal, directed by F. Bianchi."
33,Shadow Legacy (2015),Family|Musical,2015,R. Castellano,"Ava Solano, Priya Anand, Tobias Kane",movie,150,https://picsum.photos/seed/movie33/300/450,"A family story set against a backdrop of discovery, directed by R. Castellano."
34,Iron Storm (2006),Mystery|Action|Adventure,2006,A. Tarkov,"Elias Foster, Lucas Reiner, Owen Brandt",tv_show,100,https://picsum.photos/seed/movie34/300/450,"A mystery story set against a backdrop of discovery, directed by A. Tarkov."
35,Golden Legacy (2006),Musical|Comedy|Drama,2006,A. Tarkov,"Lucas Reiner, Maya Linden, Rosa Delgado",documentary,157,https://picsum.photos/seed/movie35/300/450,"A musical story set against a backdrop of ambition, directed by A. Tarkov."
36,Last Rebellion (2010),Drama|Romance|Musical,2010,H. Park,"Elias Foster, Theo Nakamura, Rosa Delgado",movie,124,https://picsum.photos/seed/movie36/300/450,"A drama story set against a backdrop of betrayal, directed by H. Park."
37,Crimson Echo (2014),Horror|Crime,2014,H. Park,"Daniel Cho, Kira Solberg, Theo Nakamura",movie,20,https://picsum.photos/seed/movie37/300/450,"A horror story set against a backdrop of betrayal, directed by H. Park."
38,Golden Code (2010),Drama|Thriller,2010,T. Adeyemi,"Ines Duarte, Tobias Kane, Sofia Bellucci",movie,63,https://picsum.photos/seed/movie38/300/450,"A drama story set against a backdrop of ambition, directed by T. Adeyemi."
39,Quiet Code (2011),Horror,2011,M. Sorrento,"Marcus Webb, Theo Nakamura, Tobias Kane",anime,57,https://picsum.photos/seed/movie39/300/450,"A horror story set against a backdrop of war, directed by M. Sorrento."
40,Burning Code (1994),Family,1994,T. Adeyemi,"Lucas Reiner, Kira Solberg, Sofia Bellucci",tv_show,118,https://picsum.photos/seed/movie40/300/450,"A family story set against a backdrop of discovery, directed by T. Adeyemi."
41,Shadow Empire (2017),Family|Crime,2017,J. Whitfield,"Daniel Cho, Rosa Delgado, Ines Duarte",movie,83,https://picsum.photos/seed/movie41/300/450,"A family story set against a backdrop of war, directed by J. Whitfield."
42,Quiet Odyssey (2010),Crime|War,2010,N. Osei,"Ines Duarte, Rosa Delgado, Lucas Reiner",anime,160,https://picsum.photos/seed/movie42/300/450,"A crime story set against a backdrop of discovery, directed by N. Osei."
43,Frozen Protocol (2005),Anime,2005,F. Bianchi,"Ava Solano, Rosa Delgado, Sam Whitaker",tv_show,90,https://picsum.photos/seed/movie43/300/450,"A anime story set against a backdrop of discovery, directed by F. Bianchi."
44,Midnight Protocol (2011),Horror,2011,R. Castellano,"Felix Marchetti, Priya Anand, Nina Kowalski",movie,118,https://picsum.photos/seed/movie44/300/450,"A horror story set against a backdrop of ambition, directed by R. Castellano."
45,Last Echo (2016),Drama,2016,R. Castellano,"Felix Marchetti, Ines Duarte, Lucas Reiner",movie,127,https://picsum.photos/seed/movie45/300/450,"A drama story set against a backdrop of discovery, directed by R. Castellano."
46,Shadow Frontier (2009),Action|Sci-Fi|Family,2009,N. Osei,"Zara Mensah, Lucas Reiner, Felix Marchetti",tv_show,159,https://picsum.photos/seed/movie46/300/450,"A action story set against a backdrop of survival, directed by N. Osei."
47,Midnight Protocol (2017),Anime,2017,T. Adeyemi,"Maya Linden, Zara Mensah, Layla Hassan",tv_show,123,https://picsum.photos/seed/movie47/300/450,"A anime story set against a backdrop of ambition, directed by T. Adeyemi."
48,Hidden Code (2024),War,2024,A. Tarkov,"Zara Mensah, Kira Solberg, Maya Linden",movie,129,https://picsum.photos/seed/movie48/300/450,"A war story set against a backdrop of love, directed by A. Tarkov."
49,Iron Dynasty (2010),Documentary|Adventure,2010,J. Whitfield,"Ines Duarte, Layla Hassan, Kira Solberg",tv_show,117,https://picsum.photos/seed/movie49/300/450,"A documentary story set against a backdrop of betrayal, directed by J. Whitfield."
50,Burning Horizon (2024),Fantasy|Animation,2024,A. Tarkov,"Owen Brandt, Marcus Webb, Priya Anand",tv_show,30,https://picsum.photos/seed/movie50/300/450,"A fantasy story set against a backdrop of war, directed by A. Tarkov."
51,Shadow Code (1999),Drama,1999,J. Whitfield,"Nina Kowalski, Sam Whitaker, Elias Foster",tv_show,75,https://picsum.photos/seed/movie51/300/450,"A drama story set against a backdrop of discovery, directed by J. Whitfield."
52,Dark Code (1997),Fantasy|Romance|Animation,1997,N. Osei,"Daniel Cho, Theo Nakamura, Elias Foster",tv_show,99,https://picsum.photos/seed/movie52/300/450,"A fantasy story set against a backdrop of survival, directed by N. Osei."
53,Crimson City (2005),Sci-Fi|Musical|Romance,2005,M. Sorrento,"Theo Nakamura, Elias Foster, Jonah Pierce",movie,129,https://picsum.photos/seed/movie53/300/450,"A sci-fi story set against a backdrop of ambition, directed by M. Sorrento."
54,Shadow Echo (2021),Animation|Mystery,2021,M. Sorrento,"Lucas Reiner, Owen Brandt, Ines Duarte",tv_show,131,https://picsum.photos/seed/movie54/300/450,"A animation story set against a backdrop of love, directed by M. Sorrento."
55,Endless Sanctuary (2019),Musical|Fantasy|Horror,2019,P. Novak,"Kira Solberg, Ava Solano, Layla Hassan",anime,42,https://picsum.photos/seed/movie55/300/450,"A musical story set against a backdrop of betrayal, directed by P. Novak."
56,Golden Code (2014),Family|War,2014,R. Castellano,"Maya Linden, Sam Whitaker, Layla Hassan",movie,74,https://picsum.photos/seed/movie56/300/450,"A family story set against a backdrop of betrayal, directed by R. Castellano."
57,Dark Protocol (2025),Mystery|Fantasy,2025,A. Tarkov,"Rosa Delgado, Sofia Bellucci, Priya Anand",movie,124,https://picsum.photos/seed/movie57/300/450,"A mystery story set against a backdrop of discovery, directed by A. Tarkov."
58,Burning Paradox (1991),Family|Anime|Mystery,1991,M. Sorrento,"Theo Nakamura, Marcus Webb, Zara Mensah",tv_show,98,https://picsum.photos/seed/movie58/300/450,"A family story set against a backdrop of ambition, directed by M. Sorrento."
59,Quiet Frontier (2017),Romance|Anime|Fantasy,2017,C. Beaumont,"Felix Marchetti, Layla Hassan, Owen Brandt",tv_show,89,https://picsum.photos/seed/movie59/300/450,"A romance story set against a backdrop of betrayal, directed by C. Beaumont."
60,Crimson Rebellion (1997),Family|Comedy,1997,C. Beaumont,"Felix Marchetti, Daniel Cho, Sofia Bellucci",movie,143,https://picsum.photos/seed/movie60/300/450,"A family story set against a backdrop of betrayal, directed by C. Beaumont."
61,Crimson Symphony (2004),Musical|Horror|Adventure,2004,R. Castellano,"Daniel Cho, Theo Nakamura, Maya Linden",tv_show,52,https://picsum.photos/seed/movie61/300/450,"A musical story set against a backdrop of betrayal, directed by R. Castellano."
62,Endless Symphony (1998),Adventure,1998,H. Park,"Sam Whitaker, Elias Foster, Maya Linden",tv_show,140,https://picsum.photos/seed/movie62/300/450,"A adventure story set against a backdrop of discovery, directed by H. Park."
63,Silent Protocol (2020),Mystery|Documentary,2020,M. Sorrento,"Priya Anand, Zara Mensah, Sam Whitaker",movie,33,https://picsum.photos/seed/movie63/300/450,"A mystery story set against a backdrop of love, directed by M. Sorrento."
64,Last Voyage (1997),Horror,1997,K. Lindqvist,"Lucas Reiner, Marcus Webb, Rosa Delgado",movie,133,https://picsum.photos/seed/movie64/300/450,"A horror story set against a backdrop of betrayal, directed by K. Lindqvist."
65,Dark Kingdom (1996),Thriller|Horror|Anime,1996,N. Osei,"Sofia Bellucci, Tobias Kane, Ava Solano",tv_show,60,https://picsum.photos/seed/movie65/300/450,"A thriller story set against a backdrop of love, directed by N. Osei."
66,Broken Horizon (2016),Animation,2016,T. Adeyemi,"Tobias Kane, Sam Whitaker, Theo Nakamura",movie,93,https://picsum.photos/seed/movie66/300/450,"A animation story set against a backdrop of ambition, directed by T. Adeyemi."
67,Midnight Protocol (2002),War|Animation,2002,P. Novak,"Elias Foster, Felix Marchetti, Marcus Webb",tv_show,88,https://picsum.photos/seed/movie67/300/450,"A war story set against a backdrop of love, directed by P. Novak."
68,Broken Symphony (2026),Adventure,2026,E. Lindgren,"Theo Nakamura, Ines Duarte, Elias Foster",movie,97,https://picsum.photos/seed/movie68/300/450,"A adventure story set against a backdrop of ambition, directed by E. Lindgren."
69,Frozen City (1992),Fantasy|Anime,1992,E. Lindgren,"Lucas Reiner, Layla Hassan, Ava Solano",movie,78,https://picsum.photos/seed/movie69/300/450,"A fantasy story set against a backdrop of ambition, directed by E. Lindgren."
70,Silent Storm (2020),Action|Fantasy|Horror,2020,K. Lindqvist,"Ines Duarte, Ava Solano, Daniel Cho",documentary,131,https://picsum.photos/seed/movie70/300/450,"A action story set against a backdrop of ambition, directed by K. Lindqvist."
71,Rising Echo (2011),Animation|Anime,2011,R. Castellano,"Elias Foster, Daniel Cho, Layla Hassan",movie,146,https://picsum.photos/seed/movie71/300/450,"A animation story set against a backdrop of betrayal, directed by R. Castellano."
72,Last Rebellion (2006),Sci-Fi|Adventure|Family,2006,R. Castellano,"Elias Foster, Zara Mensah, Rosa Delgado",anime,20,https://picsum.photos/seed/movie72/300/450,"A sci-fi story set against a backdrop of ambition, directed by R. Castellano."
73,Crimson Inferno (2013),War|Thriller|Action,2013,D. Mercer,"Sam Whitaker, Ines Duarte, Jonah Pierce",movie,160,https://picsum.photos/seed/movie73/300/450,"A war story set against a backdrop of love, directed by D. Mercer."
74,Eternal Horizon (2005),War|Anime,2005,C. Beaumont,"Daniel Cho, Theo Nakamura, Felix Marchetti",movie,124,https://picsum.photos/seed/movie74/300/450,"A war story set against a backdrop of war, directed by C. Beaumont."
75,Frozen Empire (1999),Comedy,1999,T. Adeyemi,"Theo Nakamura, Rosa Delgado, Ava Solano",movie,143,https://picsum.photos/seed/movie75/300/450,"A comedy story set against a backdrop of discovery, directed by T. Adeyemi."
76,Endless Garden (2014),War,2014,J. Whitfield,"Tobias Kane, Rosa Delgado, Nina Kowalski",anime,90,https://picsum.photos/seed/movie76/300/450,"A war story set against a backdrop of discovery, directed by J. Whitfield."
77,Shadow Symphony (2009),Musical|Fantasy,2009,F. Bianchi,"Kira Solberg, Tobias Kane, Sam Whitaker",anime,134,https://picsum.photos/seed/movie77/300/450,"A musical story set against a backdrop of survival, directed by F. Bianchi."
78,Endless Odyssey (2014),Romance|Mystery,2014,T. Adeyemi,"Layla Hassan, Sofia Bellucci, Marcus Webb",tv_show,79,https://picsum.photos/seed/movie78/300/450,"A romance story set against a backdrop of discovery, directed by T. Adeyemi."
79,Burning Dynasty (2014),Mystery,2014,H. Park,"Nina Kowalski, Sam Whitaker, Jonah Pierce",movie,171,https://picsum.photos/seed/movie79/300/450,"A mystery story set against a backdrop of betrayal, directed by H. Park."
80,Eternal Inferno (2019),War,2019,A. Tarkov,"Nina Kowalski, Lucas Reiner, Tobias Kane",movie,87,https://picsum.photos/seed/movie80/300/450,"A war story set against a backdrop of betrayal, directed by A. Tarkov."
81,Forgotten Odyssey (2014),Sci-Fi|Animation|Thriller,2014,R. Castellano,"Sam Whitaker, Felix Marchetti, Jonah Pierce",tv_show,80,https://picsum.photos/seed/movie81/300/450,"A sci-fi story set against a backdrop of ambition, directed by R. Castellano."
82,Last Echo (1996),Horror|Family|Romance,1996,N. Osei,"Elias Foster, Ines Duarte, Daniel Cho",tv_show,27,https://picsum.photos/seed/movie82/300/450,"A horror story set against a backdrop of war, directed by N. Osei."
83,Rising Frontier (2017),Adventure|Horror,2017,L. Okafor,"Marcus Webb, Rosa Delgado, Lucas Reiner",tv_show,66,https://picsum.photos/seed/movie83/300/450,"A adventure story set against a backdrop of love, directed by L. Okafor."
84,Dark Dynasty (2005),Animation,2005,T. Adeyemi,"Kira Solberg, Nina Kowalski, Marcus Webb",movie,85,https://picsum.photos/seed/movie84/300/450,"A animation story set against a backdrop of discovery, directed by T. Adeyemi."
85,Lost Odyssey (2000),Action|War,2000,M. Sorrento,"Ines Duarte, Owen Brandt, Theo Nakamura",tv_show,128,https://picsum.photos/seed/movie85/300/450,"A action story set against a backdrop of ambition, directed by M. Sorrento."
86,Crimson Dynasty (2020),War|Horror,2020,M. Sorrento,"Marcus Webb, Zara Mensah, Owen Brandt",tv_show,95,https://picsum.photos/seed/movie86/300/450,"A war story set against a backdrop of war, directed by M. Sorrento."
87,Golden Kingdom (2021),Sci-Fi|Fantasy|Action,2021,F. Bianchi,"Theo Nakamura, Marcus Webb, Owen Brandt",movie,68,https://picsum.photos/seed/movie87/300/450,"A sci-fi story set against a backdrop of survival, directed by F. Bianchi."
88,Silent Symphony (2018),Crime|Comedy,2018,A. Tarkov,"Kira Solberg, Owen Brandt, Nina Kowalski",movie,95,https://picsum.photos/seed/movie88/300/450,"A crime story set against a backdrop of betrayal, directed by A. Tarkov."
89,Hidden Odyssey (2013),Thriller|Documentary|Comedy,2013,K. Lindqvist,"Rosa Delgado, Ava Solano, Daniel Cho",movie,143,https://picsum.photos/seed/movie89/300/450,"A thriller story set against a backdrop of betrayal, directed by K. Lindqvist."
90,Last Garden (2004),Mystery|Comedy|Family,2004,F. Bianchi,"Zara Mensah, Felix Marchetti, Owen Brandt",movie,121,https://picsum.photos/seed/movie90/300/450,"A mystery story set against a backdrop of war, directed by F. Bianchi."
91,Rising Protocol (2014),Comedy|War,2014,F. Bianchi,"Owen Brandt, Elias Foster, Marcus Webb",movie,178,https://picsum.photos/seed/movie91/300/450,"A comedy story set against a backdrop of survival, directed by F. Bianchi."
92,Frozen Symphony (2016),Family|Animation,2016,M. Sorrento,"Nina Kowalski, Jonah Pierce, Kira Solberg",movie,146,https://picsum.photos/seed/movie92/300/450,"A family story set against a backdrop of war, directed by M. Sorrento."
93,Endless Garden (2014),Family,2014,T. Adeyemi,"Owen Brandt, Felix Marchetti, Lucas Reiner",tv_show,59,https://picsum.photos/seed/movie93/300/450,"A family story set against a backdrop of discovery, directed by T. Adeyemi."
94,Sacred Protocol (1992),Comedy|Anime|Horror,1992,C. Beaumont,"Owen Brandt, Sofia Bellucci, Ines Duarte",movie,80,https://picsum.photos/seed/movie94/300/450,"A comedy story set against a backdrop of betrayal, directed by C. Beaumont."
95,Endless Frontier (1993),Romance,1993,P. Novak,"Ava Solano, Sofia Bellucci, Elias Foster",documentary,136,https://picsum.photos/seed/movie95/300/450,"A romance story set against a backdrop of war, directed by P. Novak."
96,Forgotten Voyage (1998),Drama|Action|Anime,1998,N. Osei,"Kira Solberg, Sofia Bellucci, Priya Anand",anime,161,https://picsum.photos/seed/movie96/300/450,"A drama story set against a backdrop of love, directed by N. Osei."
97,Hidden Code (1990),Drama|Family|Documentary,1990,S. Yamada,"Nina Kowalski, Tobias Kane, Felix Marchetti",movie,64,https://picsum.photos/seed/movie97/300/450,"A drama story set against a backdrop of war, directed by S. Yamada."
98,Rising Voyage (2010),Action|Crime|Musical,2010,A. Tarkov,"Daniel Cho, Ava Solano, Jonah Pierce",movie,127,https://picsum.photos/seed/movie98/300/450,"A action story set against a backdrop of survival, directed by A. Tarkov."
99,Burning Paradox (2013),Animation,2013,K. Lindqvist,"Kira Solberg, Elias Foster, Ines Duarte",movie,177,https://picsum.photos/seed/movie99/300/450,"A animation story set against a backdrop of war, directed by K. Lindqvist."
100,Shadow Kingdom (2020),Musical|Horror|Family,2020,F. Bianchi,"Zara Mensah, Lucas Reiner, Elias Foster",movie,133,https://picsum.photos/seed/movie100/300/450,"A musical story set against a backdrop of war, directed by F. Bianchi."
101,Dark Garden (1994),Mystery,1994,L. Okafor,"Ava Solano, Kira Solberg, Felix Marchetti",tv_show,117,https://picsum.photos/seed/movie101/300/450,"A mystery story set against a backdrop of survival, directed by L. Okafor."
102,Dark Echo (1996),Horror|War|Fantasy,1996,N. Osei,"Elias Foster, Felix Marchetti, Sofia Bellucci",movie,78,https://picsum.photos/seed/movie102/300/450,"A horror story set against a backdrop of discovery, directed by N. Osei."
103,Sacred Empire (2010),War|Sci-Fi,2010,P. Novak,"Layla Hassan, Ava Solano, Owen Brandt",documentary,141,https://picsum.photos/seed/movie103/300/450,"A war story set against a backdrop of war, directed by P. Novak."
104,Last Echo (1996),Animation,1996,C. Beaumont,"Owen Brandt, Nina Kowalski, Felix Marchetti",movie,163,https://picsum.photos/seed/movie104/300/450,"A animation story set against a backdrop of survival, directed by C. Beaumont."
105,Rising Echo (1993),Comedy|Thriller,1993,S. Yamada,"Tobias Kane, Theo Nakamura, Owen Brandt",movie,149,https://picsum.photos/seed/movie105/300/450,"A comedy story set against a backdrop of love, directed by S. Yamada."
106,Midnight Empire (2012),Anime,2012,F. Bianchi,"Felix Marchetti, Owen Brandt, Elias Foster",tv_show,166,https://picsum.photos/seed/movie106/300/450,"A anime story set against a backdrop of love, directed by F. Bianchi."
107,Shadow Storm (2007),Action|Fantasy,2007,C. Beaumont,"Theo Nakamura, Layla Hassan, Owen Brandt",movie,56,https://picsum.photos/seed/movie107/300/450,"A action story set against a backdrop of survival, directed by C. Beaumont."
108,Shadow City (2023),Sci-Fi|Animation|Anime,2023,J. Whitfield,"Zara Mensah, Lucas Reiner, Ines Duarte",movie,114,https://picsum.photos/seed/movie108/300/450,"A sci-fi story set against a backdrop of betrayal, directed by J. Whitfield."
109,Silent Garden (2000),Mystery|Animation|War,2000,N. Osei,"Tobias Kane, Jonah Pierce, Priya Anand",movie,128,https://picsum.photos/seed/movie109/300/450,"A mystery story set against a backdrop of discovery, directed by N. Osei."
110,Crimson Inferno (1997),War|Thriller|Crime,1997,R. Castellano,"Lucas Reiner, Elias Foster, Theo Nakamura",tv_show,171,https://picsum.photos/seed/movie110/300/450,"A war story set against a backdrop of discovery, directed by R. Castellano."
111,Distant Code (1993),Horror|Adventure|Comedy,1993,A. Tarkov,"Sofia Bellucci, Theo Nakamura, Tobias Kane",tv_show,85,https://picsum.photos/seed/movie111/300/450,"A horror story set against a backdrop of betrayal, directed by A. Tarkov."
112,Burning Echo (2001),Comedy|Action,2001,L. Okafor,"Zara Mensah, Felix Marchetti, Marcus Webb",movie,110,https://picsum.photos/seed/movie112/300/450,"A comedy story set against a backdrop of war, directed by L. Okafor."
113,Shadow Paradox (1994),Adventure|Thriller,1994,F. Bianchi,"Layla Hassan, Kira Solberg, Lucas Reiner",tv_show,126,https://picsum.photos/seed/movie113/300/450,"A adventure story set against a backdrop of betrayal, directed by F. Bianchi."
114,Shadow Rebellion (2000),Sci-Fi,2000,N. Osei,"Tobias Kane, Ines Duarte, Owen Brandt",movie,47,https://picsum.photos/seed/movie114/300/450,"A sci-fi story set against a backdrop of love, directed by N. Osei."
115,Distant Symphony (2011),Sci-Fi|Animation,2011,J. Whitfield,"Layla Hassan, Daniel Cho, Priya Anand",movie,49,https://picsum.photos/seed/movie115/300/450,"A sci-fi story set against a backdrop of survival, directed by J. Whitfield."
116,Hidden Voyage (1996),Drama|Romance|Documentary,1996,L. Okafor,"Ava Solano, Sofia Bellucci, Daniel Cho",tv_show,39,https://picsum.photos/seed/movie116/300/450,"A drama story set against a backdrop of love, directed by L. Okafor."
117,Golden Republic (2018),Anime|War|Sci-Fi,2018,H. Park,"Kira Solberg, Layla Hassan, Tobias Kane",movie,37,https://picsum.photos/seed/movie117/300/450,"A anime story set against a backdrop of discovery, directed by H. Park."
118,Golden Kingdom (2012),Horror|Fantasy,2012,K. Lindqvist,"Priya Anand, Theo Nakamura, Ines Duarte",movie,34,https://picsum.photos/seed/movie118/300/450,"A horror story set against a backdrop of betrayal, directed by K. Lindqvist."
119,Dark Code (2022),Animation|Musical,2022,P. Novak,"Ines Duarte, Kira Solberg, Felix Marchetti",documentary,30,https://picsum.photos/seed/movie119/300/450,"A animation story set against a backdrop of discovery, directed by P. Novak."
120,Burning Inferno (1999),Drama|Mystery|Horror,1999,A. Tarkov,"Ines Duarte, Elias Foster, Layla Hassan",documentary,41,https://picsum.photos/seed/movie120/300/450,"A drama story set against a backdrop of survival, directed by A. Tarkov."
121,Frozen Paradox (2023),Documentary|Adventure|Comedy,2023,K. Lindqvist,"Tobias Kane, Daniel Cho, Owen Brandt",movie,92,https://picsum.photos/seed/movie121/300/450,"A documentary story set against a backdrop of discovery, directed by K. Lindqvist."
122,Forgotten City (2011),Mystery|Adventure,2011,M. Sorrento,"Felix Marchetti, Zara Mensah, Theo Nakamura",movie,174,https://picsum.photos/seed/movie122/300/450,"A mystery story set against a backdrop of love, directed by M. Sorrento."
123,Rising Symphony (2015),Animation|Crime,2015,L. Okafor,"Tobias Kane, Priya Anand, Theo Nakamura",tv_show,104,https://picsum.photos/seed/movie123/300/450,"A animation story set against a backdrop of love, directed by L. Okafor."
124,Sacred Inferno (2013),Musical|Animation|Mystery,2013,A. Tarkov,"Owen Brandt, Theo Nakamura, Daniel Cho",documentary,107,https://picsum.photos/seed/movie124/300/450,"A musical story set against a backdrop of discovery, directed by A. Tarkov."
125,Hidden Garden (1994),Family,1994,S. Yamada,"Elias Foster, Rosa Delgado, Felix Marchetti",anime,154,https://picsum.photos/seed/movie125/300/450,"A family story set against a backdrop of war, directed by S. Yamada."
126,Distant Garden (2000),Mystery|Crime|Horror,2000,L. Okafor,"Tobias Kane, Daniel Cho, Ines Duarte",movie,113,https://picsum.photos/seed/movie126/300/450,"A mystery story set against a backdrop of ambition, directed by L. Okafor."
127,Lost Paradox (2004),Family|War|Horror,2004,K. Lindqvist,"Marcus Webb, Theo Nakamura, Sam Whitaker",anime,69,https://picsum.photos/seed/movie127/300/450,"A family story set against a backdrop of betrayal, directed by K. Lindqvist."
128,Lost Dynasty (2022),War|Musical|Sci-Fi,2022,K. Lindqvist,"Lucas Reiner, Daniel Cho, Sofia Bellucci",anime,55,https://picsum.photos/seed/movie128/300/450,"A war story set against a backdrop of betrayal, directed by K. Lindqvist."
129,Rising Odyssey (1996),Anime,1996,C. Beaumont,"Rosa Delgado, Elias Foster, Theo Nakamura",movie,61,https://picsum.photos/seed/movie129/300/450,"A anime story set against a backdrop of betrayal, directed by C. Beaumont."
130,Sacred City (2004),Musical|Crime,2004,F. Bianchi,"Ines Duarte, Owen Brandt, Maya Linden",movie,121,https://picsum.photos/seed/movie130/300/450,"A musical story set against a backdrop of survival, directed by F. Bianchi."
131,Last Frontier (2004),Family|Sci-Fi,2004,A. Tarkov,"Layla Hassan, Elias Foster, Tobias Kane",tv_show,55,https://picsum.photos/seed/movie131/300/450,"A family story set against a backdrop of war, directed by A. Tarkov."
132,Burning Paradox (1990),Anime|Crime,1990,E. Lindgren,"Priya Anand, Maya Linden, Ava Solano",movie,58,https://picsum.photos/seed/movie132/300/450,"A anime story set against a backdrop of survival, directed by E. Lindgren."
133,Lost Voyage (2009),Musical|Thriller|Adventure,2009,M. Sorrento,"Jonah Pierce, Marcus Webb, Lucas Reiner",tv_show,179,https://picsum.photos/seed/movie133/300/450,"A musical story set against a backdrop of discovery, directed by M. Sorrento."
134,Burning Code (2024),Comedy,2024,A. Tarkov,"Rosa Delgado, Kira Solberg, Marcus Webb",tv_show,94,https://picsum.photos/seed/movie134/300/450,"A comedy story set against a backdrop of discovery, directed by A. Tarkov."
135,Midnight Republic (2016),Romance,2016,L. Okafor,"Priya Anand, Rosa Delgado, Owen Brandt",movie,154,https://picsum.photos/seed/movie135/300/450,"A romance story set against a backdrop of survival, directed by L. Okafor."
136,Burning Kingdom (2014),Musical|Action|Drama,2014,R. Castellano,"Ava Solano, Maya Linden, Owen Brandt",tv_show,108,https://picsum.photos/seed/movie136/300/450,"A musical story set against a backdrop of love, directed by R. Castellano."
137,Silent Frontier (2024),Comedy|Mystery|Animation,2024,R. Castellano,"Daniel Cho, Ines Duarte, Sam Whitaker",tv_show,54,https://picsum.photos/seed/movie137/300/450,"A comedy story set against a backdrop of war, directed by R. Castellano."
138,Crimson Kingdom (2002),War|Adventure|Crime,2002,E. Lindgren,"Jonah Pierce, Layla Hassan, Theo Nakamura",movie,159,https://picsum.photos/seed/movie138/300/450,"A war story set against a backdrop of discovery, directed by E. Lindgren."
139,Lost Frontier (1993),Adventure|Drama,1993,F. Bianchi,"Layla Hassan, Ava Solano, Elias Foster",tv_show,131,https://picsum.photos/seed/movie139/300/450,"A adventure story set against a backdrop of discovery, directed by F. Bianchi."
140,Broken Sanctuary (2021),War|Sci-Fi|Documentary,2021,R. Castellano,"Rosa Delgado, Ava Solano, Priya Anand",tv_show,40,https://picsum.photos/seed/movie140/300/450,"A war story set against a backdrop of discovery, directed by R. Castellano."
141,Eternal City (2010),Documentary|Horror|Musical,2010,H. Park,"Theo Nakamura, Tobias Kane, Ines Duarte",tv_show,129,https://picsum.photos/seed/movie141/300/450,"A documentary story set against a backdrop of love, directed by H. Park."
142,Silent Frontier (2017),War|Romance|Family,2017,S. Yamada,"Jonah Pierce, Priya Anand, Zara Mensah",movie,60,https://picsum.photos/seed/movie142/300/450,"A war story set against a backdrop of war, directed by S. Yamada."
143,Silent Garden (1994),War,1994,J. Whitfield,"Owen Brandt, Tobias Kane, Zara Mensah",documentary,28,https://picsum.photos/seed/movie143/300/450,"A war story set against a backdrop of survival, directed by J. Whitfield."
144,Rising Frontier (2018),War,2018,N. Osei,"Priya Anand, Kira Solberg, Nina Kowalski",movie,121,https://picsum.photos/seed/movie144/300/450,"A war story set against a backdrop of betrayal, directed by N. Osei."
145,Shadow Storm (2021),Fantasy|Family|Adventure,2021,K. Lindqvist,"Zara Mensah, Felix Marchetti, Elias Foster",movie,86,https://picsum.photos/seed/movie145/300/450,"A fantasy story set against a backdrop of ambition, directed by K. Lindqvist."
146,Burning Legacy (1997),Drama|Horror,1997,L. Okafor,"Priya Anand, Ines Duarte, Daniel Cho",anime,133,https://picsum.photos/seed/movie146/300/450,"A drama story set against a backdrop of war, directed by L. Okafor."
147,Last Odyssey (2024),Mystery|Romance|Anime,2024,S. Yamada,"Theo Nakamura, Daniel Cho, Kira Solberg",tv_show,150,https://picsum.photos/seed/movie147/300/450,"A mystery story set against a backdrop of love, directed by S. Yamada."
148,Hidden Voyage (2021),Drama,2021,A. Tarkov,"Owen Brandt, Felix Marchetti, Tobias Kane",movie,161,https://picsum.photos/seed/movie148/300/450,"A drama story set against a backdrop of love, directed by A. Tarkov."
149,Distant Sanctuary (2023),Animation|Musical|Crime,2023,P. Novak,"Lucas Reiner, Kira Solberg, Priya Anand",movie,101,https://picsum.photos/seed/movie149/300/450,"A animation story set against a backdrop of ambition, directed by P. Novak."
150,Frozen Inferno (2012),War,2012,L. Okafor,"Felix Marchetti, Kira Solberg, Daniel Cho",tv_show,53,https://picsum.photos/seed/movie150/300/450,"A war story set against a backdrop of discovery, directed by L. Okafor."
151,Hidden Symphony (2000),Adventure|Comedy|Fantasy,2000,L. Okafor,"Layla Hassan, Marcus Webb, Owen Brandt",documentary,152,https://picsum.photos/seed/movie151/300/450,"A adventure story set against a backdrop of betrayal, directed by L. Okafor."
152,Crimson Odyssey (2007),Fantasy,2007,L. Okafor,"Theo Nakamura, Felix Marchetti, Priya Anand",movie,63,https://picsum.photos/seed/movie152/300/450,"A fantasy story set against a backdrop of survival, directed by L. Okafor."
153,Dark Code (2011),Crime|Documentary|Mystery,2011,F. Bianchi,"Kira Solberg, Jonah Pierce, Maya Linden",movie,167,https://picsum.photos/seed/movie153/300/450,"A crime story set against a backdrop of betrayal, directed by F. Bianchi."
154,Shadow Sanctuary (2024),Drama|Thriller|Horror,2024,S. Yamada,"Theo Nakamura, Sam Whitaker, Marcus Webb",anime,123,https://picsum.photos/seed/movie154/300/450,"A drama story set against a backdrop of betrayal, directed by S. Yamada."
155,Broken Paradox (2016),Animation|Adventure,2016,T. Adeyemi,"Ines Duarte, Sofia Bellucci, Layla Hassan",tv_show,100,https://picsum.photos/seed/movie155/300/450,"A animation story set against a backdrop of ambition, directed by T. Adeyemi."
156,Hidden Frontier (2022),Romance|Sci-Fi,2022,K. Lindqvist,"Elias Foster, Layla Hassan, Marcus Webb",movie,88,https://picsum.photos/seed/movie156/300/450,"A romance story set against a backdrop of discovery, directed by K. Lindqvist."
157,Eternal Kingdom (2008),Crime,2008,P. Novak,"Tobias Kane, Lucas Reiner, Marcus Webb",documentary,60,https://picsum.photos/seed/movie157/300/450,"A crime story set against a backdrop of betrayal, directed by P. Novak."
158,Broken Sanctuary (2022),Mystery|Drama|Sci-Fi,2022,T. Adeyemi,"Sam Whitaker, Theo Nakamura, Tobias Kane",movie,120,https://picsum.photos/seed/movie158/300/450,"A mystery story set against a backdrop of survival, directed by T. Adeyemi."
159,Golden Frontier (1993),Family|Drama,1993,A. Tarkov,"Theo Nakamura, Sam Whitaker, Kira Solberg",movie,22,https://picsum.photos/seed/movie159/300/450,"A family story set against a backdrop of war, directed by A. Tarkov."
160,Rising Dynasty (2013),Crime|Fantasy,2013,A. Tarkov,"Zara Mensah, Jonah Pierce, Felix Marchetti",movie,161,https://picsum.photos/seed/movie160/300/450,"A crime story set against a backdrop of betrayal, directed by A. Tarkov."
161,Quiet Paradox (2025),Sci-Fi,2025,S. Yamada,"Tobias Kane, Elias Foster, Nina Kowalski",documentary,120,https://picsum.photos/seed/movie161/300/450,"A sci-fi story set against a backdrop of betrayal, directed by S. Yamada."
162,Crimson Code (2022),Romance|Crime,2022,P. Novak,"Rosa Delgado, Jonah Pierce, Kira Solberg",movie,105,https://picsum.photos/seed/movie162/300/450,"A romance story set against a backdrop of discovery, directed by P. Novak."
163,Quiet Garden (2010),War|Crime|Horror,2010,E. Lindgren,"Tobias Kane, Layla Hassan, Daniel Cho",movie,177,https://picsum.photos/seed/movie163/300/450,"A war story set against a backdrop of ambition, directed by E. Lindgren."
164,Golden Symphony (2020),Mystery|Anime,2020,F. Bianchi,"Maya Linden, Owen Brandt, Layla Hassan",tv_show,126,https://picsum.photos/seed/movie164/300/450,"A mystery story set against a backdrop of survival, directed by F. Bianchi."
165,Iron Republic (2026),Action|Anime,2026,J. Whitfield,"Jonah Pierce, Kira Solberg, Sam Whitaker",movie,178,https://picsum.photos/seed/movie165/300/450,"A action story set against a backdrop of discovery, directed by J. Whitfield."
166,Silent Republic (1997),Family,1997,J. Whitfield,"Maya Linden, Ines Duarte, Layla Hassan",movie,125,https://picsum.photos/seed/movie166/300/450,"A family story set against a backdrop of ambition, directed by J. Whitfield."
167,Quiet Code (2020),Thriller,2020,F. Bianchi,"Jonah Pierce, Nina Kowalski, Rosa Delgado",movie,103,https://picsum.photos/seed/movie167/300/450,"A thriller story set against a backdrop of ambition, directed by F. Bianchi."
168,Forgotten Storm (2019),Musical|Sci-Fi,2019,E. Lindgren,"Felix Marchetti, Layla Hassan, Tobias Kane",movie,87,https://picsum.photos/seed/movie168/300/450,"A musical story set against a backdrop of survival, directed by E. Lindgren."
169,Iron Odyssey (2009),Drama|Family,2009,J. Whitfield,"Theo Nakamura, Tobias Kane, Sofia Bellucci",tv_show,145,https://picsum.photos/seed/movie169/300/450,"A drama story set against a backdrop of betrayal, directed by J. Whitfield."
170,Lost Empire (2026),Romance|Fantasy,2026,H. Park,"Felix Marchetti, Zara Mensah, Kira Solberg",anime,57,https://picsum.photos/seed/movie170/300/450,"A romance story set against a backdrop of betrayal, directed by H. Park."
171,Last Frontier (2018),Horror,2018,H. Park,"Ava Solano, Sam Whitaker, Sofia Bellucci",movie,157,https://picsum.photos/seed/movie171/300/450,"A horror story set against a backdrop of betrayal, directed by H. Park."
172,Dark Republic (2005),Fantasy|Crime|Adventure,2005,J. Whitfield,"Jonah Pierce, Rosa Delgado, Marcus Webb",tv_show,33,https://picsum.photos/seed/movie172/300/450,"A fantasy story set against a backdrop of war, directed by J. Whitfield."
173,Eternal Garden (1990),Mystery|Anime,1990,K. Lindqvist,"Daniel Cho, Lucas Reiner, Sam Whitaker",movie,71,https://picsum.photos/seed/movie173/300/450,"A mystery story set against a backdrop of betrayal, directed by K. Lindqvist."
174,Last Republic (2004),Horror|Adventure,2004,K. Lindqvist,"Jonah Pierce, Daniel Cho, Lucas Reiner",anime,65,https://picsum.photos/seed/movie174/300/450,"A horror story set against a backdrop of war, directed by K. Lindqvist."
175,Lost Kingdom (1990),Anime|Documentary,1990,S. Yamada,"Kira Solberg, Elias Foster, Layla Hassan",movie,159,https://picsum.photos/seed/movie175/300/450,"A anime story set against a backdrop of survival, directed by S. Yamada."
176,Iron Legacy (1997),Crime|War,1997,R. Castellano,"Daniel Cho, Ines Duarte, Ava Solano",tv_show,23,https://picsum.photos/seed/movie176/300/450,"A crime story set against a backdrop of ambition, directed by R. Castellano."
177,Broken Code (2015),Horror|Drama,2015,F. Bianchi,"Lucas Reiner, Rosa Delgado, Layla Hassan",movie,44,https://picsum.photos/seed/movie177/300/450,"A horror story set against a backdrop of love, directed by F. Bianchi."
178,Forgotten Voyage (1990),Anime,1990,S. Yamada,"Zara Mensah, Marcus Webb, Ines Duarte",tv_show,104,https://picsum.photos/seed/movie178/300/450,"A anime story set against a backdrop of betrayal, directed by S. Yamada."
179,Rising Voyage (1993),Action|Fantasy|Mystery,1993,H. Park,"Elias Foster, Ines Duarte, Theo Nakamura",movie,148,https://picsum.photos/seed/movie179/300/450,"A action story set against a backdrop of ambition, directed by H. Park."
180,Rising Code (2004),Comedy|Horror,2004,J. Whitfield,"Nina Kowalski, Sam Whitaker, Tobias Kane",movie,175,https://picsum.photos/seed/movie180/300/450,"A comedy story set against a backdrop of betrayal, directed by J. Whitfield."
181,Midnight Code (1995),Anime|Drama,1995,K. Lindqvist,"Ines Duarte, Rosa Delgado, Owen Brandt",movie,164,https://picsum.photos/seed/movie181/300/450,"A anime story set against a backdrop of war, directed by K. Lindqvist."
182,Crimson Republic (2024),Musical,2024,L. Okafor,"Daniel Cho, Layla Hassan, Rosa Delgado",movie,72,https://picsum.photos/seed/movie182/300/450,"A musical story set against a backdrop of ambition, directed by L. Okafor."
183,Quiet Paradox (1993),Anime|Animation|War,1993,T. Adeyemi,"Nina Kowalski, Rosa Delgado, Lucas Reiner",movie,34,https://picsum.photos/seed/movie183/300/450,"A anime story set against a backdrop of survival, directed by T. Adeyemi."
184,Distant Protocol (1990),Horror|Action,1990,C. Beaumont,"Sofia Bellucci, Kira Solberg, Priya Anand",movie,108,https://picsum.photos/seed/movie184/300/450,"A horror story set against a backdrop of ambition, directed by C. Beaumont."
185,Last Sanctuary (1992),Adventure,1992,S. Yamada,"Lucas Reiner, Daniel Cho, Nina Kowalski",tv_show,127,https://picsum.photos/seed/movie185/300/450,"A adventure story set against a backdrop of betrayal, directed by S. Yamada."
186,Distant City (2024),War|Sci-Fi,2024,L. Okafor,"Owen Brandt, Elias Foster, Daniel Cho",documentary,120,https://picsum.photos/seed/movie186/300/450,"A war story set against a backdrop of survival, directed by L. Okafor."
187,Shadow Horizon (2009),Family,2009,T. Adeyemi,"Felix Marchetti, Lucas Reiner, Tobias Kane",movie,78,https://picsum.photos/seed/movie187/300/450,"A family story set against a backdrop of love, directed by T. Adeyemi."
188,Iron Legacy (1997),Romance|Crime,1997,A. Tarkov,"Lucas Reiner, Maya Linden, Marcus Webb",movie,45,https://picsum.photos/seed/movie188/300/450,"A romance story set against a backdrop of survival, directed by A. Tarkov."
189,Dark Kingdom (2005),War,2005,C. Beaumont,"Jonah Pierce, Zara Mensah, Ines Duarte",movie,75,https://picsum.photos/seed/movie189/300/450,"A war story set against a backdrop of war, directed by C. Beaumont."
190,Lost Voyage (2026),Musical,2026,R. Castellano,"Kira Solberg, Layla Hassan, Marcus Webb",movie,56,https://picsum.photos/seed/movie190/300/450,"A musical story set against a backdrop of ambition, directed by R. Castellano."
191,Iron Kingdom (2025),Family|Thriller|Crime,2025,D. Mercer,"Daniel Cho, Lucas Reiner, Felix Marchetti",movie,108,https://picsum.photos/seed/movie191/300/450,"A family story set against a backdrop of ambition, directed by D. Mercer."
192,Sacred Echo (1999),Sci-Fi|Mystery|Romance,1999,S. Yamada,"Zara Mensah, Daniel Cho, Felix Marchetti",movie,77,https://picsum.photos/seed/movie192/300/450,"A sci-fi story set against a backdrop of betrayal, directed by S. Yamada."
193,Silent Odyssey (2016),Crime|War|Anime,2016,P. Novak,"Felix Marchetti, Rosa Delgado, Nina Kowalski",movie,85,https://picsum.photos/seed/movie193/300/450,"A crime story set against a backdrop of love, directed by P. Novak."
194,Rising City (2024),Animation|War,2024,C. Beaumont,"Sofia Bellucci, Jonah Pierce, Ava Solano",movie,174,https://picsum.photos/seed/movie194/300/450,"A animation story set against a backdrop of survival, directed by C. Beaumont."
195,Crimson Republic (2025),Animation,2025,J. Whitfield,"Sam Whitaker, Sofia Bellucci, Layla Hassan",movie,23,https://picsum.photos/seed/movie195/300/450,"A animation story set against a backdrop of love, directed by J. Whitfield."
196,Burning Voyage (2003),Comedy,2003,P. Novak,"Marcus Webb, Felix Marchetti, Layla Hassan",tv_show,117,https://picsum.photos/seed/movie196/300/450,"A comedy story set against a backdrop of discovery, directed by P. Novak."
197,Rising Inferno (2021),Romance|Horror|Crime,2021,T. Adeyemi,"Elias Foster, Sam Whitaker, Layla Hassan",anime,114,https://picsum.photos/seed/movie197/300/450,"A romance story set against a backdrop of betrayal, directed by T. Adeyemi."
198,Hidden Horizon (2006),Adventure|Family,2006,K. Lindqvist,"Kira Solberg, Tobias Kane, Lucas Reiner",movie,70,https://picsum.photos/seed/movie198/300/450,"A adventure story set against a backdrop of betrayal, directed by K. Lindqvist."
199,Golden Voyage (2021),Sci-Fi,2021,K. Lindqvist,"Layla Hassan, Ava Solano, Sam Whitaker",documentary,145,https://picsum.photos/seed/movie199/300/450,"A sci-fi story set against a backdrop of discovery, directed by K. Lindqvist."
200,Broken Garden (2024),Romance,2024,T. Adeyemi,"Daniel Cho, Felix Marchetti, Jonah Pierce",movie,39,https://picsum.photos/seed/movie200/300/450,"A romance story set against a backdrop of ambition, directed by T. Adeyemi."
201,Sacred Garden (2004),Action,2004,M. Sorrento,"Nina Kowalski, Maya Linden, Sofia Bellucci",movie,115,https://picsum.photos/seed/movie201/300/450,"A action story set against a backdrop of war, directed by M. Sorrento."
202,Shadow Odyssey (2025),Anime|Musical|Action,2025,P. Novak,"Maya Linden, Tobias Kane, Rosa Delgado",tv_show,157,https://picsum.photos/seed/movie202/300/450,"A anime story set against a backdrop of betrayal, directed by P. Novak."
203,Sacred Storm (1996),Musical,1996,E. Lindgren,"Elias Foster, Rosa Delgado, Nina Kowalski",movie,178,https://picsum.photos/seed/movie203/300/450,"A musical story set against a backdrop of survival, directed by E. Lindgren."
204,Distant City (2013),Romance|Fantasy,2013,P. Novak,"Ines Duarte, Kira Solberg, Marcus Webb",documentary,77,https://picsum.photos/seed/movie204/300/450,"A romance story set against a backdrop of betrayal, directed by P. Novak."
205,Distant Dynasty (2014),Animation|Adventure|Anime,2014,K. Lindqvist,"Sam Whitaker, Jonah Pierce, Maya Linden",tv_show,41,https://picsum.photos/seed/movie205/300/450,"A animation story set against a backdrop of discovery, directed by K. Lindqvist."
206,Quiet Kingdom (2004),Mystery|Comedy,2004,J. Whitfield,"Kira Solberg, Sam Whitaker, Ava Solano",movie,39,https://picsum.photos/seed/movie206/300/450,"A mystery story set against a backdrop of ambition, directed by J. Whitfield."
207,Forgotten Horizon (2003),Adventure|Documentary,2003,D. Mercer,"Nina Kowalski, Zara Mensah, Priya Anand",movie,164,https://picsum.photos/seed/movie207/300/450,"A adventure story set against a backdrop of love, directed by D. Mercer."
208,Hidden City (2022),Sci-Fi|Mystery|Drama,2022,C. Beaumont,"Owen Brandt, Jonah Pierce, Elias Foster",movie,39,https://picsum.photos/seed/movie208/300/450,"A sci-fi story set against a backdrop of betrayal, directed by C. Beaumont."
209,Iron Paradox (2021),Sci-Fi|Mystery|Action,2021,J. Whitfield,"Owen Brandt, Felix Marchetti, Zara Mensah",movie,169,https://picsum.photos/seed/movie209/300/450,"A sci-fi story set against a backdrop of ambition, directed by J. Whitfield."
210,Midnight City (1995),Animation|Horror,1995,S. Yamada,"Nina Kowalski, Zara Mensah, Tobias Kane",tv_show,101,https://picsum.photos/seed/movie210/300/450,"A animation story set against a backdrop of betrayal, directed by S. Yamada."
211,Shadow Symphony (2018),Animation,2018,R. Castellano,"Ava Solano, Elias Foster, Nina Kowalski",movie,130,https://picsum.photos/seed/movie211/300/450,"A animation story set against a backdrop of discovery, directed by R. Castellano."
212,Shadow City (2012),Musical|Thriller|Adventure,2012,K. Lindqvist,"Priya Anand, Layla Hassan, Zara Mensah",movie,125,https://picsum.photos/seed/movie212/300/450,"A musical story set against a backdrop of discovery, directed by K. Lindqvist."
213,Golden Inferno (2000),Family,2000,H. Park,"Zara Mensah, Daniel Cho, Nina Kowalski",movie,88,https://picsum.photos/seed/movie213/300/450,"A family story set against a backdrop of discovery, directed by H. Park."
214,Broken Echo (2007),Animation,2007,P. Novak,"Theo Nakamura, Sam Whitaker, Priya Anand",movie,83,https://picsum.photos/seed/movie214/300/450,"A animation story set against a backdrop of ambition, directed by P. Novak."
215,Eternal Garden (2009),Anime|Drama|Family,2009,A. Tarkov,"Zara Mensah, Layla Hassan, Tobias Kane",anime,104,https://picsum.photos/seed/movie215/300/450,"A anime story set against a backdrop of discovery, directed by A. Tarkov."
216,Lost Rebellion (2002),Thriller|Crime,2002,T. Adeyemi,"Layla Hassan, Daniel Cho, Zara Mensah",documentary,94,https://picsum.photos/seed/movie216/300/450,"A thriller story set against a backdrop of ambition, directed by T. Adeyemi."
217,Distant Protocol (2015),Anime|Family|Documentary,2015,R. Castellano,"Elias Foster, Kira Solberg, Sofia Bellucci",tv_show,159,https://picsum.photos/seed/movie217/300/450,"A anime story set against a backdrop of love, directed by R. Castellano."
218,Crimson Paradox (2008),Action|War|Romance,2008,F. Bianchi,"Priya Anand, Lucas Reiner, Sam Whitaker",movie,97,https://picsum.photos/seed/movie218/300/450,"A action story set against a backdrop of love, directed by F. Bianchi."
219,Distant City (2018),Crime|Thriller,2018,D. Mercer,"Sam Whitaker, Kira Solberg, Zara Mensah",movie,127,https://picsum.photos/seed/movie219/300/450,"A crime story set against a backdrop of survival, directed by D. Mercer."
220,Endless Code (1995),Romance,1995,M. Sorrento,"Marcus Webb, Owen Brandt, Daniel Cho",tv_show,31,https://picsum.photos/seed/movie220/300/450,"A romance story set against a backdrop of survival, directed by M. Sorrento."
221,Sacred Empire (1990),Sci-Fi|Mystery|Musical,1990,M. Sorrento,"Ava Solano, Marcus Webb, Rosa Delgado",tv_show,162,https://picsum.photos/seed/movie221/300/450,"A sci-fi story set against a backdrop of survival, directed by M. Sorrento."
222,Distant Paradox (2022),Family|War|Documentary,2022,L. Okafor,"Owen Brandt, Maya Linden, Sam Whitaker",movie,126,https://picsum.photos/seed/movie222/300/450,"A family story set against a backdrop of war, directed by L. Okafor."
223,Rising Symphony (2011),Crime,2011,T. Adeyemi,"Sofia Bellucci, Rosa Delgado, Sam Whitaker",movie,44,https://picsum.photos/seed/movie223/300/450,"A crime story set against a backdrop of discovery, directed by T. Adeyemi."
224,Lost Kingdom (1997),War|Mystery|Adventure,1997,A. Tarkov,"Layla Hassan, Elias Foster, Daniel Cho",documentary,82,https://picsum.photos/seed/movie224/300/450,"A war story set against a backdrop of survival, directed by A. Tarkov."
225,Forgotten Odyssey (2017),Documentary,2017,T. Adeyemi,"Marcus Webb, Zara Mensah, Daniel Cho",movie,130,https://picsum.photos/seed/movie225/300/450,"A documentary story set against a backdrop of discovery, directed by T. Adeyemi."
226,Frozen Republic (2017),Drama,2017,P. Novak,"Maya Linden, Sofia Bellucci, Kira Solberg",movie,36,https://picsum.photos/seed/movie226/300/450,"A drama story set against a backdrop of survival, directed by P. Novak."
227,Rising Rebellion (2002),Documentary,2002,T. Adeyemi,"Elias Foster, Ava Solano, Sam Whitaker",movie,100,https://picsum.photos/seed/movie227/300/450,"A documentary story set against a backdrop of survival, directed by T. Adeyemi."
228,Rising Frontier (2019),Sci-Fi|Comedy,2019,D. Mercer,"Daniel Cho, Theo Nakamura, Priya Anand",tv_show,100,https://picsum.photos/seed/movie228/300/450,"A sci-fi story set against a backdrop of war, directed by D. Mercer."
229,Eternal Storm (2013),Horror,2013,C. Beaumont,"Nina Kowalski, Rosa Delgado, Zara Mensah",movie,55,https://picsum.photos/seed/movie229/300/450,"A horror story set against a backdrop of survival, directed by C. Beaumont."
230,Burning Odyssey (2001),Thriller|Documentary,2001,K. Lindqvist,"Daniel Cho, Sam Whitaker, Theo Nakamura",movie,100,https://picsum.photos/seed/movie230/300/450,"A thriller story set against a backdrop of discovery, directed by K. Lindqvist."
231,Burning Garden (2002),Adventure|Romance|Action,2002,F. Bianchi,"Zara Mensah, Felix Marchetti, Rosa Delgado",tv_show,124,https://picsum.photos/seed/movie231/300/450,"A adventure story set against a backdrop of ambition, directed by F. Bianchi."
232,Burning Storm (1995),Thriller|War,1995,D. Mercer,"Maya Linden, Marcus Webb, Theo Nakamura",movie,77,https://picsum.photos/seed/movie232/300/450,"A thriller story set against a backdrop of survival, directed by D. Mercer."
233,Golden Sanctuary (2025),Documentary|War,2025,K. Lindqvist,"Elias Foster, Kira Solberg, Tobias Kane",movie,159,https://picsum.photos/seed/movie233/300/450,"A documentary story set against a backdrop of betrayal, directed by K. Lindqvist."
234,Crimson Echo (1996),Adventure|War|Fantasy,1996,C. Beaumont,"Marcus Webb, Theo Nakamura, Jonah Pierce",movie,109,https://picsum.photos/seed/movie234/300/450,"A adventure story set against a backdrop of war, directed by C. Beaumont."
235,Crimson Republic (2012),Comedy|Family,2012,F. Bianchi,"Tobias Kane, Lucas Reiner, Daniel Cho",tv_show,72,https://picsum.photos/seed/movie235/300/450,"A comedy story set against a backdrop of love, directed by F. Bianchi."
236,Endless Protocol (2024),Romance,2024,L. Okafor,"Layla Hassan, Theo Nakamura, Kira Solberg",tv_show,151,https://picsum.photos/seed/movie236/300/450,"A romance story set against a backdrop of ambition, directed by L. Okafor."
237,Sacred Kingdom (2007),Crime,2007,F. Bianchi,"Nina Kowalski, Tobias Kane, Marcus Webb",movie,102,https://picsum.photos/seed/movie237/300/450,"A crime story set against a backdrop of love, directed by F. Bianchi."
238,Golden Protocol (2016),Sci-Fi|Anime|Animation,2016,P. Novak,"Ines Duarte, Priya Anand, Kira Solberg",movie,91,https://picsum.photos/seed/movie238/300/450,"A sci-fi story set against a backdrop of ambition, directed by P. Novak."
239,Forgotten Republic (1990),War|Anime,1990,F. Bianchi,"Priya Anand, Ines Duarte, Owen Brandt",anime,156,https://picsum.photos/seed/movie239/300/450,"A war story set against a backdrop of discovery, directed by F. Bianchi."
240,Crimson Sanctuary (2007),Thriller,2007,R. Castellano,"Theo Nakamura, Layla Hassan, Felix Marchetti",tv_show,164,https://picsum.photos/seed/movie240/300/450,"A thriller story set against a backdrop of discovery, directed by R. Castellano."
241,Eternal Paradox (1991),Adventure|Musical,1991,M. Sorrento,"Daniel Cho, Ines Duarte, Kira Solberg",movie,129,https://picsum.photos/seed/movie241/300/450,"A adventure story set against a backdrop of love, directed by M. Sorrento."
242,Iron City (2013),Crime|Horror|Animation,2013,S. Yamada,"Priya Anand, Owen Brandt, Daniel Cho",movie,180,https://picsum.photos/seed/movie242/300/450,"A crime story set against a backdrop of betrayal, directed by S. Yamada."
243,Last Empire (1990),Family|Thriller|Mystery,1990,J. Whitfield,"Sam Whitaker, Priya Anand, Nina Kowalski",tv_show,152,https://picsum.photos/seed/movie243/300/450,"A family story set against a backdrop of ambition, directed by J. Whitfield."
244,Forgotten Empire (2017),Action|Musical,2017,C. Beaumont,"Nina Kowalski, Sam Whitaker, Priya Anand",movie,42,https://picsum.photos/seed/movie244/300/450,"A action story set against a backdrop of ambition, directed by C. Beaumont."
245,Forgotten Frontier (2009),Comedy,2009,L. Okafor,"Zara Mensah, Nina Kowalski, Kira Solberg",movie,164,https://picsum.photos/seed/movie245/300/450,"A comedy story set against a backdrop of war, directed by L. Okafor."
246,Crimson Garden (2016),Documentary|War|Musical,2016,D. Mercer,"Ines Duarte, Sofia Bellucci, Priya Anand",anime,55,https://picsum.photos/seed/movie246/300/450,"A documentary story set against a backdrop of war, directed by D. Mercer."
247,Forgotten Garden (2005),Sci-Fi|Romance|Drama,2005,S. Yamada,"Priya Anand, Marcus Webb, Felix Marchetti",tv_show,175,https://picsum.photos/seed/movie247/300/450,"A sci-fi story set against a backdrop of betrayal, directed by S. Yamada."
248,Quiet Code (2022),Action|Horror|Comedy,2022,J. Whitfield,"Zara Mensah, Theo Nakamura, Jonah Pierce",tv_show,81,https://picsum.photos/seed/movie248/300/450,"A action story set against a backdrop of discovery, directed by J. Whitfield."
249,Burning Code (1994),Comedy|Family,1994,K. Lindqvist,"Maya Linden, Owen Brandt, Layla Hassan",movie,165,https://picsum.photos/seed/movie249/300/450,"A comedy story set against a backdrop of discovery, directed by K. Lindqvist."
250,Last Horizon (1994),Documentary|Anime,1994,A. Tarkov,"Ava Solano, Sofia Bellucci, Jonah Pierce",documentary,121,https://picsum.photos/seed/movie250/300/450,"A documentary story set against a backdrop of survival, directed by A. Tarkov."
251,Sacred Dynasty (1995),Musical|Thriller,1995,H. Park,"Felix Marchetti, Tobias Kane, Nina Kowalski",movie,99,https://picsum.photos/seed/movie251/300/450,"A musical story set against a backdrop of war, directed by H. Park."
252,Forgotten Dynasty (1994),Drama|Crime|Fantasy,1994,S. Yamada,"Lucas Reiner, Marcus Webb, Jonah Pierce",movie,131,https://picsum.photos/seed/movie252/300/450,"A drama story set against a backdrop of war, directed by S. Yamada."
253,Broken Empire (1990),Adventure|Horror,1990,C. Beaumont,"Nina Kowalski, Maya Linden, Daniel Cho",movie,108,https://picsum.photos/seed/movie253/300/450,"A adventure story set against a backdrop of survival, directed by C. Beaumont."
254,Hidden Protocol (1997),Fantasy|Documentary|Anime,1997,N. Osei,"Maya Linden, Layla Hassan, Lucas Reiner",movie,36,https://picsum.photos/seed/movie254/300/450,"A fantasy story set against a backdrop of betrayal, directed by N. Osei."
255,Quiet Frontier (1993),Animation|Anime|Family,1993,T. Adeyemi,"Kira Solberg, Daniel Cho, Owen Brandt",movie,46,https://picsum.photos/seed/movie255/300/450,"A animation story set against a backdrop of survival, directed by T. Adeyemi."
256,Quiet Horizon (1992),Comedy|Family|Romance,1992,F. Bianchi,"Maya Linden, Marcus Webb, Jonah Pierce",movie,118,https://picsum.photos/seed/movie256/300/450,"A comedy story set against a backdrop of love, directed by F. Bianchi."
257,Endless Echo (2004),Adventure,2004,R. Castellano,"Marcus Webb, Lucas Reiner, Layla Hassan",movie,39,https://picsum.photos/seed/movie257/300/450,"A adventure story set against a backdrop of survival, directed by R. Castellano."
258,Broken Voyage (2023),Comedy|Adventure,2023,A. Tarkov,"Zara Mensah, Priya Anand, Ines Duarte",anime,99,https://picsum.photos/seed/movie258/300/450,"A comedy story set against a backdrop of betrayal, directed by A. Tarkov."
259,Shadow Frontier (2002),War,2002,S. Yamada,"Kira Solberg, Theo Nakamura, Marcus Webb",movie,171,https://picsum.photos/seed/movie259/300/450,"A war story set against a backdrop of discovery, directed by S. Yamada."
260,Hidden Horizon (2016),Family,2016,A. Tarkov,"Marcus Webb, Felix Marchetti, Owen Brandt",tv_show,22,https://picsum.photos/seed/movie260/300/450,"A family story set against a backdrop of betrayal, directed by A. Tarkov."
261,Lost Empire (2003),Sci-Fi,2003,K. Lindqvist,"Marcus Webb, Lucas Reiner, Sam Whitaker",documentary,56,https://picsum.photos/seed/movie261/300/450,"A sci-fi story set against a backdrop of ambition, directed by K. Lindqvist."
262,Midnight Inferno (2016),Animation|Adventure,2016,C. Beaumont,"Owen Brandt, Ines Duarte, Priya Anand",tv_show,149,https://picsum.photos/seed/movie262/300/450,"A animation story set against a backdrop of love, directed by C. Beaumont."
263,Golden Kingdom (2017),Sci-Fi|Animation|Horror,2017,H. Park,"Nina Kowalski, Marcus Webb, Theo Nakamura",movie,100,https://picsum.photos/seed/movie263/300/450,"A sci-fi story set against a backdrop of discovery, directed by H. Park."
264,Iron Voyage (1994),Mystery|Musical|Family,1994,J. Whitfield,"Nina Kowalski, Kira Solberg, Elias Foster",movie,62,https://picsum.photos/seed/movie264/300/450,"A mystery story set against a backdrop of discovery, directed by J. Whitfield."
265,Eternal Odyssey (2012),Mystery|Thriller,2012,N. Osei,"Sofia Bellucci, Ines Duarte, Theo Nakamura",movie,50,https://picsum.photos/seed/movie265/300/450,"A mystery story set against a backdrop of war, directed by N. Osei."
266,Dark Kingdom (2003),Horror,2003,F. Bianchi,"Layla Hassan, Nina Kowalski, Priya Anand",tv_show,111,https://picsum.photos/seed/movie266/300/450,"A horror story set against a backdrop of discovery, directed by F. Bianchi."
267,Broken Horizon (2015),Adventure|Horror|Crime,2015,F. Bianchi,"Ines Duarte, Felix Marchetti, Kira Solberg",movie,138,https://picsum.photos/seed/movie267/300/450,"A adventure story set against a backdrop of war, directed by F. Bianchi."
268,Shadow Kingdom (2004),Comedy,2004,L. Okafor,"Sofia Bellucci, Zara Mensah, Owen Brandt",tv_show,41,https://picsum.photos/seed/movie268/300/450,"A comedy story set against a backdrop of survival, directed by L. Okafor."
269,Last Legacy (2018),Fantasy|Animation|Action,2018,N. Osei,"Nina Kowalski, Priya Anand, Layla Hassan",movie,138,https://picsum.photos/seed/movie269/300/450,"A fantasy story set against a backdrop of war, directed by N. Osei."
270,Distant Sanctuary (1991),Thriller,1991,P. Novak,"Lucas Reiner, Daniel Cho, Owen Brandt",movie,67,https://picsum.photos/seed/movie270/300/450,"A thriller story set against a backdrop of betrayal, directed by P. Novak."
271,Silent Code (2005),War|Crime,2005,H. Park,"Theo Nakamura, Sam Whitaker, Lucas Reiner",anime,142,https://picsum.photos/seed/movie271/300/450,"A war story set against a backdrop of war, directed by H. Park."
272,Distant Garden (2016),Fantasy,2016,J. Whitfield,"Rosa Delgado, Marcus Webb, Felix Marchetti",tv_show,117,https://picsum.photos/seed/movie272/300/450,"A fantasy story set against a backdrop of ambition, directed by J. Whitfield."
273,Rising Republic (2022),Anime|Musical,2022,R. Castellano,"Zara Mensah, Ava Solano, Daniel Cho",movie,172,https://picsum.photos/seed/movie273/300/450,"A anime story set against a backdrop of love, directed by R. Castellano."
274,Silent Sanctuary (2023),Fantasy,2023,R. Castellano,"Kira Solberg, Marcus Webb, Daniel Cho",movie,81,https://picsum.photos/seed/movie274/300/450,"A fantasy story set against a backdrop of betrayal, directed by R. Castellano."
275,Distant Frontier (2001),Adventure|Family|Horror,2001,L. Okafor,"Marcus Webb, Kira Solberg, Layla Hassan",anime,111,https://picsum.photos/seed/movie275/300/450,"A adventure story set against a backdrop of survival, directed by L. Okafor."
276,Golden Republic (1999),Romance,1999,D. Mercer,"Sofia Bellucci, Sam Whitaker, Felix Marchetti",movie,145,https://picsum.photos/seed/movie276/300/450,"A romance story set against a backdrop of war, directed by D. Mercer."
277,Midnight Code (2004),Adventure,2004,A. Tarkov,"Rosa Delgado, Sam Whitaker, Maya Linden",movie,177,https://picsum.photos/seed/movie277/300/450,"A adventure story set against a backdrop of love, directed by A. Tarkov."
278,Broken Rebellion (1993),Mystery,1993,A. Tarkov,"Nina Kowalski, Kira Solberg, Tobias Kane",tv_show,154,https://picsum.photos/seed/movie278/300/450,"A mystery story set against a backdrop of betrayal, directed by A. Tarkov."
279,Distant Republic (1996),Romance,1996,R. Castellano,"Theo Nakamura, Layla Hassan, Nina Kowalski",documentary,131,https://picsum.photos/seed/movie279/300/450,"A romance story set against a backdrop of ambition, directed by R. Castellano."
280,Endless Code (2012),Mystery|Documentary,2012,J. Whitfield,"Kira Solberg, Daniel Cho, Zara Mensah",movie,95,https://picsum.photos/seed/movie280/300/450,"A mystery story set against a backdrop of love, directed by J. Whitfield."
281,Golden Dynasty (2026),Action,2026,A. Tarkov,"Daniel Cho, Layla Hassan, Marcus Webb",tv_show,46,https://picsum.photos/seed/movie281/300/450,"A action story set against a backdrop of discovery, directed by A. Tarkov."
282,Last Voyage (2012),Mystery,2012,R. Castellano,"Daniel Cho, Priya Anand, Layla Hassan",movie,87,https://picsum.photos/seed/movie282/300/450,"A mystery story set against a backdrop of love, directed by R. Castellano."
283,Rising Protocol (1996),Animation,1996,C. Beaumont,"Maya Linden, Jonah Pierce, Zara Mensah",movie,127,https://picsum.photos/seed/movie283/300/450,"A animation story set against a backdrop of love, directed by C. Beaumont."
284,Rising Odyssey (2014),Anime|Sci-Fi,2014,M. Sorrento,"Sam Whitaker, Kira Solberg, Marcus Webb",movie,38,https://picsum.photos/seed/movie284/300/450,"A anime story set against a backdrop of war, directed by M. Sorrento."
285,Iron Empire (1994),Action|Mystery,1994,R. Castellano,"Daniel Cho, Zara Mensah, Tobias Kane",tv_show,160,https://picsum.photos/seed/movie285/300/450,"A action story set against a backdrop of war, directed by R. Castellano."
286,Sacred Storm (2017),Anime|Action,2017,L. Okafor,"Jonah Pierce, Elias Foster, Layla Hassan",movie,68,https://picsum.photos/seed/movie286/300/450,"A anime story set against a backdrop of discovery, directed by L. Okafor."
287,Midnight Empire (1993),Fantasy|Horror|Crime,1993,P. Novak,"Kira Solberg, Felix Marchetti, Sam Whitaker",movie,112,https://picsum.photos/seed/movie287/300/450,"A fantasy story set against a backdrop of war, directed by P. Novak."
288,Dark Sanctuary (2002),Animation|Horror,2002,M. Sorrento,"Maya Linden, Sofia Bellucci, Daniel Cho",tv_show,40,https://picsum.photos/seed/movie288/300/450,"A animation story set against a backdrop of discovery, directed by M. Sorrento."
289,Distant Sanctuary (2021),Horror,2021,E. Lindgren,"Ava Solano, Priya Anand, Felix Marchetti",movie,114,https://picsum.photos/seed/movie289/300/450,"A horror story set against a backdrop of discovery, directed by E. Lindgren."
290,Silent Protocol (2018),Documentary|War,2018,T. Adeyemi,"Ava Solano, Marcus Webb, Tobias Kane",tv_show,58,https://picsum.photos/seed/movie290/300/450,"A documentary story set against a backdrop of ambition, directed by T. Adeyemi."
291,Rising Odyssey (2016),Comedy|Animation|Mystery,2016,N. Osei,"Kira Solberg, Marcus Webb, Felix Marchetti",movie,119,https://picsum.photos/seed/movie291/300/450,"A comedy story set against a backdrop of survival, directed by N. Osei."
292,Burning Symphony (1995),Anime|Family,1995,P. Novak,"Jonah Pierce, Rosa Delgado, Kira Solberg",anime,178,https://picsum.photos/seed/movie292/300/450,"A anime story set against a backdrop of love, directed by P. Novak."
293,Broken Storm (2003),War,2003,N. Osei,"Sofia Bellucci, Nina Kowalski, Jonah Pierce",movie,131,https://picsum.photos/seed/movie293/300/450,"A war story set against a backdrop of love, directed by N. Osei."
294,Last City (2014),Crime|Fantasy|Documentary,2014,K. Lindqvist,"Zara Mensah, Felix Marchetti, Layla Hassan",anime,153,https://picsum.photos/seed/movie294/300/450,"A crime story set against a backdrop of discovery, directed by K. Lindqvist."
295,Sacred Empire (2016),Musical,2016,L. Okafor,"Nina Kowalski, Kira Solberg, Elias Foster",documentary,164,https://picsum.photos/seed/movie295/300/450,"A musical story set against a backdrop of war, directed by L. Okafor."
296,Iron Dynasty (2021),Romance|Thriller,2021,D. Mercer,"Tobias Kane, Sam Whitaker, Jonah Pierce",movie,123,https://picsum.photos/seed/movie296/300/450,"A romance story set against a backdrop of love, directed by D. Mercer."
297,Forgotten Voyage (1993),Sci-Fi|Adventure|Drama,1993,C. Beaumont,"Sam Whitaker, Ava Solano, Owen Brandt",movie,97,https://picsum.photos/seed/movie297/300/450,"A sci-fi story set against a backdrop of betrayal, directed by C. Beaumont."
298,Midnight Garden (2009),Anime|Comedy,2009,C. Beaumont,"Ines Duarte, Layla Hassan, Ava Solano",tv_show,174,https://picsum.photos/seed/movie298/300/450,"A anime story set against a backdrop of ambition, directed by C. Beaumont."
299,Frozen Legacy (2016),Drama,2016,C. Beaumont,"Sam Whitaker, Rosa Delgado, Owen Brandt",anime,151,https://picsum.photos/seed/movie299/300/450,"A drama story set against a backdrop of love, directed by C. Beaumont."
300,Quiet Dynasty (1998),Horror,1998,N. Osei,"Rosa Delgado, Kira Solberg, Maya Linden",movie,71,https://picsum.photos/seed/movie300/300/450,"A horror story set against a backdrop of war, directed by N. Osei."
301,Frozen Kingdom (2013),Adventure,2013,C. Beaumont,"Sofia Bellucci, Ava Solano, Owen Brandt",anime,149,https://picsum.photos/seed/movie301/300/450,"A adventure story set against a backdrop of discovery, directed by C. Beaumont."
302,Rising Sanctuary (2018),Comedy|Action|Musical,2018,L. Okafor,"Sam Whitaker, Kira Solberg, Felix Marchetti",movie,61,https://picsum.photos/seed/movie302/300/450,"A comedy story set against a backdrop of betrayal, directed by L. Okafor."
303,Distant Kingdom (2000),Animation|Horror|Action,2000,F. Bianchi,"Kira Solberg, Sofia Bellucci, Marcus Webb",tv_show,72,https://picsum.photos/seed/movie303/300/450,"A animation story set against a backdrop of betrayal, directed by F. Bianchi."
304,Shadow Sanctuary (1998),Thriller|Action|Musical,1998,H. Park,"Daniel Cho, Maya Linden, Marcus Webb",movie,98,https://picsum.photos/seed/movie304/300/450,"A thriller story set against a backdrop of ambition, directed by H. Park."
305,Distant Frontier (2019),Fantasy|Thriller|War,2019,S. Yamada,"Sofia Bellucci, Ines Duarte, Theo Nakamura",tv_show,179,https://picsum.photos/seed/movie305/300/450,"A fantasy story set against a backdrop of discovery, directed by S. Yamada."
306,Rising Odyssey (2008),Comedy|Action|Fantasy,2008,S. Yamada,"Elias Foster, Sam Whitaker, Priya Anand",movie,90,https://picsum.photos/seed/movie306/300/450,"A comedy story set against a backdrop of ambition, directed by S. Yamada."
307,Lost Legacy (1999),Fantasy|Musical,1999,K. Lindqvist,"Marcus Webb, Jonah Pierce, Zara Mensah",tv_show,55,https://picsum.photos/seed/movie307/300/450,"A fantasy story set against a backdrop of ambition, directed by K. Lindqvist."
308,Lost Protocol (2016),Anime,2016,P. Novak,"Zara Mensah, Jonah Pierce, Sofia Bellucci",movie,76,https://picsum.photos/seed/movie308/300/450,"A anime story set against a backdrop of ambition, directed by P. Novak."
309,Lost Storm (2025),Anime|Romance|Fantasy,2025,L. Okafor,"Theo Nakamura, Elias Foster, Sam Whitaker",movie,86,https://picsum.photos/seed/movie309/300/450,"A anime story set against a backdrop of ambition, directed by L. Okafor."
310,Last Voyage (2012),Documentary|Mystery|Anime,2012,J. Whitfield,"Theo Nakamura, Lucas Reiner, Layla Hassan",movie,169,https://picsum.photos/seed/movie310/300/450,"A documentary story set against a backdrop of betrayal, directed by J. Whitfield."
311,Silent Republic (1994),Comedy|Anime,1994,T. Adeyemi,"Sofia Bellucci, Rosa Delgado, Elias Foster",anime,117,https://picsum.photos/seed/movie311/300/450,"A comedy story set against a backdrop of survival, directed by T. Adeyemi."
312,Hidden Garden (2002),Thriller|Adventure,2002,R. Castellano,"Lucas Reiner, Kira Solberg, Ines Duarte",movie,66,https://picsum.photos/seed/movie312/300/450,"A thriller story set against a backdrop of war, directed by R. Castellano."
313,Forgotten Kingdom (1990),Mystery|Documentary,1990,T. Adeyemi,"Ava Solano, Sofia Bellucci, Daniel Cho",tv_show,60,https://picsum.photos/seed/movie313/300/450,"A mystery story set against a backdrop of discovery, directed by T. Adeyemi."
314,Dark Echo (2017),Crime,2017,P. Novak,"Lucas Reiner, Sam Whitaker, Zara Mensah",movie,156,https://picsum.photos/seed/movie314/300/450,"A crime story set against a backdrop of love, directed by P. Novak."
315,Forgotten Inferno (2002),Romance|Action|War,2002,A. Tarkov,"Maya Linden, Marcus Webb, Kira Solberg",tv_show,108,https://picsum.photos/seed/movie315/300/450,"A romance story set against a backdrop of betrayal, directed by A. Tarkov."
316,Distant Inferno (2009),Comedy,2009,L. Okafor,"Priya Anand, Jonah Pierce, Theo Nakamura",documentary,136,https://picsum.photos/seed/movie316/300/450,"A comedy story set against a backdrop of ambition, directed by L. Okafor."
317,Hidden Rebellion (2021),Musical|Mystery|Drama,2021,R. Castellano,"Sofia Bellucci, Daniel Cho, Zara Mensah",movie,77,https://picsum.photos/seed/movie317/300/450,"A musical story set against a backdrop of ambition, directed by R. Castellano."
318,Shadow Republic (2022),Drama,2022,L. Okafor,"Elias Foster, Owen Brandt, Jonah Pierce",movie,85,https://picsum.photos/seed/movie318/300/450,"A drama story set against a backdrop of survival, directed by L. Okafor."
319,Eternal Horizon (1993),Adventure|Musical|Mystery,1993,C. Beaumont,"Elias Foster, Lucas Reiner, Ines Duarte",movie,160,https://picsum.photos/seed/movie319/300/450,"A adventure story set against a backdrop of betrayal, directed by C. Beaumont."
320,Shadow Symphony (2016),Crime|Drama,2016,H. Park,"Elias Foster, Rosa Delgado, Ava Solano",tv_show,55,https://picsum.photos/seed/movie320/300/450,"A crime story set against a backdrop of discovery, directed by H. Park."
321,Dark Empire (2008),Musical,2008,M. Sorrento,"Elias Foster, Sam Whitaker, Sofia Bellucci",tv_show,87,https://picsum.photos/seed/movie321/300/450,"A musical story set against a backdrop of survival, directed by M. Sorrento."
322,Sacred Symphony (2000),Romance,2000,A. Tarkov,"Felix Marchetti, Sam Whitaker, Sofia Bellucci",tv_show,143,https://picsum.photos/seed/movie322/300/450,"A romance story set against a backdrop of betrayal, directed by A. Tarkov."
323,Shadow City (1997),Action,1997,F. Bianchi,"Kira Solberg, Sam Whitaker, Nina Kowalski",documentary,150,https://picsum.photos/seed/movie323/300/450,"A action story set against a backdrop of war, directed by F. Bianchi."
324,Midnight Paradox (2008),Comedy|Fantasy|Mystery,2008,S. Yamada,"Ines Duarte, Jonah Pierce, Elias Foster",anime,30,https://picsum.photos/seed/movie324/300/450,"A comedy story set against a backdrop of betrayal, directed by S. Yamada."
325,Eternal Empire (1992),Mystery|Thriller,1992,A. Tarkov,"Nina Kowalski, Daniel Cho, Layla Hassan",movie,132,https://picsum.photos/seed/movie325/300/450,"A mystery story set against a backdrop of survival, directed by A. Tarkov."
326,Forgotten Storm (1997),Animation|Romance,1997,P. Novak,"Zara Mensah, Ines Duarte, Ava Solano",anime,142,https://picsum.photos/seed/movie326/300/450,"A animation story set against a backdrop of discovery, directed by P. Novak."
327,Silent Storm (1996),Documentary|Comedy|Animation,1996,P. Novak,"Kira Solberg, Sam Whitaker, Ines Duarte",movie,117,https://picsum.photos/seed/movie327/300/450,"A documentary story set against a backdrop of betrayal, directed by P. Novak."
328,Burning Empire (2016),Action|Crime|Family,2016,T. Adeyemi,"Jonah Pierce, Priya Anand, Ava Solano",tv_show,23,https://picsum.photos/seed/movie328/300/450,"A action story set against a backdrop of ambition, directed by T. Adeyemi."
329,Forgotten Inferno (2023),Musical|Family|Mystery,2023,C. Beaumont,"Tobias Kane, Elias Foster, Lucas Reiner",tv_show,83,https://picsum.photos/seed/movie329/300/450,"A musical story set against a backdrop of discovery, directed by C. Beaumont."
330,Endless Code (1993),Sci-Fi|Crime,1993,A. Tarkov,"Daniel Cho, Rosa Delgado, Sam Whitaker",anime,62,https://picsum.photos/seed/movie330/300/450,"A sci-fi story set against a backdrop of war, directed by A. Tarkov."
331,Forgotten Protocol (1993),Mystery|Family,1993,K. Lindqvist,"Marcus Webb, Felix Marchetti, Zara Mensah",movie,80,https://picsum.photos/seed/movie331/300/450,"A mystery story set against a backdrop of war, directed by K. Lindqvist."
332,Last Sanctuary (2018),War|Musical,2018,R. Castellano,"Elias Foster, Sam Whitaker, Maya Linden",movie,125,https://picsum.photos/seed/movie332/300/450,"A war story set against a backdrop of war, directed by R. Castellano."
333,Dark Code (2009),Action|Animation|Sci-Fi,2009,E. Lindgren,"Rosa Delgado, Felix Marchetti, Sofia Bellucci",tv_show,136,https://picsum.photos/seed/movie333/300/450,"A action story set against a backdrop of betrayal, directed by E. Lindgren."
334,Frozen Rebellion (2025),Adventure|Family,2025,N. Osei,"Tobias Kane, Sam Whitaker, Owen Brandt",tv_show,49,https://picsum.photos/seed/movie334/300/450,"A adventure story set against a backdrop of war, directed by N. Osei."
335,Rising Symphony (2025),Family|Action|Documentary,2025,K. Lindqvist,"Owen Brandt, Elias Foster, Jonah Pierce",anime,146,https://picsum.photos/seed/movie335/300/450,"A family story set against a backdrop of love, directed by K. Lindqvist."
336,Dark Legacy (2002),Thriller|Comedy|Crime,2002,M. Sorrento,"Zara Mensah, Sofia Bellucci, Ines Duarte",anime,68,https://picsum.photos/seed/movie336/300/450,"A thriller story set against a backdrop of ambition, directed by M. Sorrento."
337,Silent Republic (1997),Comedy|Thriller,1997,N. Osei,"Ines Duarte, Tobias Kane, Rosa Delgado",movie,147,https://picsum.photos/seed/movie337/300/450,"A comedy story set against a backdrop of war, directed by N. Osei."
338,Golden Sanctuary (2022),Adventure|Thriller|Anime,2022,N. Osei,"Daniel Cho, Kira Solberg, Tobias Kane",tv_show,52,https://picsum.photos/seed/movie338/300/450,"A adventure story set against a backdrop of war, directed by N. Osei."
339,Sacred Code (2005),Mystery|Sci-Fi,2005,S. Yamada,"Zara Mensah, Layla Hassan, Theo Nakamura",movie,54,https://picsum.photos/seed/movie339/300/450,"A mystery story set against a backdrop of love, directed by S. Yamada."
340,Endless Rebellion (2025),Musical|Horror,2025,H. Park,"Sofia Bellucci, Tobias Kane, Kira Solberg",tv_show,94,https://picsum.photos/seed/movie340/300/450,"A musical story set against a backdrop of ambition, directed by H. Park."
341,Quiet Odyssey (2010),Crime|Documentary,2010,C. Beaumont,"Elias Foster, Owen Brandt, Felix Marchetti",movie,166,https://picsum.photos/seed/movie341/300/450,"A crime story set against a backdrop of ambition, directed by C. Beaumont."
342,Sacred Horizon (2023),Thriller|Horror|War,2023,M. Sorrento,"Maya Linden, Zara Mensah, Nina Kowalski",movie,34,https://picsum.photos/seed/movie342/300/450,"A thriller story set against a backdrop of love, directed by M. Sorrento."
343,Iron Garden (1993),Documentary|Horror,1993,C. Beaumont,"Theo Nakamura, Sofia Bellucci, Felix Marchetti",movie,135,https://picsum.photos/seed/movie343/300/450,"A documentary story set against a backdrop of war, directed by C. Beaumont."
344,Quiet Symphony (1993),Family|Sci-Fi|Comedy,1993,E. Lindgren,"Zara Mensah, Tobias Kane, Lucas Reiner",documentary,100,https://picsum.photos/seed/movie344/300/450,"A family story set against a backdrop of survival, directed by E. Lindgren."
345,Iron Legacy (2018),Action,2018,F. Bianchi,"Marcus Webb, Owen Brandt, Felix Marchetti",tv_show,70,https://picsum.photos/seed/movie345/300/450,"A action story set against a backdrop of ambition, directed by F. Bianchi."
346,Frozen Storm (1994),Horror,1994,L. Okafor,"Daniel Cho, Rosa Delgado, Elias Foster",movie,129,https://picsum.photos/seed/movie346/300/450,"A horror story set against a backdrop of betrayal, directed by L. Okafor."
347,Golden Protocol (1990),Fantasy|Crime|Animation,1990,R. Castellano,"Ines Duarte, Nina Kowalski, Jonah Pierce",movie,102,https://picsum.photos/seed/movie347/300/450,"A fantasy story set against a backdrop of survival, directed by R. Castellano."
348,Burning Republic (2025),Horror,2025,R. Castellano,"Priya Anand, Layla Hassan, Rosa Delgado",movie,67,https://picsum.photos/seed/movie348/300/450,"A horror story set against a backdrop of survival, directed by R. Castellano."
349,Broken Echo (2024),Musical,2024,K. Lindqvist,"Zara Mensah, Priya Anand, Owen Brandt",movie,74,https://picsum.photos/seed/movie349/300/450,"A musical story set against a backdrop of ambition, directed by K. Lindqvist."
350,Lost Legacy (2023),Mystery|Romance,2023,T. Adeyemi,"Felix Marchetti, Maya Linden, Elias Foster",tv_show,134,https://picsum.photos/seed/movie350/300/450,"A mystery story set against a backdrop of love, directed by T. Adeyemi."
351,Forgotten Dynasty (1997),Family|Adventure|Mystery,1997,P. Novak,"Ava Solano, Felix Marchetti, Theo Nakamura",movie,152,https://picsum.photos/seed/movie351/300/450,"A family story set against a backdrop of betrayal, directed by P. Novak."
352,Silent Symphony (2002),Musical|War|Family,2002,R. Castellano,"Rosa Delgado, Priya Anand, Elias Foster",movie,157,https://picsum.photos/seed/movie352/300/450,"A musical story set against a backdrop of survival, directed by R. Castellano."
353,Crimson Legacy (2017),Animation,2017,F. Bianchi,"Elias Foster, Sofia Bellucci, Felix Marchetti",anime,131,https://picsum.photos/seed/movie353/300/450,"A animation story set against a backdrop of ambition, directed by F. Bianchi."
354,Shadow Paradox (2011),Crime,2011,A. Tarkov,"Priya Anand, Tobias Kane, Jonah Pierce",movie,84,https://picsum.photos/seed/movie354/300/450,"A crime story set against a backdrop of survival, directed by A. Tarkov."
355,Iron Echo (2014),Family,2014,T. Adeyemi,"Zara Mensah, Lucas Reiner, Layla Hassan",movie,50,https://picsum.photos/seed/movie355/300/450,"A family story set against a backdrop of survival, directed by T. Adeyemi."
356,Golden Kingdom (1994),Animation,1994,R. Castellano,"Rosa Delgado, Elias Foster, Theo Nakamura",tv_show,97,https://picsum.photos/seed/movie356/300/450,"A animation story set against a backdrop of survival, directed by R. Castellano."
357,Frozen Dynasty (2015),Horror,2015,F. Bianchi,"Maya Linden, Sam Whitaker, Daniel Cho",movie,54,https://picsum.photos/seed/movie357/300/450,"A horror story set against a backdrop of ambition, directed by F. Bianchi."
358,Lost Frontier (1990),Horror|Crime,1990,K. Lindqvist,"Felix Marchetti, Nina Kowalski, Elias Foster",movie,166,https://picsum.photos/seed/movie358/300/450,"A horror story set against a backdrop of survival, directed by K. Lindqvist."
359,Crimson Frontier (2003),Animation|Horror,2003,P. Novak,"Rosa Delgado, Nina Kowalski, Daniel Cho",movie,177,https://picsum.photos/seed/movie359/300/450,"A animation story set against a backdrop of betrayal, directed by P. Novak."
360,Broken Republic (1993),Comedy,1993,F. Bianchi,"Felix Marchetti, Ines Duarte, Tobias Kane",movie,37,https://picsum.photos/seed/movie360/300/450,"A comedy story set against a backdrop of betrayal, directed by F. Bianchi."
361,Golden Sanctuary (2011),Drama,2011,R. Castellano,"Nina Kowalski, Marcus Webb, Elias Foster",movie,37,https://picsum.photos/seed/movie361/300/450,"A drama story set against a backdrop of love, directed by R. Castellano."
362,Forgotten Code (2009),Anime|War,2009,C. Beaumont,"Kira Solberg, Nina Kowalski, Owen Brandt",anime,129,https://picsum.photos/seed/movie362/300/450,"A anime story set against a backdrop of love, directed by C. Beaumont."
363,Midnight Voyage (2017),Mystery,2017,S. Yamada,"Owen Brandt, Nina Kowalski, Layla Hassan",anime,138,https://picsum.photos/seed/movie363/300/450,"A mystery story set against a backdrop of discovery, directed by S. Yamada."
364,Endless Empire (2001),Horror|Anime,2001,H. Park,"Tobias Kane, Priya Anand, Ava Solano",anime,55,https://picsum.photos/seed/movie364/300/450,"A horror story set against a backdrop of survival, directed by H. Park."
365,Last City (1991),Fantasy,1991,F. Bianchi,"Rosa Delgado, Maya Linden, Zara Mensah",tv_show,74,https://picsum.photos/seed/movie365/300/450,"A fantasy story set against a backdrop of war, directed by F. Bianchi."
366,Hidden Frontier (2015),Fantasy|Anime|Mystery,2015,J. Whitfield,"Kira Solberg, Theo Nakamura, Nina Kowalski",movie,150,https://picsum.photos/seed/movie366/300/450,"A fantasy story set against a backdrop of war, directed by J. Whitfield."
367,Midnight Code (2000),Romance|Action,2000,N. Osei,"Rosa Delgado, Nina Kowalski, Ines Duarte",movie,164,https://picsum.photos/seed/movie367/300/450,"A romance story set against a backdrop of survival, directed by N. Osei."
368,Silent Voyage (2021),Crime|Anime|Documentary,2021,J. Whitfield,"Priya Anand, Ava Solano, Owen Brandt",movie,72,https://picsum.photos/seed/movie368/300/450,"A crime story set against a backdrop of survival, directed by J. Whitfield."
369,Frozen Kingdom (1992),Sci-Fi|Anime,1992,H. Park,"Layla Hassan, Elias Foster, Rosa Delgado",tv_show,90,https://picsum.photos/seed/movie369/300/450,"A sci-fi story set against a backdrop of ambition, directed by H. Park."
370,Distant Frontier (1994),Documentary|Sci-Fi,1994,K. Lindqvist,"Ava Solano, Zara Mensah, Marcus Webb",movie,110,https://picsum.photos/seed/movie370/300/450,"A documentary story set against a backdrop of betrayal, directed by K. Lindqvist."
371,Quiet Garden (2018),Anime|Action,2018,L. Okafor,"Marcus Webb, Priya Anand, Rosa Delgado",tv_show,74,https://picsum.photos/seed/movie371/300/450,"A anime story set against a backdrop of love, directed by L. Okafor."
372,Rising Code (1997),Documentary,1997,H. Park,"Marcus Webb, Lucas Reiner, Layla Hassan",tv_show,143,https://picsum.photos/seed/movie372/300/450,"A documentary story set against a backdrop of ambition, directed by H. Park."
373,Golden Storm (2016),Anime|Drama,2016,A. Tarkov,"Marcus Webb, Jonah Pierce, Nina Kowalski",tv_show,61,https://picsum.photos/seed/movie373/300/450,"A anime story set against a backdrop of love, directed by A. Tarkov."
374,Golden Garden (1993),Musical|Adventure|War,1993,L. Okafor,"Ava Solano, Daniel Cho, Rosa Delgado",documentary,173,https://picsum.photos/seed/movie374/300/450,"A musical story set against a backdrop of survival, directed by L. Okafor."
375,Crimson Paradox (2020),Action|Horror|Adventure,2020,F. Bianchi,"Sam Whitaker, Daniel Cho, Marcus Webb",anime,173,https://picsum.photos/seed/movie375/300/450,"A action story set against a backdrop of love, directed by F. Bianchi."
376,Forgotten Paradox (1994),Documentary|Fantasy|Animation,1994,J. Whitfield,"Zara Mensah, Tobias Kane, Nina Kowalski",movie,71,https://picsum.photos/seed/movie376/300/450,"A documentary story set against a backdrop of survival, directed by J. Whitfield."
377,Eternal Storm (2020),Thriller|Crime|Horror,2020,E. Lindgren,"Tobias Kane, Jonah Pierce, Felix Marchetti",movie,50,https://picsum.photos/seed/movie377/300/450,"A thriller story set against a backdrop of war, directed by E. Lindgren."
378,Sacred Inferno (2016),Crime|Action,2016,R. Castellano,"Jonah Pierce, Rosa Delgado, Lucas Reiner",movie,143,https://picsum.photos/seed/movie378/300/450,"A crime story set against a backdrop of discovery, directed by R. Castellano."
379,Hidden Protocol (2020),Comedy|Thriller,2020,N. Osei,"Marcus Webb, Priya Anand, Theo Nakamura",tv_show,159,https://picsum.photos/seed/movie379/300/450,"A comedy story set against a backdrop of discovery, directed by N. Osei."
380,Shadow Republic (2023),Drama|Action,2023,M. Sorrento,"Rosa Delgado, Maya Linden, Zara Mensah",tv_show,100,https://picsum.photos/seed/movie380/300/450,"A drama story set against a backdrop of discovery, directed by M. Sorrento."
381,Sacred Republic (2006),Comedy|Crime,2006,S. Yamada,"Felix Marchetti, Lucas Reiner, Owen Brandt",tv_show,121,https://picsum.photos/seed/movie381/300/450,"A comedy story set against a backdrop of love, directed by S. Yamada."
382,Rising Odyssey (2025),Anime|Documentary,2025,T. Adeyemi,"Ava Solano, Theo Nakamura, Owen Brandt",tv_show,121,https://picsum.photos/seed/movie382/300/450,"A anime story set against a backdrop of ambition, directed by T. Adeyemi."
383,Midnight Paradox (2000),Comedy,2000,M. Sorrento,"Sofia Bellucci, Rosa Delgado, Zara Mensah",tv_show,160,https://picsum.photos/seed/movie383/300/450,"A comedy story set against a backdrop of survival, directed by M. Sorrento."
384,Shadow City (1999),Adventure|Documentary|Drama,1999,T. Adeyemi,"Tobias Kane, Lucas Reiner, Priya Anand",movie,76,https://picsum.photos/seed/movie384/300/450,"A adventure story set against a backdrop of betrayal, directed by T. Adeyemi."
385,Distant Dynasty (2023),Adventure,2023,S. Yamada,"Tobias Kane, Jonah Pierce, Daniel Cho",tv_show,132,https://picsum.photos/seed/movie385/300/450,"A adventure story set against a backdrop of war, directed by S. Yamada."
386,Lost Legacy (1992),Musical,1992,N. Osei,"Tobias Kane, Rosa Delgado, Kira Solberg",tv_show,177,https://picsum.photos/seed/movie386/300/450,"A musical story set against a backdrop of love, directed by N. Osei."
387,Shadow Storm (1995),Adventure|Romance|Comedy,1995,S. Yamada,"Zara Mensah, Owen Brandt, Tobias Kane",movie,71,https://picsum.photos/seed/movie387/300/450,"A adventure story set against a backdrop of survival, directed by S. Yamada."
388,Last Odyssey (2008),Animation,2008,C. Beaumont,"Felix Marchetti, Kira Solberg, Owen Brandt",movie,90,https://picsum.photos/seed/movie388/300/450,"A animation story set against a backdrop of love, directed by C. Beaumont."
389,Distant Republic (1990),Drama|War|Anime,1990,S. Yamada,"Daniel Cho, Lucas Reiner, Rosa Delgado",movie,38,https://picsum.photos/seed/movie389/300/450,"A drama story set against a backdrop of survival, directed by S. Yamada."
390,Quiet Protocol (2024),Mystery|Comedy,2024,F. Bianchi,"Kira Solberg, Ava Solano, Ines Duarte",documentary,164,https://picsum.photos/seed/movie390/300/450,"A mystery story set against a backdrop of discovery, directed by F. Bianchi."
391,Frozen Paradox (1991),Mystery,1991,T. Adeyemi,"Elias Foster, Ava Solano, Priya Anand",movie,76,https://picsum.photos/seed/movie391/300/450,"A mystery story set against a backdrop of ambition, directed by T. Adeyemi."
392,Rising Inferno (2024),Family|Mystery|Drama,2024,A. Tarkov,"Ava Solano, Marcus Webb, Theo Nakamura",movie,107,https://picsum.photos/seed/movie392/300/450,"A family story set against a backdrop of war, directed by A. Tarkov."
393,Rising Legacy (2026),Documentary|Anime|Musical,2026,S. Yamada,"Daniel Cho, Sofia Bellucci, Sam Whitaker",tv_show,80,https://picsum.photos/seed/movie393/300/450,"A documentary story set against a backdrop of ambition, directed by S. Yamada."
394,Crimson Voyage (2002),Fantasy,2002,F. Bianchi,"Marcus Webb, Owen Brandt, Nina Kowalski",tv_show,50,https://picsum.photos/seed/movie394/300/450,"A fantasy story set against a backdrop of war, directed by F. Bianchi."
395,Endless Kingdom (2020),Anime|Action|Sci-Fi,2020,R. Castellano,"Tobias Kane, Layla Hassan, Sam Whitaker",anime,167,https://picsum.photos/seed/movie395/300/450,"A anime story set against a backdrop of betrayal, directed by R. Castellano."
396,Distant Voyage (2026),Documentary|Fantasy,2026,L. Okafor,"Jonah Pierce, Rosa Delgado, Lucas Reiner",movie,158,https://picsum.photos/seed/movie396/300/450,"A documentary story set against a backdrop of war, directed by L. Okafor."
397,Broken Paradox (1997),Romance|Sci-Fi|Thriller,1997,C. Beaumont,"Rosa Delgado, Ines Duarte, Layla Hassan",tv_show,23,https://picsum.photos/seed/movie397/300/450,"A romance story set against a backdrop of ambition, directed by C. Beaumont."
398,Golden Empire (2010),Sci-Fi,2010,R. Castellano,"Tobias Kane, Ava Solano, Daniel Cho",movie,80,https://picsum.photos/seed/movie398/300/450,"A sci-fi story set against a backdrop of betrayal, directed by R. Castellano."
399,Broken Sanctuary (2017),Mystery|Romance,2017,J. Whitfield,"Lucas Reiner, Owen Brandt, Kira Solberg",anime,91,https://picsum.photos/seed/movie399/300/450,"A mystery story set against a backdrop of discovery, directed by J. Whitfield."
400,Golden Voyage (1996),Crime,1996,C. Beaumont,"Ava Solano, Marcus Webb, Felix Marchetti",movie,117,https://picsum.photos/seed/movie400/300/450,"A crime story set against a backdrop of love, directed by C. Beaumont."
401,Golden Run (2023),Adventure|Mystery,2023,C. Nolan,"Leonardo DiCaprio, Zendaya, Chris Evans",movie,122,https://picsum.photos/seed/movie401/300/450,"A hollywood cinematic story of family, featuring a powerful ensemble cast and directed by C. Nolan."
402,Telugu Vikram (2011),Drama|Comedy|Adventure,2011,V. Vamsi,"Mahesh Babu, Samantha Ruth Prabhu, Allu Arjun",movie,136,https://picsum.photos/seed/movie402/300/450,"A tollywood cinematic story of courage, featuring a powerful ensemble cast and directed by V. Vamsi."
403,Royal Nayak (2019),Romance|Mystery,2019,R. Reddy,"Pooja Hegde, N. T. Rama Rao, Ram Charan",movie,131,https://picsum.photos/seed/movie403/300/450,"A tollywood cinematic story of redemption, featuring a powerful ensemble cast and directed by R. Reddy."
404,Storm Sena (2010),Romance|Adventure,2010,C. Tirumala,"Nayanthara, Allu Arjun, Naga Chaitanya",movie,133,https://picsum.photos/seed/movie404/300/450,"A tollywood cinematic story of ambition, featuring a powerful ensemble cast and directed by C. Tirumala."
405,Crown Sundari (2020),Adventure|Romance,2020,S. Kumar,"N. T. Rama Rao, Prabhas, Ram Charan",movie,180,https://picsum.photos/seed/movie405/300/450,"A tollywood cinematic story of courage, featuring a powerful ensemble cast and directed by S. Kumar."
406,Hero Vikram (2016),Romance|Drama|Action,2016,B. Krishna,"Ram Charan, Anushka Shetty, Naga Chaitanya",movie,120,https://picsum.photos/seed/movie406/300/450,"A tollywood cinematic story of redemption, featuring a powerful ensemble cast and directed by B. Krishna."
407,Nawab Rang (2014),Sci-Fi|Thriller,2014,Y. Chopra,"Ajay Devgn, Deepika Padukone, Ranbir Kapoor",movie,188,https://picsum.photos/seed/movie407/300/450,"A bollywood cinematic story of ambition, featuring a powerful ensemble cast and directed by Y. Chopra."
408,Diamond Stars (2011),Thriller|Drama|Mystery,2011,S. Rajamouli,"Nayanthara, Prabhas, N. T. Rama Rao",movie,146,https://picsum.photos/seed/movie408/300/450,"A tollywood cinematic story of redemption, featuring a powerful ensemble cast and directed by S. Rajamouli."
409,Crimson Alliance (2013),Sci-Fi|Mystery|Thriller,2013,C. Nolan,"Tom Hanks, Ryan Gosling, Ana de Armas",movie,160,https://picsum.photos/seed/movie409/300/450,"A hollywood cinematic story of ambition, featuring a powerful ensemble cast and directed by C. Nolan."
410,Nightfall Alliance (2013),Adventure|Comedy|Thriller,2013,P. Jackson,"Timothée Chalamet, Chris Evans, Zendaya",tv_show,101,https://picsum.photos/seed/movie410/300/450,"A hollywood cinematic story of ambition, featuring a powerful ensemble cast and directed by P. Jackson."
411,Heart Nasha (2016),Adventure|Romance,2016,Y. Chopra,"Amitabh Bachchan, Shah Rukh Khan, Ranbir Kapoor",movie,91,https://picsum.photos/seed/movie411/300/450,"A bollywood cinematic story of redemption, featuring a powerful ensemble cast and directed by Y. Chopra."
412,Raaj Sangam (2017),Adventure|Drama,2017,R. Kapoor,"Ajay Devgn, Amitabh Bachchan, Priyanka Chopra",movie,161,https://picsum.photos/seed/movie412/300/450,"A bollywood cinematic story of ambition, featuring a powerful ensemble cast and directed by R. Kapoor."
413,Royal Milan (2020),Comedy|Thriller|Mystery,2020,R. Shetty,"Priyanka Chopra, Amitabh Bachchan, Deepika Padukone",movie,177,https://picsum.photos/seed/movie413/300/450,"A bollywood cinematic story of courage, featuring a powerful ensemble cast and directed by R. Shetty."
414,Dhoom Azaadi (2016),Thriller|Action,2016,R. Shetty,"Priyanka Chopra, Deepika Padukone, Ranveer Singh",movie,169,https://picsum.photos/seed/movie414/300/450,"A bollywood cinematic story of ambition, featuring a powerful ensemble cast and directed by R. Shetty."
415,Nawab Dhoop (2023),Action|Drama,2023,K. Johar,"Alia Bhatt, Shah Rukh Khan, Ranveer Singh",movie,126,https://picsum.photos/seed/movie415/300/450,"A bollywood cinematic story of courage, featuring a powerful ensemble cast and directed by K. Johar."
416,Nightfall Rise (2008),Comedy|Romance|Sci-Fi,2008,D. Fincher,"Margot Robbie, Leonardo DiCaprio, Tom Hanks",movie,153,https://picsum.photos/seed/movie416/300/450,"A hollywood cinematic story of courage, featuring a powerful ensemble cast and directed by D. Fincher."
417,Nawab Love (2018),Drama|Thriller|Comedy,2018,A. Khan,"Ranveer Singh, Shah Rukh Khan, Amitabh Bachchan",tv_show,122,https://picsum.photos/seed/movie417/300/450,"A bollywood cinematic story of ambition, featuring a powerful ensemble cast and directed by A. Khan."
418,Silver Heist (2020),Drama|Thriller|Adventure,2020,W. Anderson,"Brad Pitt, Tom Hanks, Timothée Chalamet",movie,150,https://picsum.photos/seed/movie418/300/450,"A hollywood cinematic story of ambition, featuring a powerful ensemble cast and directed by W. Anderson."
419,Legend Rangula (2013),Sci-Fi|Adventure|Romance,2013,R. Reddy,"Anushka Shetty, Nayanthara, N. T. Rama Rao",tv_show,96,https://picsum.photos/seed/movie419/300/450,"A tollywood cinematic story of redemption, featuring a powerful ensemble cast and directed by R. Reddy."
420,Silver Heist (2021),Mystery|Sci-Fi,2021,N. Burton,"Tom Hanks, Leonardo DiCaprio, Emma Stone",tv_show,95,https://picsum.photos/seed/movie420/300/450,"A hollywood cinematic story of family, featuring a powerful ensemble cast and directed by N. Burton."
421,Storm Sundari (2012),Drama|Adventure|Thriller,2012,T. Nag,"N. T. Rama Rao, Samantha Ruth Prabhu, Prabhas",movie,187,https://picsum.photos/seed/movie421/300/450,"A tollywood cinematic story of redemption, featuring a powerful ensemble cast and directed by T. Nag."
422,Midnight Frontier (2012),Adventure|Thriller,2012,J. Nolan,"Margot Robbie, Leonardo DiCaprio, Chris Evans",movie,186,https://picsum.photos/seed/movie422/300/450,"A hollywood cinematic story of courage, featuring a powerful ensemble cast and directed by J. Nolan."
423,Nawab Dil (2008),Sci-Fi|Adventure,2008,R. Shetty,"Alia Bhatt, Ranveer Singh, Amitabh Bachchan",movie,127,https://picsum.photos/seed/movie423/300/450,"A bollywood cinematic story of family, featuring a powerful ensemble cast and directed by R. Shetty."
424,Storm Empire (2026),Thriller|Mystery|Sci-Fi,2026,V. Vamsi,"Anushka Shetty, Ram Charan, Nayanthara",movie,160,https://picsum.photos/seed/movie424/300/450,"A tollywood cinematic story of revenge, featuring a powerful ensemble cast and directed by V. Vamsi."
425,Royal Run (2022),Action|Mystery|Adventure,2022,S. Spielberg,"Emma Stone, Ana de Armas, Ryan Gosling",movie,183,https://picsum.photos/seed/movie425/300/450,"A hollywood cinematic story of revenge, featuring a powerful ensemble cast and directed by S. Spielberg."
426,Last Frontier (2015),Sci-Fi|Mystery,2015,N. Burton,"Margot Robbie, Ana de Armas, Zendaya",movie,168,https://picsum.photos/seed/movie426/300/450,"A hollywood cinematic story of courage, featuring a powerful ensemble cast and directed by N. Burton."
427,Jungle Katha (2011),Romance|Mystery,2011,A. Khan,"Ranbir Kapoor, Deepika Padukone, Shah Rukh Khan",movie,103,https://picsum.photos/seed/movie427/300/450,"A bollywood cinematic story of ambition, featuring a powerful ensemble cast and directed by A. Khan."
428,Silver Sky (2026),Adventure|Drama,2026,G. Del Toro,"Chris Evans, Ana de Armas, Emma Stone",movie,99,https://picsum.photos/seed/movie428/300/450,"A hollywood cinematic story of love, featuring a powerful ensemble cast and directed by G. Del Toro."
429,Hidden Rise (2010),Action|Mystery|Thriller,2010,W. Anderson,"Tom Hanks, Ryan Gosling, Zendaya",movie,95,https://picsum.photos/seed/movie429/300/450,"A hollywood cinematic story of redemption, featuring a powerful ensemble cast and directed by W. Anderson."
430,Final City (2010),Mystery|Drama,2010,D. Fincher,"Ana de Armas, Margot Robbie, Timothée Chalamet",tv_show,174,https://picsum.photos/seed/movie430/300/450,"A hollywood cinematic story of revenge, featuring a powerful ensemble cast and directed by D. Fincher."
431,Hero Velugu (2025),Mystery|Action|Drama,2025,P. Raghav,"Pooja Hegde, N. T. Rama Rao, Ram Charan",movie,160,https://picsum.photos/seed/movie431/300/450,"A tollywood cinematic story of ambition, featuring a powerful ensemble cast and directed by P. Raghav."
432,River Velugu (2025),Adventure|Comedy|Sci-Fi,2025,A. Srinivas,"Naga Chaitanya, Ram Charan, Anushka Shetty",movie,182,https://picsum.photos/seed/movie432/300/450,"A tollywood cinematic story of courage, featuring a powerful ensemble cast and directed by A. Srinivas."
433,Power Sundari (2025),Sci-Fi|Comedy|Mystery,2025,N. Teja,"Pooja Hegde, Anushka Shetty, Allu Arjun",movie,94,https://picsum.photos/seed/movie433/300/450,"A tollywood cinematic story of courage, featuring a powerful ensemble cast and directed by N. Teja."
434,Telugu Waves (2012),Adventure|Action,2012,S. Rajamouli,"Mahesh Babu, Allu Arjun, Samantha Ruth Prabhu",movie,178,https://picsum.photos/seed/movie434/300/450,"A tollywood cinematic story of courage, featuring a powerful ensemble cast and directed by S. Rajamouli."
435,Royal Waves (2026),Adventure|Drama|Mystery,2026,A. Srinivas,"Prabhas, N. T. Rama Rao, Mahesh Babu",movie,164,https://picsum.photos/seed/movie435/300/450,"A tollywood cinematic story of revenge, featuring a powerful ensemble cast and directed by A. Srinivas."
436,Neon City (2010),Sci-Fi|Drama|Comedy,2010,P. Jackson,"Zendaya, Brad Pitt, Margot Robbie",movie,178,https://picsum.photos/seed/movie436/300/450,"A hollywood cinematic story of redemption, featuring a powerful ensemble cast and directed by P. Jackson."
437,Dream Stars (2017),Adventure|Romance,2017,R. Reddy,"Nayanthara, Pooja Hegde, N. T. Rama Rao",movie,145,https://picsum.photos/seed/movie437/300/450,"A tollywood cinematic story of ambition, featuring a powerful ensemble cast and directed by R. Reddy."
438,Final Heist (2008),Romance|Sci-Fi|Thriller,2008,G. Del Toro,"Tom Hanks, Emma Stone, Timothée Chalamet",movie,109,https://picsum.photos/seed/movie438/300/450,"A hollywood cinematic story of love, featuring a powerful ensemble cast and directed by G. Del Toro."
439,Galaxy Vikram (2022),Mystery|Romance,2022,A. Srinivas,"Nayanthara, Anushka Shetty, N. T. Rama Rao",movie,108,https://picsum.photos/seed/movie439/300/450,"A tollywood cinematic story of revenge, featuring a powerful ensemble cast and directed by A. Srinivas."
440,Monsoon Sangam (2026),Mystery|Thriller,2026,R. Kapoor,"Ranbir Kapoor, Ajay Devgn, Amitabh Bachchan",movie,179,https://picsum.photos/seed/movie440/300/450,"A bollywood cinematic story of revenge, featuring a powerful ensemble cast and directed by R. Kapoor."
441,Velvet Alliance (2014),Drama|Romance,2014,W. Anderson,"Zendaya, Brad Pitt, Ana de Armas",movie,131,https://picsum.photos/seed/movie441/300/450,"A hollywood cinematic story of redemption, featuring a powerful ensemble cast and directed by W. Anderson."
442,Vijay Stars (2021),Adventure|Thriller|Sci-Fi,2021,C. Tirumala,"Ram Charan, Nayanthara, Samantha Ruth Prabhu",movie,129,https://picsum.photos/seed/movie442/300/450,"A tollywood cinematic story of revenge, featuring a powerful ensemble cast and directed by C. Tirumala."
443,Love Sangam (2012),Romance|Mystery|Adventure,2012,V. Anand,"Shah Rukh Khan, Priyanka Chopra, Ranbir Kapoor",movie,104,https://picsum.photos/seed/movie443/300/450,"A bollywood cinematic story of redemption, featuring a powerful ensemble cast and directed by V. Anand."
444,Iron Kingdom (2012),Sci-Fi|Comedy|Action,2012,S. Spielberg,"Tom Hanks, Ryan Gosling, Margot Robbie",movie,184,https://picsum.photos/seed/movie444/300/450,"A hollywood cinematic story of family, featuring a powerful ensemble cast and directed by S. Spielberg."
445,Iron Alliance (2024),Mystery|Thriller,2024,S. Spielberg,"Ana de Armas, Chris Evans, Leonardo DiCaprio",movie,157,https://picsum.photos/seed/movie445/300/450,"A hollywood cinematic story of love, featuring a powerful ensemble cast and directed by S. Spielberg."
446,Dream Love (2017),Action|Sci-Fi|Comedy,2017,K. Johar,"Shraddha Kapoor, Amitabh Bachchan, Shah Rukh Khan",movie,174,https://picsum.photos/seed/movie446/300/450,"A bollywood cinematic story of redemption, featuring a powerful ensemble cast and directed by K. Johar."
447,Pardesi Rang (2008),Adventure|Comedy,2008,S. Bhatt,"Ajay Devgn, Priyanka Chopra, Shraddha Kapoor",movie,158,https://picsum.photos/seed/movie447/300/450,"A bollywood cinematic story of love, featuring a powerful ensemble cast and directed by S. Bhatt."
448,Iron Alliance (2022),Adventure|Comedy|Mystery,2022,J. Nolan,"Tom Hanks, Timothée Chalamet, Brad Pitt",movie,92,https://picsum.photos/seed/movie448/300/450,"A hollywood cinematic story of courage, featuring a powerful ensemble cast and directed by J. Nolan."
449,River Rangula (2017),Mystery|Sci-Fi|Action,2017,N. Teja,"Anushka Shetty, Allu Arjun, Mahesh Babu",movie,125,https://picsum.photos/seed/movie449/300/450,"A tollywood cinematic story of revenge, featuring a powerful ensemble cast and directed by N. Teja."
450,Ghost Signal (2012),Comedy|Thriller|Drama,2012,A. Villeneuve,"Zendaya, Ana de Armas, Brad Pitt",movie,129,https://picsum.photos/seed/movie450/300/450,"A hollywood cinematic story of family, featuring a powerful ensemble cast and directed by A. Villeneuve."
451,Lagaan Azaadi (2012),Thriller|Adventure,2012,K. Johar,"Ranveer Singh, Ranbir Kapoor, Priyanka Chopra",movie,157,https://picsum.photos/seed/movie451/300/450,"A bollywood cinematic story of revenge, featuring a powerful ensemble cast and directed by K. Johar."
452,Aashiq Milan (2026),Adventure|Mystery,2026,Y. Chopra,"Alia Bhatt, Deepika Padukone, Ranbir Kapoor",movie,183,https://picsum.photos/seed/movie452/300/450,"A bollywood cinematic story of love, featuring a powerful ensemble cast and directed by Y. Chopra."
453,Aashiq Nasha (2021),Drama|Sci-Fi,2021,S. Bhatt,"Kareena Kapoor, Amitabh Bachchan, Ranveer Singh",tv_show,187,https://picsum.photos/seed/movie453/300/450,"A bollywood cinematic story of family, featuring a powerful ensemble cast and directed by S. Bhatt."
454,Legend Sundari (2026),Adventure|Action,2026,A. Srinivas,"Samantha Ruth Prabhu, Nayanthara, Anushka Shetty",movie,151,https://picsum.photos/seed/movie454/300/450,"A tollywood cinematic story of revenge, featuring a powerful ensemble cast and directed by A. Srinivas."
455,Dream Sundari (2023),Romance|Drama|Mystery,2023,T. Nag,"Prabhas, Pooja Hegde, Naga Chaitanya",tv_show,142,https://picsum.photos/seed/movie455/300/450,"A tollywood cinematic story of love, featuring a powerful ensemble cast and directed by T. Nag."
456,Jungle Dil (2014),Adventure|Mystery|Comedy,2014,K. Johar,"Deepika Padukone, Ranveer Singh, Kareena Kapoor",movie,144,https://picsum.photos/seed/movie456/300/450,"A bollywood cinematic story of ambition, featuring a powerful ensemble cast and directed by K. Johar."
457,Last Signal (2018),Sci-Fi|Comedy,2018,G. Del Toro,"Timothée Chalamet, Ana de Armas, Tom Hanks",movie,95,https://picsum.photos/seed/movie457/300/450,"A hollywood cinematic story of revenge, featuring a powerful ensemble cast and directed by G. Del Toro."
458,Royal Vikram (2009),Thriller|Comedy,2009,P. Raghav,"Pooja Hegde, Anushka Shetty, Mahesh Babu",movie,128,https://picsum.photos/seed/movie458/300/450,"A tollywood cinematic story of courage, featuring a powerful ensemble cast and directed by P. Raghav."
459,Dream Nasha (2017),Sci-Fi|Action|Adventure,2017,S. Ali,"Shah Rukh Khan, Ranbir Kapoor, Ranveer Singh",movie,113,https://picsum.photos/seed/movie459/300/450,"A bollywood cinematic story of family, featuring a powerful ensemble cast and directed by S. Ali."
460,Royal Velugu (2020),Sci-Fi|Thriller,2020,C. Tirumala,"Ram Charan, Naga Chaitanya, Mahesh Babu",movie,115,https://picsum.photos/seed/movie460/300/450,"A tollywood cinematic story of ambition, featuring a powerful ensemble cast and directed by C. Tirumala."
461,Neon Frontier (2013),Drama|Thriller|Adventure,2013,A. Villeneuve,"Margot Robbie, Timothée Chalamet, Chris Evans",movie,155,https://picsum.photos/seed/movie461/300/450,"A hollywood cinematic story of family, featuring a powerful ensemble cast and directed by A. Villeneuve."
462,Storm Alliance (2020),Romance|Drama,2020,C. Nolan,"Leonardo DiCaprio, Ryan Gosling, Timothée Chalamet",movie,96,https://picsum.photos/seed/movie462/300/450,"A hollywood cinematic story of ambition, featuring a powerful ensemble cast and directed by C. Nolan."
463,Eternal Sangam (2017),Thriller|Action,2017,Y. Chopra,"Deepika Padukone, Ranveer Singh, Priyanka Chopra",movie,153,https://picsum.photos/seed/movie463/300/450,"A bollywood cinematic story of family, featuring a powerful ensemble cast and directed by Y. Chopra."
464,Last Rise (2015),Sci-Fi|Action|Thriller,2015,D. Fincher,"Timothée Chalamet, Chris Evans, Ana de Armas",movie,121,https://picsum.photos/seed/movie464/300/450,"A hollywood cinematic story of family, featuring a powerful ensemble cast and directed by D. Fincher."
465,Love Azaadi (2014),Action|Drama|Sci-Fi,2014,R. Kapoor,"Ranveer Singh, Shraddha Kapoor, Shah Rukh Khan",movie,167,https://picsum.photos/seed/movie465/300/450,"A bollywood cinematic story of courage, featuring a powerful ensemble cast and directed by R. Kapoor."
466,Aashiq Rang (2009),Romance|Comedy|Adventure,2009,A. Khan,"Ajay Devgn, Ranveer Singh, Ranbir Kapoor",movie,94,https://picsum.photos/seed/movie466/300/450,"A bollywood cinematic story of love, featuring a powerful ensemble cast and directed by A. Khan."
467,Heart Katha (2020),Sci-Fi|Drama|Action,2020,A. Khan,"Ajay Devgn, Ranbir Kapoor, Deepika Padukone",movie,125,https://picsum.photos/seed/movie467/300/450,"A bollywood cinematic story of courage, featuring a powerful ensemble cast and directed by A. Khan."
468,Sunrise Waves (2014),Sci-Fi|Adventure,2014,N. Teja,"Nayanthara, Mahesh Babu, N. T. Rama Rao",movie,190,https://picsum.photos/seed/movie468/300/450,"A tollywood cinematic story of redemption, featuring a powerful ensemble cast and directed by N. Teja."
469,Jungle Dhoop (2018),Sci-Fi|Comedy|Drama,2018,S. Bhatt,"Ranbir Kapoor, Alia Bhatt, Ranveer Singh",movie,119,https://picsum.photos/seed/movie469/300/450,"A bollywood cinematic story of redemption, featuring a powerful ensemble cast and directed by S. Bhatt."
470,Royal Love (2011),Mystery|Action|Romance,2011,R. Kapoor,"Kareena Kapoor, Deepika Padukone, Priyanka Chopra",movie,171,https://picsum.photos/seed/movie470/300/450,"A bollywood cinematic story of revenge, featuring a powerful ensemble cast and directed by R. Kapoor."
471,Hidden Heist (2017),Action|Sci-Fi|Adventure,2017,S. Spielberg,"Margot Robbie, Emma Stone, Ana de Armas",movie,140,https://picsum.photos/seed/movie471/300/450,"A hollywood cinematic story of redemption, featuring a powerful ensemble cast and directed by S. Spielberg."
472,Crown Raja (2013),Action|Adventure|Drama,2013,N. Teja,"Ram Charan, Nayanthara, Naga Chaitanya",movie,170,https://picsum.photos/seed/movie472/300/450,"A tollywood cinematic story of ambition, featuring a powerful ensemble cast and directed by N. Teja."
473,Victory Rangula (2022),Action|Drama|Thriller,2022,C. Tirumala,"Mahesh Babu, Anushka Shetty, Allu Arjun",movie,135,https://picsum.photos/seed/movie473/300/450,"A tollywood cinematic story of love, featuring a powerful ensemble cast and directed by C. Tirumala."
474,Neon Sky (2018),Drama|Mystery,2018,G. Del Toro,"Ana de Armas, Leonardo DiCaprio, Zendaya",movie,129,https://picsum.photos/seed/movie474/300/450,"A hollywood cinematic story of redemption, featuring a powerful ensemble cast and directed by G. Del Toro."
475,Nawab Love (2016),Sci-Fi|Mystery|Romance,2016,R. Shetty,"Deepika Padukone, Kareena Kapoor, Priyanka Chopra",tv_show,128,https://picsum.photos/seed/movie475/300/450,"A bollywood cinematic story of revenge, featuring a powerful ensemble cast and directed by R. Shetty."
476,Ghost Sky (2014),Romance|Drama|Sci-Fi,2014,A. Villeneuve,"Chris Evans, Ana de Armas, Tom Hanks",movie,183,https://picsum.photos/seed/movie476/300/450,"A hollywood cinematic story of family, featuring a powerful ensemble cast and directed by A. Villeneuve."
477,Raaj Katha (2012),Sci-Fi|Comedy,2012,A. Khan,"Ranbir Kapoor, Ranveer Singh, Priyanka Chopra",movie,156,https://picsum.photos/seed/movie477/300/450,"A bollywood cinematic story of love, featuring a powerful ensemble cast and directed by A. Khan."
478,Neon Sky (2010),Action|Thriller|Romance,2010,N. Burton,"Chris Evans, Tom Hanks, Margot Robbie",movie,116,https://picsum.photos/seed/movie478/300/450,"A hollywood cinematic story of courage, featuring a powerful ensemble cast and directed by N. Burton."
479,Iron City (2016),Romance|Drama|Sci-Fi,2016,J. Nolan,"Ryan Gosling, Chris Evans, Margot Robbie",movie,169,https://picsum.photos/seed/movie479/300/450,"A hollywood cinematic story of family, featuring a powerful ensemble cast and directed by J. Nolan."
480,Vijay Empire (2025),Thriller|Sci-Fi,2025,T. Nag,"Anushka Shetty, Ram Charan, Allu Arjun",tv_show,99,https://picsum.photos/seed/movie480/300/450,"A tollywood cinematic story of courage, featuring a powerful ensemble cast and directed by T. Nag."
481,Victory Rangula (2025),Action|Sci-Fi|Comedy,2025,B. Krishna,"Mahesh Babu, Prabhas, Nayanthara",movie,144,https://picsum.photos/seed/movie481/300/450,"A tollywood cinematic story of ambition, featuring a powerful ensemble cast and directed by B. Krishna."
482,Nightfall Kingdom (2026),Comedy|Adventure|Mystery,2026,W. Anderson,"Timothée Chalamet, Ryan Gosling, Emma Stone",movie,100,https://picsum.photos/seed/movie482/300/450,"A hollywood cinematic story of ambition, featuring a powerful ensemble cast and directed by W. Anderson."
483,Raja Stars (2022),Comedy|Drama|Mystery,2022,S. Kumar,"Naga Chaitanya, Allu Arjun, Nayanthara",movie,168,https://picsum.photos/seed/movie483/300/450,"A tollywood cinematic story of courage, featuring a powerful ensemble cast and directed by S. Kumar."
484,Jungle Milan (2018),Sci-Fi|Action,2018,M. Hirani,"Kareena Kapoor, Shraddha Kapoor, Shah Rukh Khan",movie,149,https://picsum.photos/seed/movie484/300/450,"A bollywood cinematic story of revenge, featuring a powerful ensemble cast and directed by M. Hirani."
485,Raaj Katha (2026),Adventure|Thriller,2026,Y. Chopra,"Ranbir Kapoor, Deepika Padukone, Ajay Devgn",movie,128,https://picsum.photos/seed/movie485/300/450,"A bollywood cinematic story of family, featuring a powerful ensemble cast and directed by Y. Chopra."
486,Jungle Dhoop (2021),Mystery|Action|Romance,2021,K. Johar,"Shraddha Kapoor, Priyanka Chopra, Ranveer Singh",tv_show,178,https://picsum.photos/seed/movie486/300/450,"A bollywood cinematic story of family, featuring a powerful ensemble cast and directed by K. Johar."
487,Raaj Nasha (2026),Sci-Fi|Action,2026,M. Hirani,"Ranbir Kapoor, Priyanka Chopra, Ranveer Singh",movie,149,https://picsum.photos/seed/movie487/300/450,"A bollywood cinematic story of courage, featuring a powerful ensemble cast and directed by M. Hirani."
488,Vijay Sena (2013),Adventure|Comedy|Sci-Fi,2013,S. Rajamouli,"Pooja Hegde, N. T. Rama Rao, Anushka Shetty",movie,101,https://picsum.photos/seed/movie488/300/450,"A tollywood cinematic story of revenge, featuring a powerful ensemble cast and directed by S. Rajamouli."
489,Black Kingdom (2008),Sci-Fi|Drama|Mystery,2008,M. Cameron,"Leonardo DiCaprio, Chris Evans, Emma Stone",movie,130,https://picsum.photos/seed/movie489/300/450,"A hollywood cinematic story of courage, featuring a powerful ensemble cast and directed by M. Cameron."
490,Diamond Nayak (2021),Thriller|Action,2021,T. Nag,"N. T. Rama Rao, Mahesh Babu, Pooja Hegde",movie,160,https://picsum.photos/seed/movie490/300/450,"A tollywood cinematic story of love, featuring a powerful ensemble cast and directed by T. Nag."
491,Nightfall Alliance (2019),Mystery|Adventure|Romance,2019,A. Villeneuve,"Emma Stone, Tom Hanks, Brad Pitt",movie,141,https://picsum.photos/seed/movie491/300/450,"A hollywood cinematic story of ambition, featuring a powerful ensemble cast and directed by A. Villeneuve."
492,Lighthouse Dil (2013),Mystery|Drama|Romance,2013,V. Anand,"Ranveer Singh, Priyanka Chopra, Ajay Devgn",movie,175,https://picsum.photos/seed/movie492/300/450,"A bollywood cinematic story of revenge, featuring a powerful ensemble cast and directed by V. Anand."
493,Midnight Echo (2008),Romance|Adventure,2008,M. Cameron,"Chris Evans, Zendaya, Leonardo DiCaprio",movie,148,https://picsum.photos/seed/movie493/300/450,"A hollywood cinematic story of redemption, featuring a powerful ensemble cast and directed by M. Cameron."
494,Victory Vikram (2013),Adventure|Drama|Mystery,2013,B. Krishna,"Anushka Shetty, Pooja Hegde, Naga Chaitanya",movie,90,https://picsum.photos/seed/movie494/300/450,"A tollywood cinematic story of family, featuring a powerful ensemble cast and directed by B. Krishna."
495,Pardesi Dil (2024),Action|Thriller,2024,S. Bhatt,"Ajay Devgn, Ranbir Kapoor, Alia Bhatt",movie,137,https://picsum.photos/seed/movie495/300/450,"A bollywood cinematic story of love, featuring a powerful ensemble cast and directed by S. Bhatt."
496,Storm Stars (2012),Comedy|Sci-Fi,2012,P. Raghav,"Allu Arjun, Naga Chaitanya, N. T. Rama Rao",movie,174,https://picsum.photos/seed/movie496/300/450,"A tollywood cinematic story of redemption, featuring a powerful ensemble cast and directed by P. Raghav."
497,Hidden Alliance (2026),Sci-Fi|Comedy,2026,S. Spielberg,"Timothée Chalamet, Tom Hanks, Ryan Gosling",movie,150,https://picsum.photos/seed/movie497/300/450,"A hollywood cinematic story of family, featuring a powerful ensemble cast and directed by S. Spielberg."
498,River Vikram (2019),Thriller|Action|Adventure,2019,S. Rajamouli,"Allu Arjun, Prabhas, Mahesh Babu",movie,111,https://picsum.photos/seed/movie498/300/450,"A tollywood cinematic story of family, featuring a powerful ensemble cast and directed by S. Rajamouli."
499,Hidden City (2008),Thriller|Romance,2008,S. Spielberg,"Chris Evans, Margot Robbie, Leonardo DiCaprio",movie,125,https://picsum.photos/seed/movie499/300/450,"A hollywood cinematic story of courage, featuring a powerful ensemble cast and directed by S. Spielberg."
500,Saffron Rang (2013),Thriller|Mystery,2013,S. Ali,"Ranveer Singh, Kareena Kapoor, Alia Bhatt",movie,152,https://picsum.photos/seed/movie500/300/450,"A bollywood cinematic story of revenge, featuring a powerful ensemble cast and directed by S. Ali."
501,Dream Raja (2018),Mystery|Drama|Adventure,2018,S. Kumar,"Prabhas, Nayanthara, Naga Chaitanya",movie,171,https://picsum.photos/seed/movie501/300/450,"A tollywood cinematic story of revenge, featuring a powerful ensemble cast and directed by S. Kumar."
502,Last Frontier (2009),Mystery|Comedy|Romance,2009,S. Spielberg,"Margot Robbie, Tom Hanks, Leonardo DiCaprio",movie,186,https://picsum.photos/seed/movie502/300/450,"A hollywood cinematic story of family, featuring a powerful ensemble cast and directed by S. Spielberg."
503,Storm Signal (2023),Thriller|Mystery,2023,S. Spielberg,"Leonardo DiCaprio, Ana de Armas, Zendaya",movie,176,https://picsum.photos/seed/movie503/300/450,"A hollywood cinematic story of courage, featuring a powerful ensemble cast and directed by S. Spielberg."
504,Hero Raja (2011),Thriller|Romance|Action,2011,P. Raghav,"Ram Charan, Pooja Hegde, Allu Arjun",movie,164,https://picsum.photos/seed/movie504/300/450,"A tollywood cinematic story of ambition, featuring a powerful ensemble cast and directed by P. Raghav."
505,Raaj Dil (2026),Action|Adventure|Sci-Fi,2026,K. Johar,"Ranbir Kapoor, Alia Bhatt, Ranveer Singh",movie,91,https://picsum.photos/seed/movie505/300/450,"A bollywood cinematic story of ambition, featuring a powerful ensemble cast and directed by K. Johar."
506,Royal Echo (2022),Action|Sci-Fi,2022,N. Burton,"Brad Pitt, Emma Stone, Ana de Armas",movie,97,https://picsum.photos/seed/movie506/300/450,"A hollywood cinematic story of family, featuring a powerful ensemble cast and directed by N. Burton."
507,Victory Empire (2011),Drama|Adventure,2011,S. Kumar,"N. T. Rama Rao, Prabhas, Pooja Hegde",tv_show,127,https://picsum.photos/seed/movie507/300/450,"A tollywood cinematic story of ambition, featuring a powerful ensemble cast and directed by S. Kumar."
508,Victory Stars (2022),Drama|Romance,2022,S. Rajamouli,"Pooja Hegde, Ram Charan, Allu Arjun",movie,138,https://picsum.photos/seed/movie508/300/450,"A tollywood cinematic story of ambition, featuring a powerful ensemble cast and directed by S. Rajamouli."
509,Saffron Ghar (2016),Mystery|Drama,2016,Y. Chopra,"Kareena Kapoor, Deepika Padukone, Shraddha Kapoor",movie,103,https://picsum.photos/seed/movie509/300/450,"A bollywood cinematic story of revenge, featuring a powerful ensemble cast and directed by Y. Chopra."
510,Diamond Vikram (2014),Action|Sci-Fi,2014,A. Srinivas,"N. T. Rama Rao, Naga Chaitanya, Allu Arjun",movie,183,https://picsum.photos/seed/movie510/300/450,"A tollywood cinematic story of courage, featuring a powerful ensemble cast and directed by A. Srinivas."
511,Saffron Sangam (2012),Adventure|Comedy,2012,R. Kapoor,"Shah Rukh Khan, Ajay Devgn, Amitabh Bachchan",movie,155,https://picsum.photos/seed/movie511/300/450,"A bollywood cinematic story of redemption, featuring a powerful ensemble cast and directed by R. Kapoor."
512,Lagaan Nasha (2020),Sci-Fi|Action|Thriller,2020,A. Khan,"Ranbir Kapoor, Priyanka Chopra, Shah Rukh Khan",movie,135,https://picsum.photos/seed/movie512/300/450,"A bollywood cinematic story of courage, featuring a powerful ensemble cast and directed by A. Khan."
513,Legend Vikram (2009),Sci-Fi|Mystery,2009,S. Kumar,"Ram Charan, Anushka Shetty, Nayanthara",movie,172,https://picsum.photos/seed/movie513/300/450,"A tollywood cinematic story of revenge, featuring a powerful ensemble cast and directed by S. Kumar."
514,Royal Sky (2020),Sci-Fi|Action|Adventure,2020,D. Fincher,"Emma Stone, Zendaya, Margot Robbie",movie,114,https://picsum.photos/seed/movie514/300/450,"A hollywood cinematic story of revenge, featuring a powerful ensemble cast and directed by D. Fincher."
515,Iron Sky (2026),Sci-Fi|Thriller|Comedy,2026,D. Fincher,"Chris Evans, Zendaya, Margot Robbie",movie,92,https://picsum.photos/seed/movie515/300/450,"A hollywood cinematic story of love, featuring a powerful ensemble cast and directed by D. Fincher."
516,Saffron Katha (2009),Comedy|Action,2009,R. Shetty,"Deepika Padukone, Priyanka Chopra, Kareena Kapoor",movie,108,https://picsum.photos/seed/movie516/300/450,"A bollywood cinematic story of ambition, featuring a powerful ensemble cast and directed by R. Shetty."
517,Telugu Sena (2009),Thriller|Mystery,2009,N. Teja,"Prabhas, Mahesh Babu, Nayanthara",movie,148,https://picsum.photos/seed/movie517/300/450,"A tollywood cinematic story of family, featuring a powerful ensemble cast and directed by N. Teja."
518,Final Kingdom (2010),Comedy|Sci-Fi,2010,A. Villeneuve,"Margot Robbie, Chris Evans, Brad Pitt",movie,184,https://picsum.photos/seed/movie518/300/450,"A hollywood cinematic story of redemption, featuring a powerful ensemble cast and directed by A. Villeneuve."
519,Heart Rang (2026),Romance|Sci-Fi,2026,Z. Ansari,"Ranveer Singh, Alia Bhatt, Priyanka Chopra",movie,125,https://picsum.photos/seed/movie519/300/450,"A bollywood cinematic story of revenge, featuring a powerful ensemble cast and directed by Z. Ansari."
520,Dream Katha (2025),Drama|Mystery,2025,Y. Chopra,"Kareena Kapoor, Priyanka Chopra, Shah Rukh Khan",movie,168,https://picsum.photos/seed/movie520/300/450,"A bollywood cinematic story of ambition, featuring a powerful ensemble cast and directed by Y. Chopra."
521,Midnight Rise (2010),Mystery|Adventure|Comedy,2010,C. Nolan,"Tom Hanks, Leonardo DiCaprio, Margot Robbie",movie,116,https://picsum.photos/seed/movie521/300/450,"A hollywood cinematic story of revenge, featuring a powerful ensemble cast and directed by C. Nolan."
522,Legend Waves (2022),Sci-Fi|Thriller,2022,C. Tirumala,"Samantha Ruth Prabhu, Prabhas, Mahesh Babu",movie,170,https://picsum.photos/seed/movie522/300/450,"A tollywood cinematic story of courage, featuring a powerful ensemble cast and directed by C. Tirumala."
523,Jungle Love (2025),Comedy|Sci-Fi|Adventure,2025,K. Johar,"Priyanka Chopra, Deepika Padukone, Ranbir Kapoor",movie,125,https://picsum.photos/seed/movie523/300/450,"A bollywood cinematic story of love, featuring a powerful ensemble cast and directed by K. Johar."
524,Silver Run (2023),Adventure|Romance,2023,W. Anderson,"Leonardo DiCaprio, Timothée Chalamet, Tom Hanks",tv_show,122,https://picsum.photos/seed/movie524/300/450,"A hollywood cinematic story of courage, featuring a powerful ensemble cast and directed by W. Anderson."
525,Diamond Sena (2009),Action|Comedy,2009,S. Kumar,"Mahesh Babu, Anushka Shetty, Prabhas",movie,99,https://picsum.photos/seed/movie525/300/450,"A tollywood cinematic story of revenge, featuring a powerful ensemble cast and directed by S. Kumar."
526,Storm Sundari (2026),Drama|Romance,2026,T. Nag,"Pooja Hegde, Samantha Ruth Prabhu, Ram Charan",tv_show,120,https://picsum.photos/seed/movie526/300/450,"A tollywood cinematic story of redemption, featuring a powerful ensemble cast and directed by T. Nag."
527,Pardesi Dil (2020),Mystery|Drama,2020,K. Johar,"Deepika Padukone, Kareena Kapoor, Ranbir Kapoor",tv_show,168,https://picsum.photos/seed/movie527/300/450,"A bollywood cinematic story of ambition, featuring a powerful ensemble cast and directed by K. Johar."
528,Storm Frontier (2012),Adventure|Drama,2012,W. Anderson,"Brad Pitt, Ryan Gosling, Emma Stone",movie,162,https://picsum.photos/seed/movie528/300/450,"A hollywood cinematic story of love, featuring a powerful ensemble cast and directed by W. Anderson."
529,Dream Rang (2022),Thriller|Sci-Fi,2022,V. Anand,"Ajay Devgn, Ranveer Singh, Alia Bhatt",tv_show,171,https://picsum.photos/seed/movie529/300/450,"A bollywood cinematic story of family, featuring a powerful ensemble cast and directed by V. Anand."
530,Last Alliance (2015),Sci-Fi|Mystery,2015,A. Villeneuve,"Zendaya, Ana de Armas, Chris Evans",movie,91,https://picsum.photos/seed/movie530/300/450,"A hollywood cinematic story of redemption, featuring a powerful ensemble cast and directed by A. Villeneuve."
531,Nawab Dil (2015),Mystery|Action,2015,M. Hirani,"Ajay Devgn, Priyanka Chopra, Ranveer Singh",movie,150,https://picsum.photos/seed/movie531/300/450,"A bollywood cinematic story of redemption, featuring a powerful ensemble cast and directed by M. Hirani."
532,Telugu Vikram (2024),Comedy|Action|Thriller,2024,C. Tirumala,"Naga Chaitanya, N. T. Rama Rao, Nayanthara",movie,178,https://picsum.photos/seed/movie532/300/450,"A tollywood cinematic story of redemption, featuring a powerful ensemble cast and directed by C. Tirumala."
533,Royal Milan (2019),Thriller|Drama|Adventure,2019,S. Bhatt,"Priyanka Chopra, Deepika Padukone, Shah Rukh Khan",movie,163,https://picsum.photos/seed/movie533/300/450,"A bollywood cinematic story of redemption, featuring a powerful ensemble cast and directed by S. Bhatt."
534,Telugu Sena (2022),Action|Mystery|Adventure,2022,V. Vamsi,"Pooja Hegde, Prabhas, Ram Charan",movie,178,https://picsum.photos/seed/movie534/300/450,"A tollywood cinematic story of courage, featuring a powerful ensemble cast and directed by V. Vamsi."
535,Telugu Nayak (2021),Adventure|Sci-Fi,2021,S. Rajamouli,"Nayanthara, Anushka Shetty, Samantha Ruth Prabhu",movie,155,https://picsum.photos/seed/movie535/300/450,"A tollywood cinematic story of redemption, featuring a powerful ensemble cast and directed by S. Rajamouli."
536,Aashiq Love (2011),Adventure|Drama|Sci-Fi,2011,R. Shetty,"Alia Bhatt, Kareena Kapoor, Shah Rukh Khan",movie,98,https://picsum.photos/seed/movie536/300/450,"A bollywood cinematic story of family, featuring a powerful ensemble cast and directed by R. Shetty."
537,Diamond Empire (2012),Comedy|Mystery|Adventure,2012,T. Nag,"Samantha Ruth Prabhu, Anushka Shetty, N. T. Rama Rao",movie,131,https://picsum.photos/seed/movie537/300/450,"A tollywood cinematic story of courage, featuring a powerful ensemble cast and directed by T. Nag."
538,Lighthouse Nasha (2016),Sci-Fi|Thriller|Mystery,2016,R. Kapoor,"Deepika Padukone, Alia Bhatt, Ranbir Kapoor",movie,150,https://picsum.photos/seed/movie538/300/450,"A bollywood cinematic story of redemption, featuring a powerful ensemble cast and directed by R. Kapoor."
539,Hero Waves (2017),Sci-Fi|Action,2017,B. Krishna,"Nayanthara, Ram Charan, N. T. Rama Rao",movie,112,https://picsum.photos/seed/movie539/300/450,"A tollywood cinematic story of courage, featuring a powerful ensemble cast and directed by B. Krishna."
540,Silver Run (2016),Action|Romance,2016,A. Villeneuve,"Leonardo DiCaprio, Chris Evans, Timothée Chalamet",movie,177,https://picsum.photos/seed/movie540/300/450,"A hollywood cinematic story of family, featuring a powerful ensemble cast and directed by A. Villeneuve."
541,Velvet Frontier (2021),Action|Mystery,2021,W. Anderson,"Tom Hanks, Emma Stone, Brad Pitt",movie,156,https://picsum.photos/seed/movie541/300/450,"A hollywood cinematic story of redemption, featuring a powerful ensemble cast and directed by W. Anderson."
542,Jungle Dhoop (2018),Thriller|Sci-Fi|Drama,2018,M. Hirani,"Kareena Kapoor, Ranbir Kapoor, Shraddha Kapoor",movie,129,https://picsum.photos/seed/movie542/300/450,"A bollywood cinematic story of revenge, featuring a powerful ensemble cast and directed by M. Hirani."
543,Royal Sangam (2019),Sci-Fi|Drama|Thriller,2019,S. Bhatt,"Shah Rukh Khan, Ranveer Singh, Alia Bhatt",movie,181,https://picsum.photos/seed/movie543/300/450,"A bollywood cinematic story of family, featuring a powerful ensemble cast and directed by S. Bhatt."
544,Dream Milan (2012),Romance|Comedy|Sci-Fi,2012,Y. Chopra,"Priyanka Chopra, Deepika Padukone, Shah Rukh Khan",movie,116,https://picsum.photos/seed/movie544/300/450,"A bollywood cinematic story of family, featuring a powerful ensemble cast and directed by Y. Chopra."
545,Telugu Rangula (2019),Drama|Action|Comedy,2019,V. Vamsi,"Ram Charan, Naga Chaitanya, Prabhas",movie,188,https://picsum.photos/seed/movie545/300/450,"A tollywood cinematic story of revenge, featuring a powerful ensemble cast and directed by V. Vamsi."
546,Aashiq Katha (2012),Sci-Fi|Romance|Thriller,2012,R. Kapoor,"Ranbir Kapoor, Shraddha Kapoor, Alia Bhatt",movie,162,https://picsum.photos/seed/movie546/300/450,"A bollywood cinematic story of redemption, featuring a powerful ensemble cast and directed by R. Kapoor."
547,Heart Rang (2023),Action|Comedy|Thriller,2023,R. Kapoor,"Ranveer Singh, Ranbir Kapoor, Deepika Padukone",movie,147,https://picsum.photos/seed/movie547/300/450,"A bollywood cinematic story of courage, featuring a powerful ensemble cast and directed by R. Kapoor."
548,Ghost Sky (2014),Action|Sci-Fi,2014,P. Jackson,"Ana de Armas, Brad Pitt, Emma Stone",movie,147,https://picsum.photos/seed/movie548/300/450,"A hollywood cinematic story of redemption, featuring a powerful ensemble cast and directed by P. Jackson."
549,Vijay Waves (2020),Mystery|Drama|Adventure,2020,N. Teja,"Naga Chaitanya, Ram Charan, Mahesh Babu",movie,137,https://picsum.photos/seed/movie549/300/450,"A tollywood cinematic story of ambition, featuring a powerful ensemble cast and directed by N. Teja."
550,Saffron Ghar (2019),Sci-Fi|Adventure,2019,M. Hirani,"Amitabh Bachchan, Kareena Kapoor, Deepika Padukone",movie,146,https://picsum.photos/seed/movie550/300/450,"A bollywood cinematic story of courage, featuring a powerful ensemble cast and directed by M. Hirani."
551,Golden Signal (2021),Thriller|Comedy,2021,M. Cameron,"Timothée Chalamet, Margot Robbie, Leonardo DiCaprio",movie,157,https://picsum.photos/seed/movie551/300/450,"A hollywood cinematic story of courage, featuring a powerful ensemble cast and directed by M. Cameron."
552,Black Kingdom (2020),Romance|Thriller|Comedy,2020,A. Villeneuve,"Tom Hanks, Zendaya, Emma Stone",movie,186,https://picsum.photos/seed/movie552/300/450,"A hollywood cinematic story of revenge, featuring a powerful ensemble cast and directed by A. Villeneuve."
553,Crimson Signal (2017),Sci-Fi|Thriller|Adventure,2017,J. Nolan,"Chris Evans, Tom Hanks, Emma Stone",movie,93,https://picsum.photos/seed/movie553/300/450,"A hollywood cinematic story of love, featuring a powerful ensemble cast and directed by J. Nolan."
554,Neon City (2023),Comedy|Action|Mystery,2023,A. Villeneuve,"Emma Stone, Zendaya, Leonardo DiCaprio",movie,153,https://picsum.photos/seed/movie554/300/450,"A hollywood cinematic story of love, featuring a powerful ensemble cast and directed by A. Villeneuve."
555,Galaxy Rangula (2026),Drama|Romance|Thriller,2026,B. Krishna,"Nayanthara, Pooja Hegde, Allu Arjun",movie,92,https://picsum.photos/seed/movie555/300/450,"A tollywood cinematic story of courage, featuring a powerful ensemble cast and directed by B. Krishna."
556,Last Sky (2012),Action|Romance,2012,N. Burton,"Chris Evans, Leonardo DiCaprio, Ryan Gosling",movie,171,https://picsum.photos/seed/movie556/300/450,"A hollywood cinematic story of courage, featuring a powerful ensemble cast and directed by N. Burton."
557,Neon City (2024),Romance|Thriller,2024,A. Villeneuve,"Ana de Armas, Brad Pitt, Leonardo DiCaprio",movie,130,https://picsum.photos/seed/movie557/300/450,"A hollywood cinematic story of redemption, featuring a powerful ensemble cast and directed by A. Villeneuve."
558,Eternal Katha (2011),Romance|Thriller,2011,Z. Ansari,"Shraddha Kapoor, Alia Bhatt, Ranveer Singh",movie,189,https://picsum.photos/seed/movie558/300/450,"A bollywood cinematic story of ambition, featuring a powerful ensemble cast and directed by Z. Ansari."
559,Heart Milan (2011),Drama|Comedy,2011,K. Johar,"Ranveer Singh, Ranbir Kapoor, Priyanka Chopra",movie,99,https://picsum.photos/seed/movie559/300/450,"A bollywood cinematic story of love, featuring a powerful ensemble cast and directed by K. Johar."
560,Black Sky (2023),Adventure|Drama|Sci-Fi,2023,N. Burton,"Emma Stone, Ryan Gosling, Leonardo DiCaprio",movie,185,https://picsum.photos/seed/movie560/300/450,"A hollywood cinematic story of love, featuring a powerful ensemble cast and directed by N. Burton."
561,Crimson Run (2015),Mystery|Adventure,2015,S. Spielberg,"Leonardo DiCaprio, Brad Pitt, Timothée Chalamet",movie,104,https://picsum.photos/seed/movie561/300/450,"A hollywood cinematic story of love, featuring a powerful ensemble cast and directed by S. Spielberg."
562,Golden Rise (2021),Sci-Fi|Action,2021,C. Nolan,"Brad Pitt, Margot Robbie, Tom Hanks",movie,95,https://picsum.photos/seed/movie562/300/450,"A hollywood cinematic story of love, featuring a powerful ensemble cast and directed by C. Nolan."
563,Dhoom Love (2011),Adventure|Action,2011,A. Khan,"Shraddha Kapoor, Priyanka Chopra, Ranbir Kapoor",movie,185,https://picsum.photos/seed/movie563/300/450,"A bollywood cinematic story of courage, featuring a powerful ensemble cast and directed by A. Khan."
564,River Rangula (2013),Action|Thriller,2013,P. Raghav,"Nayanthara, Samantha Ruth Prabhu, N. T. Rama Rao",tv_show,114,https://picsum.photos/seed/movie564/300/450,"A tollywood cinematic story of courage, featuring a powerful ensemble cast and directed by P. Raghav."
565,Black Alliance (2008),Romance|Comedy|Adventure,2008,A. Villeneuve,"Brad Pitt, Ana de Armas, Chris Evans",movie,113,https://picsum.photos/seed/movie565/300/450,"A hollywood cinematic story of courage, featuring a powerful ensemble cast and directed by A. Villeneuve."
566,Jungle Dil (2024),Sci-Fi|Action,2024,K. Johar,"Ajay Devgn, Deepika Padukone, Alia Bhatt",movie,153,https://picsum.photos/seed/movie566/300/450,"A bollywood cinematic story of courage, featuring a powerful ensemble cast and directed by K. Johar."
567,Legend Waves (2009),Thriller|Comedy|Sci-Fi,2009,S. Kumar,"Ram Charan, Naga Chaitanya, N. T. Rama Rao",movie,177,https://picsum.photos/seed/movie567/300/450,"A tollywood cinematic story of ambition, featuring a powerful ensemble cast and directed by S. Kumar."
568,Royal Signal (2017),Romance|Action|Adventure,2017,G. Del Toro,"Brad Pitt, Margot Robbie, Chris Evans",movie,103,https://picsum.photos/seed/movie568/300/450,"A hollywood cinematic story of ambition, featuring a powerful ensemble cast and directed by G. Del Toro."
569,Lighthouse Rang (2011),Drama|Romance,2011,Y. Chopra,"Ajay Devgn, Shraddha Kapoor, Deepika Padukone",movie,133,https://picsum.photos/seed/movie569/300/450,"A bollywood cinematic story of revenge, featuring a powerful ensemble cast and directed by Y. Chopra."
570,Dream Vikram (2011),Mystery|Romance|Comedy,2011,N. Teja,"Pooja Hegde, Naga Chaitanya, Allu Arjun",movie,141,https://picsum.photos/seed/movie570/300/450,"A tollywood cinematic story of ambition, featuring a powerful ensemble cast and directed by N. Teja."
571,Legend Velugu (2022),Comedy|Adventure|Drama,2022,S. Kumar,"N. T. Rama Rao, Allu Arjun, Naga Chaitanya",movie,184,https://picsum.photos/seed/movie571/300/450,"A tollywood cinematic story of love, featuring a powerful ensemble cast and directed by S. Kumar."
572,Velvet Sky (2013),Drama|Mystery|Action,2013,G. Del Toro,"Timothée Chalamet, Ryan Gosling, Leonardo DiCaprio",movie,156,https://picsum.photos/seed/movie572/300/450,"A hollywood cinematic story of ambition, featuring a powerful ensemble cast and directed by G. Del Toro."
573,Royal Ghar (2023),Action|Comedy,2023,V. Anand,"Ranbir Kapoor, Amitabh Bachchan, Alia Bhatt",movie,105,https://picsum.photos/seed/movie573/300/450,"A bollywood cinematic story of ambition, featuring a powerful ensemble cast and directed by V. Anand."
574,Heart Nasha (2022),Romance|Comedy|Mystery,2022,V. Anand,"Shah Rukh Khan, Shraddha Kapoor, Ranveer Singh",movie,181,https://picsum.photos/seed/movie574/300/450,"A bollywood cinematic story of ambition, featuring a powerful ensemble cast and directed by V. Anand."
575,Raaj Rang (2026),Romance|Thriller|Action,2026,V. Anand,"Ranbir Kapoor, Shraddha Kapoor, Kareena Kapoor",movie,153,https://picsum.photos/seed/movie575/300/450,"A bollywood cinematic story of family, featuring a powerful ensemble cast and directed by V. Anand."
576,Love Katha (2017),Adventure|Romance,2017,M. Hirani,"Shah Rukh Khan, Shraddha Kapoor, Ranbir Kapoor",movie,164,https://picsum.photos/seed/movie576/300/450,"A bollywood cinematic story of love, featuring a powerful ensemble cast and directed by M. Hirani."
577,River Vikram (2011),Action|Adventure|Drama,2011,C. Tirumala,"Ram Charan, Nayanthara, Pooja Hegde",tv_show,172,https://picsum.photos/seed/movie577/300/450,"A tollywood cinematic story of courage, featuring a powerful ensemble cast and directed by C. Tirumala."
578,Vijay Stars (2017),Action|Comedy|Adventure,2017,S. Kumar,"Ram Charan, Prabhas, Mahesh Babu",movie,162,https://picsum.photos/seed/movie578/300/450,"A tollywood cinematic story of family, featuring a powerful ensemble cast and directed by S. Kumar."
579,Eternal Love (2023),Adventure|Thriller|Action,2023,S. Ali,"Shah Rukh Khan, Alia Bhatt, Ajay Devgn",movie,102,https://picsum.photos/seed/movie579/300/450,"A bollywood cinematic story of redemption, featuring a powerful ensemble cast and directed by S. Ali."
580,Power Rangula (2023),Mystery|Drama|Comedy,2023,P. Raghav,"Ram Charan, Prabhas, Allu Arjun",movie,190,https://picsum.photos/seed/movie580/300/450,"A tollywood cinematic story of love, featuring a powerful ensemble cast and directed by P. Raghav."
581,Power Nayak (2016),Drama|Thriller,2016,R. Reddy,"Allu Arjun, Pooja Hegde, Samantha Ruth Prabhu",movie,98,https://picsum.photos/seed/movie581/300/450,"A tollywood cinematic story of family, featuring a powerful ensemble cast and directed by R. Reddy."
582,Storm Vikram (2014),Adventure|Drama|Comedy,2014,T. Nag,"N. T. Rama Rao, Allu Arjun, Anushka Shetty",movie,169,https://picsum.photos/seed/movie582/300/450,"A tollywood cinematic story of family, featuring a powerful ensemble cast and directed by T. Nag."
583,Dhoom Azaadi (2013),Sci-Fi|Romance,2013,R. Kapoor,"Ranbir Kapoor, Ranveer Singh, Kareena Kapoor",movie,158,https://picsum.photos/seed/movie583/300/450,"A bollywood cinematic story of family, featuring a powerful ensemble cast and directed by R. Kapoor."
584,Aashiq Dhoop (2009),Comedy|Drama,2009,Z. Ansari,"Priyanka Chopra, Alia Bhatt, Kareena Kapoor",movie,187,https://picsum.photos/seed/movie584/300/450,"A bollywood cinematic story of courage, featuring a powerful ensemble cast and directed by Z. Ansari."
585,Jungle Katha (2010),Thriller|Adventure,2010,K. Johar,"Ajay Devgn, Amitabh Bachchan, Ranbir Kapoor",movie,141,https://picsum.photos/seed/movie585/300/450,"A bollywood cinematic story of revenge, featuring a powerful ensemble cast and directed by K. Johar."
586,Crimson Heist (2008),Mystery|Adventure|Action,2008,D. Fincher,"Emma Stone, Chris Evans, Ana de Armas",tv_show,124,https://picsum.photos/seed/movie586/300/450,"A hollywood cinematic story of revenge, featuring a powerful ensemble cast and directed by D. Fincher."
587,Neon City (2025),Drama|Romance,2025,M. Cameron,"Tom Hanks, Chris Evans, Timothée Chalamet",movie,98,https://picsum.photos/seed/movie587/300/450,"A hollywood cinematic story of ambition, featuring a powerful ensemble cast and directed by M. Cameron."
588,Dhoom Rang (2020),Sci-Fi|Action|Drama,2020,Y. Chopra,"Priyanka Chopra, Deepika Padukone, Ranbir Kapoor",movie,188,https://picsum.photos/seed/movie588/300/450,"A bollywood cinematic story of courage, featuring a powerful ensemble cast and directed by Y. Chopra."
589,Pardesi Dhoop (2020),Romance|Drama,2020,K. Johar,"Ajay Devgn, Priyanka Chopra, Ranveer Singh",movie,146,https://picsum.photos/seed/movie589/300/450,"A bollywood cinematic story of ambition, featuring a powerful ensemble cast and directed by K. Johar."
590,Pardesi Dhoop (2009),Mystery|Comedy|Adventure,2009,V. Anand,"Ranbir Kapoor, Alia Bhatt, Deepika Padukone",tv_show,125,https://picsum.photos/seed/movie590/300/450,"A bollywood cinematic story of revenge, featuring a powerful ensemble cast and directed by V. Anand."
591,Lagaan Katha (2017),Thriller|Sci-Fi,2017,R. Kapoor,"Shraddha Kapoor, Shah Rukh Khan, Ranbir Kapoor",movie,171,https://picsum.photos/seed/movie591/300/450,"A bollywood cinematic story of redemption, featuring a powerful ensemble cast and directed by R. Kapoor."
592,Aashiq Rang (2025),Thriller|Romance|Action,2025,K. Johar,"Kareena Kapoor, Ajay Devgn, Shah Rukh Khan",movie,186,https://picsum.photos/seed/movie592/300/450,"A bollywood cinematic story of revenge, featuring a powerful ensemble cast and directed by K. Johar."
593,Royal Milan (2022),Sci-Fi|Comedy,2022,M. Hirani,"Ajay Devgn, Shah Rukh Khan, Amitabh Bachchan",movie,132,https://picsum.photos/seed/movie593/300/450,"A bollywood cinematic story of redemption, featuring a powerful ensemble cast and directed by M. Hirani."
594,Aashiq Rang (2013),Adventure|Comedy|Sci-Fi,2013,S. Bhatt,"Ranbir Kapoor, Deepika Padukone, Alia Bhatt",movie,96,https://picsum.photos/seed/movie594/300/450,"A bollywood cinematic story of redemption, featuring a powerful ensemble cast and directed by S. Bhatt."
595,Raja Sena (2012),Drama|Action|Sci-Fi,2012,R. Reddy,"Pooja Hegde, Samantha Ruth Prabhu, Allu Arjun",tv_show,181,https://picsum.photos/seed/movie595/300/450,"A tollywood cinematic story of redemption, featuring a powerful ensemble cast and directed by R. Reddy."
596,Final Kingdom (2021),Romance|Adventure|Thriller,2021,N. Burton,"Chris Evans, Timothée Chalamet, Leonardo DiCaprio",movie,126,https://picsum.photos/seed/movie596/300/450,"A hollywood cinematic story of revenge, featuring a powerful ensemble cast and directed by N. Burton."
597,Storm Frontier (2013),Comedy|Action,2013,G. Del Toro,"Zendaya, Brad Pitt, Tom Hanks",movie,115,https://picsum.photos/seed/movie597/300/450,"A hollywood cinematic story of courage, featuring a powerful ensemble cast and directed by G. Del Toro."
598,Dream Velugu (2009),Drama|Romance,2009,C. Tirumala,"Nayanthara, Pooja Hegde, Allu Arjun",tv_show,162,https://picsum.photos/seed/movie598/300/450,"A tollywood cinematic story of love, featuring a powerful ensemble cast and directed by C. Tirumala."
599,Nightfall Alliance (2021),Comedy|Mystery,2021,W. Anderson,"Chris Evans, Margot Robbie, Brad Pitt",movie,124,https://picsum.photos/seed/movie599/300/450,"A hollywood cinematic story of courage, featuring a powerful ensemble cast and directed by W. Anderson."
600,Storm Vikram (2012),Mystery|Drama,2012,C. Tirumala,"Samantha Ruth Prabhu, Nayanthara, Allu Arjun",movie,108,https://picsum.photos/seed/movie600/300/450,"A tollywood cinematic story of love, featuring a powerful ensemble cast and directed by C. Tirumala."
601,Eternal Dil (2022),Sci-Fi|Drama,2022,K. Johar,"Alia Bhatt, Kareena Kapoor, Deepika Padukone",movie,178,https://picsum.photos/seed/movie601/300/450,"A bollywood cinematic story of ambition, featuring a powerful ensemble cast and directed by K. Johar."
602,Power Vikram (2021),Action|Romance,2021,A. Srinivas,"Allu Arjun, N. T. Rama Rao, Anushka Shetty",movie,150,https://picsum.photos/seed/movie602/300/450,"A tollywood cinematic story of courage, featuring a powerful ensemble cast and directed by A. Srinivas."
603,Hero Sundari (2009),Mystery|Adventure|Romance,2009,R. Reddy,"Allu Arjun, Anushka Shetty, Pooja Hegde",movie,161,https://picsum.photos/seed/movie603/300/450,"A tollywood cinematic story of love, featuring a powerful ensemble cast and directed by R. Reddy."
604,Raja Nayak (2013),Drama|Romance,2013,P. Raghav,"Naga Chaitanya, Ram Charan, Nayanthara",movie,145,https://picsum.photos/seed/movie604/300/450,"A tollywood cinematic story of revenge, featuring a powerful ensemble cast and directed by P. Raghav."
605,Monsoon Katha (2009),Thriller|Romance|Sci-Fi,2009,Y. Chopra,"Kareena Kapoor, Amitabh Bachchan, Alia Bhatt",movie,123,https://picsum.photos/seed/movie605/300/450,"A bollywood cinematic story of family, featuring a powerful ensemble cast and directed by Y. Chopra."
606,Jungle Milan (2018),Comedy|Drama,2018,V. Anand,"Ranveer Singh, Ranbir Kapoor, Kareena Kapoor",movie,113,https://picsum.photos/seed/movie606/300/450,"A bollywood cinematic story of love, featuring a powerful ensemble cast and directed by V. Anand."
607,Eternal Milan (2022),Adventure|Sci-Fi|Thriller,2022,R. Shetty,"Deepika Padukone, Kareena Kapoor, Shah Rukh Khan",movie,153,https://picsum.photos/seed/movie607/300/450,"A bollywood cinematic story of love, featuring a powerful ensemble cast and directed by R. Shetty."
608,Dream Velugu (2011),Romance|Adventure,2011,T. Nag,"N. T. Rama Rao, Samantha Ruth Prabhu, Allu Arjun",movie,124,https://picsum.photos/seed/movie608/300/450,"A tollywood cinematic story of family, featuring a powerful ensemble cast and directed by T. Nag."
609,Crown Empire (2026),Comedy|Mystery,2026,R. Reddy,"Anushka Shetty, Prabhas, Pooja Hegde",movie,102,https://picsum.photos/seed/movie609/300/450,"A tollywood cinematic story of courage, featuring a powerful ensemble cast and directed by R. Reddy."
610,Neon Echo (2020),Action|Sci-Fi,2020,N. Burton,"Timothée Chalamet, Margot Robbie, Ryan Gosling",movie,180,https://picsum.photos/seed/movie610/300/450,"A hollywood cinematic story of redemption, featuring a powerful ensemble cast and directed by N. Burton."
611,Lagaan Ghar (2008),Comedy|Mystery,2008,M. Hirani,"Shah Rukh Khan, Kareena Kapoor, Alia Bhatt",movie,172,https://picsum.photos/seed/movie611/300/450,"A bollywood cinematic story of courage, featuring a powerful ensemble cast and directed by M. Hirani."
612,Raaj Love (2010),Thriller|Drama|Mystery,2010,Z. Ansari,"Shraddha Kapoor, Ajay Devgn, Deepika Padukone",movie,141,https://picsum.photos/seed/movie612/300/450,"A bollywood cinematic story of love, featuring a powerful ensemble cast and directed by Z. Ansari."
613,Final Heist (2013),Thriller|Comedy,2013,G. Del Toro,"Zendaya, Emma Stone, Leonardo DiCaprio",movie,184,https://picsum.photos/seed/movie613/300/450,"A hollywood cinematic story of courage, featuring a powerful ensemble cast and directed by G. Del Toro."
614,Crown Velugu (2019),Sci-Fi|Comedy|Mystery,2019,S. Kumar,"Ram Charan, Anushka Shetty, Samantha Ruth Prabhu",movie,166,https://picsum.photos/seed/movie614/300/450,"A tollywood cinematic story of ambition, featuring a powerful ensemble cast and directed by S. Kumar."
615,Golden Signal (2019),Action|Thriller,2019,P. Jackson,"Leonardo DiCaprio, Zendaya, Ana de Armas",movie,149,https://picsum.photos/seed/movie615/300/450,"A hollywood cinematic story of redemption, featuring a powerful ensemble cast and directed by P. Jackson."
616,Hidden Run (2023),Mystery|Action|Comedy,2023,J. Nolan,"Ana de Armas, Margot Robbie, Emma Stone",movie,106,https://picsum.photos/seed/movie616/300/450,"A hollywood cinematic story of redemption, featuring a powerful ensemble cast and directed by J. Nolan."
617,Pardesi Dil (2024),Drama|Thriller,2024,R. Shetty,"Amitabh Bachchan, Shah Rukh Khan, Deepika Padukone",movie,102,https://picsum.photos/seed/movie617/300/450,"A bollywood cinematic story of ambition, featuring a powerful ensemble cast and directed by R. Shetty."
618,Galaxy Sundari (2016),Sci-Fi|Drama,2016,T. Nag,"Allu Arjun, N. T. Rama Rao, Mahesh Babu",movie,140,https://picsum.photos/seed/movie618/300/450,"A tollywood cinematic story of love, featuring a powerful ensemble cast and directed by T. Nag."
619,Storm City (2018),Romance|Drama|Mystery,2018,P. Jackson,"Chris Evans, Timothée Chalamet, Emma Stone",movie,167,https://picsum.photos/seed/movie619/300/450,"A hollywood cinematic story of courage, featuring a powerful ensemble cast and directed by P. Jackson."
620,Vijay Vikram (2025),Romance|Adventure,2025,R. Reddy,"Mahesh Babu, Pooja Hegde, N. T. Rama Rao",movie,178,https://picsum.photos/seed/movie620/300/450,"A tollywood cinematic story of ambition, featuring a powerful ensemble cast and directed by R. Reddy."
621,Galaxy Sundari (2023),Drama|Sci-Fi|Mystery,2023,S. Rajamouli,"Nayanthara, Ram Charan, Pooja Hegde",movie,104,https://picsum.photos/seed/movie621/300/450,"A tollywood cinematic story of love, featuring a powerful ensemble cast and directed by S. Rajamouli."
622,Power Raja (2014),Drama|Romance,2014,B. Krishna,"Prabhas, Samantha Ruth Prabhu, Pooja Hegde",movie,108,https://picsum.photos/seed/movie622/300/450,"A tollywood cinematic story of ambition, featuring a powerful ensemble cast and directed by B. Krishna."
623,Saffron Rang (2013),Sci-Fi|Thriller,2013,Y. Chopra,"Kareena Kapoor, Shraddha Kapoor, Ranbir Kapoor",tv_show,127,https://picsum.photos/seed/movie623/300/450,"A bollywood cinematic story of family, featuring a powerful ensemble cast and directed by Y. Chopra."
624,Saffron Katha (2008),Action|Comedy|Mystery,2008,A. Khan,"Ajay Devgn, Shraddha Kapoor, Kareena Kapoor",movie,165,https://picsum.photos/seed/movie624/300/450,"A bollywood cinematic story of redemption, featuring a powerful ensemble cast and directed by A. Khan."
625,Victory Sena (2015),Drama|Romance|Adventure,2015,R. Reddy,"Anushka Shetty, Mahesh Babu, Pooja Hegde",movie,150,https://picsum.photos/seed/movie625/300/450,"A tollywood cinematic story of love, featuring a powerful ensemble cast and directed by R. Reddy."
626,Love Katha (2022),Sci-Fi|Romance,2022,R. Shetty,"Shah Rukh Khan, Ranveer Singh, Amitabh Bachchan",movie,154,https://picsum.photos/seed/movie626/300/450,"A bollywood cinematic story of revenge, featuring a powerful ensemble cast and directed by R. Shetty."
627,Victory Rangula (2022),Sci-Fi|Mystery|Drama,2022,V. Vamsi,"Allu Arjun, Pooja Hegde, Anushka Shetty",movie,126,https://picsum.photos/seed/movie627/300/450,"A tollywood cinematic story of redemption, featuring a powerful ensemble cast and directed by V. Vamsi."
628,Vijay Sena (2012),Mystery|Comedy,2012,V. Vamsi,"Samantha Ruth Prabhu, Prabhas, Naga Chaitanya",movie,116,https://picsum.photos/seed/movie628/300/450,"A tollywood cinematic story of family, featuring a powerful ensemble cast and directed by V. Vamsi."
629,Midnight Frontier (2016),Adventure|Comedy,2016,N. Burton,"Leonardo DiCaprio, Timothée Chalamet, Tom Hanks",movie,119,https://picsum.photos/seed/movie629/300/450,"A hollywood cinematic story of love, featuring a powerful ensemble cast and directed by N. Burton."
630,Power Sena (2016),Drama|Adventure,2016,T. Nag,"Ram Charan, Mahesh Babu, Allu Arjun",movie,146,https://picsum.photos/seed/movie630/300/450,"A tollywood cinematic story of ambition, featuring a powerful ensemble cast and directed by T. Nag."
631,Silver Kingdom (2011),Drama|Mystery,2011,J. Nolan,"Tom Hanks, Ana de Armas, Margot Robbie",tv_show,136,https://picsum.photos/seed/movie631/300/450,"A hollywood cinematic story of revenge, featuring a powerful ensemble cast and directed by J. Nolan."
632,Legend Sena (2024),Romance|Action|Drama,2024,B. Krishna,"N. T. Rama Rao, Prabhas, Ram Charan",movie,143,https://picsum.photos/seed/movie632/300/450,"A tollywood cinematic story of love, featuring a powerful ensemble cast and directed by B. Krishna."
633,Final Rise (2018),Adventure|Sci-Fi|Comedy,2018,S. Spielberg,"Ana de Armas, Leonardo DiCaprio, Margot Robbie",movie,175,https://picsum.photos/seed/movie633/300/450,"A hollywood cinematic story of revenge, featuring a powerful ensemble cast and directed by S. Spielberg."
634,Golden Alliance (2021),Sci-Fi|Mystery|Thriller,2021,D. Fincher,"Leonardo DiCaprio, Zendaya, Ana de Armas",movie,136,https://picsum.photos/seed/movie634/300/450,"A hollywood cinematic story of love, featuring a powerful ensemble cast and directed by D. Fincher."
635,Dream Love (2024),Romance|Comedy|Action,2024,A. Khan,"Deepika Padukone, Alia Bhatt, Ranbir Kapoor",movie,94,https://picsum.photos/seed/movie635/300/450,"A bollywood cinematic story of redemption, featuring a powerful ensemble cast and directed by A. Khan."
636,Raja Sundari (2009),Adventure|Romance|Action,2009,P. Raghav,"Allu Arjun, Pooja Hegde, Anushka Shetty",movie,157,https://picsum.photos/seed/movie636/300/450,"A tollywood cinematic story of family, featuring a powerful ensemble cast and directed by P. Raghav."
637,Nightfall Signal (2022),Comedy|Romance|Action,2022,D. Fincher,"Ana de Armas, Chris Evans, Ryan Gosling",movie,132,https://picsum.photos/seed/movie637/300/450,"A hollywood cinematic story of ambition, featuring a powerful ensemble cast and directed by D. Fincher."
638,Galaxy Velugu (2024),Adventure|Mystery|Sci-Fi,2024,P. Raghav,"Allu Arjun, Samantha Ruth Prabhu, N. T. Rama Rao",tv_show,93,https://picsum.photos/seed/movie638/300/450,"A tollywood cinematic story of family, featuring a powerful ensemble cast and directed by P. Raghav."
639,Legend Empire (2017),Thriller|Adventure|Sci-Fi,2017,C. Tirumala,"Anushka Shetty, N. T. Rama Rao, Mahesh Babu",movie,96,https://picsum.photos/seed/movie639/300/450,"A tollywood cinematic story of redemption, featuring a powerful ensemble cast and directed by C. Tirumala."
640,Velvet City (2026),Adventure|Romance,2026,C. Nolan,"Chris Evans, Ryan Gosling, Brad Pitt",movie,190,https://picsum.photos/seed/movie640/300/450,"A hollywood cinematic story of redemption, featuring a powerful ensemble cast and directed by C. Nolan."
641,Hero Velugu (2020),Adventure|Comedy,2020,P. Raghav,"Samantha Ruth Prabhu, N. T. Rama Rao, Ram Charan",movie,181,https://picsum.photos/seed/movie641/300/450,"A tollywood cinematic story of ambition, featuring a powerful ensemble cast and directed by P. Raghav."
642,Monsoon Rang (2009),Drama|Romance|Adventure,2009,R. Shetty,"Ranveer Singh, Kareena Kapoor, Priyanka Chopra",movie,165,https://picsum.photos/seed/movie642/300/450,"A bollywood cinematic story of family, featuring a powerful ensemble cast and directed by R. Shetty."
643,Diamond Vikram (2016),Mystery|Sci-Fi|Drama,2016,A. Srinivas,"Naga Chaitanya, Pooja Hegde, Nayanthara",movie,106,https://picsum.photos/seed/movie643/300/450,"A tollywood cinematic story of ambition, featuring a powerful ensemble cast and directed by A. Srinivas."
644,Storm Velugu (2024),Action|Adventure|Drama,2024,P. Raghav,"N. T. Rama Rao, Samantha Ruth Prabhu, Naga Chaitanya",movie,137,https://picsum.photos/seed/movie644/300/450,"A tollywood cinematic story of love, featuring a powerful ensemble cast and directed by P. Raghav."
645,Dream Vikram (2011),Drama|Romance,2011,S. Kumar,"Ram Charan, Allu Arjun, Mahesh Babu",movie,137,https://picsum.photos/seed/movie645/300/450,"A tollywood cinematic story of courage, featuring a powerful ensemble cast and directed by S. Kumar."
646,Lagaan Love (2012),Thriller|Drama|Mystery,2012,Y. Chopra,"Shraddha Kapoor, Ajay Devgn, Shah Rukh Khan",movie,152,https://picsum.photos/seed/movie646/300/450,"A bollywood cinematic story of love, featuring a powerful ensemble cast and directed by Y. Chopra."
647,Royal Frontier (2010),Adventure|Mystery|Comedy,2010,C. Nolan,"Zendaya, Chris Evans, Emma Stone",movie,182,https://picsum.photos/seed/movie647/300/450,"A hollywood cinematic story of family, featuring a powerful ensemble cast and directed by C. Nolan."
648,Golden Run (2024),Drama|Mystery|Thriller,2024,W. Anderson,"Chris Evans, Timothée Chalamet, Leonardo DiCaprio",movie,142,https://picsum.photos/seed/movie648/300/450,"A hollywood cinematic story of ambition, featuring a powerful ensemble cast and directed by W. Anderson."
649,Black Signal (2018),Romance|Adventure,2018,J. Nolan,"Tom Hanks, Chris Evans, Emma Stone",movie,170,https://picsum.photos/seed/movie649/300/450,"A hollywood cinematic story of redemption, featuring a powerful ensemble cast and directed by J. Nolan."
650,Lighthouse Rang (2025),Sci-Fi|Thriller,2025,A. Khan,"Priyanka Chopra, Ranbir Kapoor, Shah Rukh Khan",movie,105,https://picsum.photos/seed/movie650/300/450,"A bollywood cinematic story of redemption, featuring a powerful ensemble cast and directed by A. Khan."
651,Raja Raja (2016),Mystery|Thriller|Action,2016,N. Teja,"Samantha Ruth Prabhu, Naga Chaitanya, N. T. Rama Rao",movie,92,https://picsum.photos/seed/movie651/300/450,"A tollywood cinematic story of courage, featuring a powerful ensemble cast and directed by N. Teja."
652,Dream Nasha (2008),Drama|Action,2008,Z. Ansari,"Alia Bhatt, Ajay Devgn, Amitabh Bachchan",movie,126,https://picsum.photos/seed/movie652/300/450,"A bollywood cinematic story of revenge, featuring a powerful ensemble cast and directed by Z. Ansari."
653,Neon Echo (2012),Romance|Action|Adventure,2012,S. Spielberg,"Zendaya, Leonardo DiCaprio, Tom Hanks",movie,139,https://picsum.photos/seed/movie653/300/450,"A hollywood cinematic story of love, featuring a powerful ensemble cast and directed by S. Spielberg."
654,Dream Nasha (2018),Comedy|Mystery,2018,S. Bhatt,"Ajay Devgn, Deepika Padukone, Shah Rukh Khan",movie,120,https://picsum.photos/seed/movie654/300/450,"A bollywood cinematic story of ambition, featuring a powerful ensemble cast and directed by S. Bhatt."
655,Diamond Waves (2020),Mystery|Action|Comedy,2020,S. Kumar,"Allu Arjun, Mahesh Babu, Ram Charan",movie,171,https://picsum.photos/seed/movie655/300/450,"A tollywood cinematic story of revenge, featuring a powerful ensemble cast and directed by S. Kumar."
656,Neon Alliance (2026),Mystery|Comedy|Action,2026,A. Villeneuve,"Brad Pitt, Ana de Armas, Leonardo DiCaprio",movie,154,https://picsum.photos/seed/movie656/300/450,"A hollywood cinematic story of revenge, featuring a powerful ensemble cast and directed by A. Villeneuve."
657,Ghost Alliance (2013),Action|Mystery,2013,D. Fincher,"Ana de Armas, Zendaya, Chris Evans",movie,169,https://picsum.photos/seed/movie657/300/450,"A hollywood cinematic story of courage, featuring a powerful ensemble cast and directed by D. Fincher."
658,Raja Raja (2009),Comedy|Thriller|Mystery,2009,B. Krishna,"Allu Arjun, Nayanthara, Pooja Hegde",movie,110,https://picsum.photos/seed/movie658/300/450,"A tollywood cinematic story of redemption, featuring a powerful ensemble cast and directed by B. Krishna."
659,Crown Stars (2017),Mystery|Drama|Thriller,2017,S. Kumar,"Pooja Hegde, N. T. Rama Rao, Prabhas",movie,130,https://picsum.photos/seed/movie659/300/450,"A tollywood cinematic story of redemption, featuring a powerful ensemble cast and directed by S. Kumar."
660,Dhoom Ghar (2022),Sci-Fi|Thriller,2022,S. Bhatt,"Priyanka Chopra, Alia Bhatt, Ranbir Kapoor",movie,178,https://picsum.photos/seed/movie660/300/450,"A bollywood cinematic story of revenge, featuring a powerful ensemble cast and directed by S. Bhatt."
661,Victory Raja (2023),Mystery|Thriller|Action,2023,R. Reddy,"Mahesh Babu, Prabhas, Pooja Hegde",movie,173,https://picsum.photos/seed/movie661/300/450,"A tollywood cinematic story of redemption, featuring a powerful ensemble cast and directed by R. Reddy."
662,Royal Sky (2022),Romance|Mystery|Adventure,2022,A. Villeneuve,"Ryan Gosling, Zendaya, Timothée Chalamet",movie,105,https://picsum.photos/seed/movie662/300/450,"A hollywood cinematic story of ambition, featuring a powerful ensemble cast and directed by A. Villeneuve."
663,Aashiq Dil (2022),Comedy|Action|Thriller,2022,R. Kapoor,"Priyanka Chopra, Shah Rukh Khan, Amitabh Bachchan",movie,181,https://picsum.photos/seed/movie663/300/450,"A bollywood cinematic story of revenge, featuring a powerful ensemble cast and directed by R. Kapoor."
664,Velvet Frontier (2009),Mystery|Action,2009,S. Spielberg,"Chris Evans, Brad Pitt, Tom Hanks",movie,162,https://picsum.photos/seed/movie664/300/450,"A hollywood cinematic story of family, featuring a powerful ensemble cast and directed by S. Spielberg."
665,Dream Azaadi (2014),Drama|Sci-Fi,2014,S. Ali,"Shraddha Kapoor, Ranveer Singh, Deepika Padukone",movie,162,https://picsum.photos/seed/movie665/300/450,"A bollywood cinematic story of revenge, featuring a powerful ensemble cast and directed by S. Ali."
666,Galaxy Nayak (2014),Mystery|Adventure,2014,R. Reddy,"Anushka Shetty, Allu Arjun, Naga Chaitanya",movie,173,https://picsum.photos/seed/movie666/300/450,"A tollywood cinematic story of love, featuring a powerful ensemble cast and directed by R. Reddy."
667,Jungle Nasha (2016),Action|Adventure|Drama,2016,A. Khan,"Ranbir Kapoor, Kareena Kapoor, Shraddha Kapoor",movie,143,https://picsum.photos/seed/movie667/300/450,"A bollywood cinematic story of family, featuring a powerful ensemble cast and directed by A. Khan."
668,Heart Love (2020),Mystery|Action,2020,K. Johar,"Alia Bhatt, Deepika Padukone, Shah Rukh Khan",movie,115,https://picsum.photos/seed/movie668/300/450,"A bollywood cinematic story of revenge, featuring a powerful ensemble cast and directed by K. Johar."
669,Eternal Rang (2011),Thriller|Drama|Action,2011,R. Kapoor,"Kareena Kapoor, Ajay Devgn, Shah Rukh Khan",movie,133,https://picsum.photos/seed/movie669/300/450,"A bollywood cinematic story of love, featuring a powerful ensemble cast and directed by R. Kapoor."
670,Lighthouse Dil (2010),Drama|Action|Mystery,2010,S. Ali,"Shraddha Kapoor, Kareena Kapoor, Deepika Padukone",movie,138,https://picsum.photos/seed/movie670/300/450,"A bollywood cinematic story of courage, featuring a powerful ensemble cast and directed by S. Ali."
671,Vijay Velugu (2009),Drama|Adventure,2009,B. Krishna,"Mahesh Babu, Allu Arjun, Pooja Hegde",movie,96,https://picsum.photos/seed/movie671/300/450,"A tollywood cinematic story of courage, featuring a powerful ensemble cast and directed by B. Krishna."
672,Jungle Rang (2021),Sci-Fi|Mystery|Comedy,2021,K. Johar,"Shraddha Kapoor, Shah Rukh Khan, Kareena Kapoor",movie,169,https://picsum.photos/seed/movie672/300/450,"A bollywood cinematic story of love, featuring a powerful ensemble cast and directed by K. Johar."
673,Dhoom Love (2022),Action|Thriller,2022,Z. Ansari,"Alia Bhatt, Priyanka Chopra, Deepika Padukone",movie,165,https://picsum.photos/seed/movie673/300/450,"A bollywood cinematic story of revenge, featuring a powerful ensemble cast and directed by Z. Ansari."
674,Raja Waves (2016),Comedy|Drama,2016,T. Nag,"Pooja Hegde, Naga Chaitanya, Anushka Shetty",movie,97,https://picsum.photos/seed/movie674/300/450,"A tollywood cinematic story of revenge, featuring a powerful ensemble cast and directed by T. Nag."
675,Love Nasha (2024),Sci-Fi|Romance,2024,M. Hirani,"Amitabh Bachchan, Ranbir Kapoor, Ranveer Singh",movie,127,https://picsum.photos/seed/movie675/300/450,"A bollywood cinematic story of courage, featuring a powerful ensemble cast and directed by M. Hirani."
676,Royal Kingdom (2012),Adventure|Drama|Mystery,2012,C. Nolan,"Brad Pitt, Ana de Armas, Tom Hanks",movie,115,https://picsum.photos/seed/movie676/300/450,"A hollywood cinematic story of love, featuring a powerful ensemble cast and directed by C. Nolan."
677,Royal Sangam (2022),Adventure|Drama|Action,2022,S. Ali,"Alia Bhatt, Shraddha Kapoor, Amitabh Bachchan",movie,95,https://picsum.photos/seed/movie677/300/450,"A bollywood cinematic story of ambition, featuring a powerful ensemble cast and directed by S. Ali."
678,Black Sky (2015),Adventure|Mystery|Sci-Fi,2015,D. Fincher,"Chris Evans, Brad Pitt, Ana de Armas",movie,141,https://picsum.photos/seed/movie678/300/450,"A hollywood cinematic story of revenge, featuring a powerful ensemble cast and directed by D. Fincher."
679,Ghost Sky (2010),Thriller|Comedy,2010,N. Burton,"Tom Hanks, Ana de Armas, Margot Robbie",tv_show,164,https://picsum.photos/seed/movie679/300/450,"A hollywood cinematic story of courage, featuring a powerful ensemble cast and directed by N. Burton."
680,Midnight Heist (2014),Adventure|Mystery,2014,S. Spielberg,"Leonardo DiCaprio, Brad Pitt, Emma Stone",movie,112,https://picsum.photos/seed/movie680/300/450,"A hollywood cinematic story of revenge, featuring a powerful ensemble cast and directed by S. Spielberg."
681,Crimson City (2011),Comedy|Romance|Sci-Fi,2011,C. Nolan,"Leonardo DiCaprio, Zendaya, Margot Robbie",tv_show,137,https://picsum.photos/seed/movie681/300/450,"A hollywood cinematic story of redemption, featuring a powerful ensemble cast and directed by C. Nolan."
682,Royal Kingdom (2021),Comedy|Thriller,2021,A. Villeneuve,"Margot Robbie, Leonardo DiCaprio, Ana de Armas",movie,137,https://picsum.photos/seed/movie682/300/450,"A hollywood cinematic story of courage, featuring a powerful ensemble cast and directed by A. Villeneuve."
683,Sunrise Empire (2009),Adventure|Drama,2009,A. Srinivas,"Nayanthara, Samantha Ruth Prabhu, Allu Arjun",movie,125,https://picsum.photos/seed/movie683/300/450,"A tollywood cinematic story of revenge, featuring a powerful ensemble cast and directed by A. Srinivas."
684,Crown Sena (2014),Adventure|Comedy|Thriller,2014,S. Kumar,"Naga Chaitanya, N. T. Rama Rao, Prabhas",movie,131,https://picsum.photos/seed/movie684/300/450,"A tollywood cinematic story of redemption, featuring a powerful ensemble cast and directed by S. Kumar."
685,Lighthouse Sangam (2023),Comedy|Drama,2023,V. Anand,"Amitabh Bachchan, Ajay Devgn, Shah Rukh Khan",movie,120,https://picsum.photos/seed/movie685/300/450,"A bollywood cinematic story of ambition, featuring a powerful ensemble cast and directed by V. Anand."
686,Neon Signal (2020),Romance|Mystery,2020,P. Jackson,"Leonardo DiCaprio, Ryan Gosling, Emma Stone",movie,146,https://picsum.photos/seed/movie686/300/450,"A hollywood cinematic story of family, featuring a powerful ensemble cast and directed by P. Jackson."
687,Royal Dhoop (2009),Sci-Fi|Comedy|Mystery,2009,V. Anand,"Ranbir Kapoor, Alia Bhatt, Ajay Devgn",movie,153,https://picsum.photos/seed/movie687/300/450,"A bollywood cinematic story of courage, featuring a powerful ensemble cast and directed by V. Anand."
688,Jungle Love (2013),Drama|Romance|Thriller,2013,V. Anand,"Priyanka Chopra, Amitabh Bachchan, Deepika Padukone",movie,172,https://picsum.photos/seed/movie688/300/450,"A bollywood cinematic story of love, featuring a powerful ensemble cast and directed by V. Anand."
689,Aashiq Dil (2011),Adventure|Drama,2011,A. Khan,"Deepika Padukone, Alia Bhatt, Shah Rukh Khan",movie,122,https://picsum.photos/seed/movie689/300/450,"A bollywood cinematic story of courage, featuring a powerful ensemble cast and directed by A. Khan."
690,Dream Nayak (2014),Thriller|Romance,2014,A. Srinivas,"Prabhas, Anushka Shetty, Allu Arjun",movie,190,https://picsum.photos/seed/movie690/300/450,"A tollywood cinematic story of ambition, featuring a powerful ensemble cast and directed by A. Srinivas."
691,Pardesi Dhoop (2008),Comedy|Adventure,2008,V. Anand,"Ranbir Kapoor, Ranveer Singh, Ajay Devgn",movie,150,https://picsum.photos/seed/movie691/300/450,"A bollywood cinematic story of revenge, featuring a powerful ensemble cast and directed by V. Anand."
692,Crown Waves (2022),Mystery|Sci-Fi,2022,B. Krishna,"Ram Charan, N. T. Rama Rao, Nayanthara",movie,143,https://picsum.photos/seed/movie692/300/450,"A tollywood cinematic story of revenge, featuring a powerful ensemble cast and directed by B. Krishna."
693,Lagaan Azaadi (2008),Sci-Fi|Mystery,2008,M. Hirani,"Ranveer Singh, Shraddha Kapoor, Amitabh Bachchan",movie,135,https://picsum.photos/seed/movie693/300/450,"A bollywood cinematic story of courage, featuring a powerful ensemble cast and directed by M. Hirani."
694,Storm Signal (2020),Romance|Drama,2020,J. Nolan,"Emma Stone, Ryan Gosling, Tom Hanks",movie,132,https://picsum.photos/seed/movie694/300/450,"A hollywood cinematic story of family, featuring a powerful ensemble cast and directed by J. Nolan."
695,Diamond Sundari (2026),Mystery|Drama,2026,C. Tirumala,"Pooja Hegde, Samantha Ruth Prabhu, Nayanthara",movie,132,https://picsum.photos/seed/movie695/300/450,"A tollywood cinematic story of family, featuring a powerful ensemble cast and directed by C. Tirumala."
696,Dhoom Ghar (2010),Sci-Fi|Action,2010,Y. Chopra,"Deepika Padukone, Ranbir Kapoor, Ranveer Singh",tv_show,98,https://picsum.photos/seed/movie696/300/450,"A bollywood cinematic story of ambition, featuring a powerful ensemble cast and directed by Y. Chopra."
697,Royal Dil (2017),Action|Drama|Romance,2017,Z. Ansari,"Deepika Padukone, Kareena Kapoor, Shah Rukh Khan",movie,142,https://picsum.photos/seed/movie697/300/450,"A bollywood cinematic story of ambition, featuring a powerful ensemble cast and directed by Z. Ansari."
698,Silver Run (2025),Romance|Mystery,2025,G. Del Toro,"Chris Evans, Margot Robbie, Zendaya",tv_show,145,https://picsum.photos/seed/movie698/300/450,"A hollywood cinematic story of redemption, featuring a powerful ensemble cast and directed by G. Del Toro."
699,Storm Velugu (2026),Comedy|Action|Drama,2026,S. Rajamouli,"Nayanthara, Samantha Ruth Prabhu, Naga Chaitanya",movie,141,https://picsum.photos/seed/movie699/300/450,"A tollywood cinematic story of family, featuring a powerful ensemble cast and directed by S. Rajamouli."
700,Royal Frontier (2026),Thriller|Adventure,2026,W. Anderson,"Chris Evans, Timothée Chalamet, Tom Hanks",movie,148,https://picsum.photos/seed/movie700/300/450,"A hollywood cinematic story of courage, featuring a powerful ensemble cast and directed by W. Anderson."
701,Dream Nayak (2020),Mystery|Comedy,2020,A. Srinivas,"Prabhas, Pooja Hegde, Samantha Ruth Prabhu",movie,174,https://picsum.photos/seed/movie701/300/450,"A tollywood cinematic story of revenge, featuring a powerful ensemble cast and directed by A. Srinivas."
702,Crown Stars (2020),Drama|Adventure|Mystery,2020,R. Reddy,"Samantha Ruth Prabhu, Prabhas, Allu Arjun",movie,117,https://picsum.photos/seed/movie702/300/450,"A tollywood cinematic story of ambition, featuring a powerful ensemble cast and directed by R. Reddy."
703,Raaj Azaadi (2011),Sci-Fi|Drama|Romance,2011,M. Hirani,"Deepika Padukone, Shraddha Kapoor, Alia Bhatt",tv_show,95,https://picsum.photos/seed/movie703/300/450,"A bollywood cinematic story of ambition, featuring a powerful ensemble cast and directed by M. Hirani."
704,Silver Rise (2020),Action|Romance,2020,N. Burton,"Zendaya, Brad Pitt, Timothée Chalamet",movie,107,https://picsum.photos/seed/movie704/300/450,"A hollywood cinematic story of courage, featuring a powerful ensemble cast and directed by N. Burton."
705,Galaxy Sena (2023),Romance|Comedy|Sci-Fi,2023,B. Krishna,"N. T. Rama Rao, Nayanthara, Samantha Ruth Prabhu",movie,111,https://picsum.photos/seed/movie705/300/450,"A tollywood cinematic story of love, featuring a powerful ensemble cast and directed by B. Krishna."
706,Vijay Velugu (2017),Action|Adventure,2017,S. Kumar,"Anushka Shetty, Pooja Hegde, Prabhas",movie,146,https://picsum.photos/seed/movie706/300/450,"A tollywood cinematic story of courage, featuring a powerful ensemble cast and directed by S. Kumar."
707,Iron Sky (2025),Thriller|Comedy|Action,2025,D. Fincher,"Chris Evans, Tom Hanks, Margot Robbie",movie,96,https://picsum.photos/seed/movie707/300/450,"A hollywood cinematic story of ambition, featuring a powerful ensemble cast and directed by D. Fincher."
708,Black Heist (2019),Action|Sci-Fi|Romance,2019,D. Fincher,"Brad Pitt, Margot Robbie, Tom Hanks",movie,177,https://picsum.photos/seed/movie708/300/450,"A hollywood cinematic story of redemption, featuring a powerful ensemble cast and directed by D. Fincher."
709,Iron Echo (2013),Adventure|Thriller|Sci-Fi,2013,M. Cameron,"Tom Hanks, Zendaya, Margot Robbie",tv_show,116,https://picsum.photos/seed/movie709/300/450,"A hollywood cinematic story of family, featuring a powerful ensemble cast and directed by M. Cameron."
710,Jungle Rang (2015),Action|Comedy,2015,K. Johar,"Deepika Padukone, Alia Bhatt, Ranbir Kapoor",movie,91,https://picsum.photos/seed/movie710/300/450,"A bollywood cinematic story of ambition, featuring a powerful ensemble cast and directed by K. Johar."
711,Velvet Heist (2010),Comedy|Sci-Fi,2010,S. Spielberg,"Timothée Chalamet, Ryan Gosling, Tom Hanks",movie,166,https://picsum.photos/seed/movie711/300/450,"A hollywood cinematic story of ambition, featuring a powerful ensemble cast and directed by S. Spielberg."
712,Nightfall Alliance (2026),Romance|Sci-Fi|Drama,2026,M. Cameron,"Emma Stone, Margot Robbie, Ryan Gosling",movie,178,https://picsum.photos/seed/movie712/300/450,"A hollywood cinematic story of courage, featuring a powerful ensemble cast and directed by M. Cameron."
713,Storm Stars (2018),Action|Drama,2018,R. Reddy,"Nayanthara, Naga Chaitanya, Pooja Hegde",movie,187,https://picsum.photos/seed/movie713/300/450,"A tollywood cinematic story of love, featuring a powerful ensemble cast and directed by R. Reddy."
714,Royal Nasha (2015),Sci-Fi|Romance|Drama,2015,S. Ali,"Deepika Padukone, Shah Rukh Khan, Ranveer Singh",tv_show,116,https://picsum.photos/seed/movie714/300/450,"A bollywood cinematic story of redemption, featuring a powerful ensemble cast and directed by S. Ali."
715,Iron Kingdom (2022),Mystery|Adventure,2022,N. Burton,"Leonardo DiCaprio, Emma Stone, Ryan Gosling",movie,186,https://picsum.photos/seed/movie715/300/450,"A hollywood cinematic story of love, featuring a powerful ensemble cast and directed by N. Burton."
716,Final Frontier (2018),Comedy|Thriller,2018,D. Fincher,"Brad Pitt, Ana de Armas, Tom Hanks",movie,156,https://picsum.photos/seed/movie716/300/450,"A hollywood cinematic story of courage, featuring a powerful ensemble cast and directed by D. Fincher."
717,Velvet Sky (2010),Comedy|Drama,2010,W. Anderson,"Margot Robbie, Brad Pitt, Tom Hanks",movie,165,https://picsum.photos/seed/movie717/300/450,"A hollywood cinematic story of family, featuring a powerful ensemble cast and directed by W. Anderson."
718,Iron Alliance (2010),Comedy|Sci-Fi,2010,G. Del Toro,"Chris Evans, Emma Stone, Leonardo DiCaprio",tv_show,121,https://picsum.photos/seed/movie718/300/450,"A hollywood cinematic story of courage, featuring a powerful ensemble cast and directed by G. Del Toro."
719,Love Sangam (2014),Mystery|Drama|Comedy,2014,S. Bhatt,"Kareena Kapoor, Deepika Padukone, Alia Bhatt",movie,154,https://picsum.photos/seed/movie719/300/450,"A bollywood cinematic story of family, featuring a powerful ensemble cast and directed by S. Bhatt."
720,Sunrise Velugu (2023),Romance|Thriller|Adventure,2023,R. Reddy,"Pooja Hegde, Nayanthara, N. T. Rama Rao",tv_show,138,https://picsum.photos/seed/movie720/300/450,"A tollywood cinematic story of ambition, featuring a powerful ensemble cast and directed by R. Reddy."
721,Lagaan Ghar (2020),Romance|Adventure|Comedy,2020,Z. Ansari,"Shraddha Kapoor, Kareena Kapoor, Deepika Padukone",tv_show,114,https://picsum.photos/seed/movie721/300/450,"A bollywood cinematic story of love, featuring a powerful ensemble cast and directed by Z. Ansari."
722,Final Alliance (2019),Mystery|Comedy|Romance,2019,W. Anderson,"Zendaya, Timothée Chalamet, Ana de Armas",movie,165,https://picsum.photos/seed/movie722/300/450,"A hollywood cinematic story of love, featuring a powerful ensemble cast and directed by W. Anderson."
723,Aashiq Love (2011),Thriller|Mystery|Adventure,2011,R. Shetty,"Shraddha Kapoor, Ranveer Singh, Priyanka Chopra",movie,180,https://picsum.photos/seed/movie723/300/450,"A bollywood cinematic story of ambition, featuring a powerful ensemble cast and directed by R. Shetty."
724,Galaxy Rangula (2009),Action|Mystery|Romance,2009,C. Tirumala,"Pooja Hegde, Samantha Ruth Prabhu, Anushka Shetty",movie,176,https://picsum.photos/seed/movie724/300/450,"A tollywood cinematic story of love, featuring a powerful ensemble cast and directed by C. Tirumala."
725,Hero Velugu (2016),Romance|Action,2016,A. Srinivas,"Naga Chaitanya, Prabhas, Allu Arjun",movie,101,https://picsum.photos/seed/movie725/300/450,"A tollywood cinematic story of redemption, featuring a powerful ensemble cast and directed by A. Srinivas."
726,Victory Vikram (2020),Romance|Mystery|Comedy,2020,A. Srinivas,"N. T. Rama Rao, Anushka Shetty, Samantha Ruth Prabhu",movie,128,https://picsum.photos/seed/movie726/300/450,"A tollywood cinematic story of family, featuring a powerful ensemble cast and directed by A. Srinivas."
727,Hero Vikram (2026),Romance|Sci-Fi|Adventure,2026,S. Rajamouli,"Pooja Hegde, N. T. Rama Rao, Anushka Shetty",tv_show,185,https://picsum.photos/seed/movie727/300/450,"A tollywood cinematic story of ambition, featuring a powerful ensemble cast and directed by S. Rajamouli."
728,Legend Raja (2013),Mystery|Adventure|Romance,2013,B. Krishna,"Mahesh Babu, N. T. Rama Rao, Anushka Shetty",movie,111,https://picsum.photos/seed/movie728/300/450,"A tollywood cinematic story of revenge, featuring a powerful ensemble cast and directed by B. Krishna."
729,Dream Milan (2014),Comedy|Drama|Mystery,2014,V. Anand,"Ranveer Singh, Ranbir Kapoor, Deepika Padukone",movie,113,https://picsum.photos/seed/movie729/300/450,"A bollywood cinematic story of revenge, featuring a powerful ensemble cast and directed by V. Anand."
730,Aashiq Nasha (2022),Drama|Comedy|Action,2022,S. Ali,"Deepika Padukone, Ranveer Singh, Shraddha Kapoor",movie,133,https://picsum.photos/seed/movie730/300/450,"A bollywood cinematic story of love, featuring a powerful ensemble cast and directed by S. Ali."
731,Power Sena (2023),Action|Sci-Fi,2023,S. Kumar,"Mahesh Babu, Nayanthara, Allu Arjun",tv_show,90,https://picsum.photos/seed/movie731/300/450,"A tollywood cinematic story of ambition, featuring a powerful ensemble cast and directed by S. Kumar."
732,Royal Nayak (2023),Adventure|Romance|Drama,2023,B. Krishna,"Ram Charan, Pooja Hegde, Nayanthara",movie,175,https://picsum.photos/seed/movie732/300/450,"A tollywood cinematic story of ambition, featuring a powerful ensemble cast and directed by B. Krishna."
733,Love Love (2019),Romance|Action|Thriller,2019,M. Hirani,"Deepika Padukone, Shah Rukh Khan, Kareena Kapoor",movie,157,https://picsum.photos/seed/movie733/300/450,"A bollywood cinematic story of courage, featuring a powerful ensemble cast and directed by M. Hirani."
734,Diamond Empire (2019),Action|Adventure,2019,B. Krishna,"Nayanthara, Naga Chaitanya, Pooja Hegde",movie,131,https://picsum.photos/seed/movie734/300/450,"A tollywood cinematic story of love, featuring a powerful ensemble cast and directed by B. Krishna."
735,River Raja (2018),Adventure|Comedy,2018,B. Krishna,"Samantha Ruth Prabhu, Naga Chaitanya, Pooja Hegde",movie,150,https://picsum.photos/seed/movie735/300/450,"A tollywood cinematic story of redemption, featuring a powerful ensemble cast and directed by B. Krishna."
736,Victory Stars (2020),Romance|Comedy,2020,S. Rajamouli,"Nayanthara, Samantha Ruth Prabhu, Prabhas",movie,128,https://picsum.photos/seed/movie736/300/450,"A tollywood cinematic story of redemption, featuring a powerful ensemble cast and directed by S. Rajamouli."
737,Dream Sena (2013),Comedy|Drama,2013,B. Krishna,"N. T. Rama Rao, Naga Chaitanya, Samantha Ruth Prabhu",movie,174,https://picsum.photos/seed/movie737/300/450,"A tollywood cinematic story of redemption, featuring a powerful ensemble cast and directed by B. Krishna."
738,Silver Signal (2008),Thriller|Adventure,2008,M. Cameron,"Ryan Gosling, Zendaya, Emma Stone",movie,175,https://picsum.photos/seed/movie738/300/450,"A hollywood cinematic story of love, featuring a powerful ensemble cast and directed by M. Cameron."
739,Raja Waves (2023),Mystery|Adventure|Sci-Fi,2023,S. Kumar,"Ram Charan, Samantha Ruth Prabhu, N. T. Rama Rao",movie,138,https://picsum.photos/seed/movie739/300/450,"A tollywood cinematic story of redemption, featuring a powerful ensemble cast and directed by S. Kumar."
740,Diamond Waves (2021),Drama|Action|Mystery,2021,N. Teja,"Samantha Ruth Prabhu, Allu Arjun, N. T. Rama Rao",movie,165,https://picsum.photos/seed/movie740/300/450,"A tollywood cinematic story of revenge, featuring a powerful ensemble cast and directed by N. Teja."
741,Vijay Sundari (2019),Action|Thriller|Mystery,2019,V. Vamsi,"Ram Charan, Pooja Hegde, Mahesh Babu",tv_show,139,https://picsum.photos/seed/movie741/300/450,"A tollywood cinematic story of ambition, featuring a powerful ensemble cast and directed by V. Vamsi."
742,Raaj Katha (2012),Action|Thriller|Comedy,2012,Z. Ansari,"Shraddha Kapoor, Priyanka Chopra, Deepika Padukone",movie,127,https://picsum.photos/seed/movie742/300/450,"A bollywood cinematic story of revenge, featuring a powerful ensemble cast and directed by Z. Ansari."
743,Dhoom Sangam (2012),Thriller|Sci-Fi|Adventure,2012,S. Ali,"Amitabh Bachchan, Ranveer Singh, Shah Rukh Khan",movie,180,https://picsum.photos/seed/movie743/300/450,"A bollywood cinematic story of family, featuring a powerful ensemble cast and directed by S. Ali."
744,Dhoom Dil (2023),Comedy|Mystery,2023,S. Bhatt,"Ajay Devgn, Shah Rukh Khan, Alia Bhatt",movie,118,https://picsum.photos/seed/movie744/300/450,"A bollywood cinematic story of redemption, featuring a powerful ensemble cast and directed by S. Bhatt."
745,Telugu Velugu (2023),Adventure|Comedy|Sci-Fi,2023,C. Tirumala,"Allu Arjun, Prabhas, Mahesh Babu",movie,134,https://picsum.photos/seed/movie745/300/450,"A tollywood cinematic story of ambition, featuring a powerful ensemble cast and directed by C. Tirumala."
746,Monsoon Azaadi (2017),Romance|Sci-Fi,2017,S. Bhatt,"Priyanka Chopra, Ranbir Kapoor, Ajay Devgn",movie,164,https://picsum.photos/seed/movie746/300/450,"A bollywood cinematic story of love, featuring a powerful ensemble cast and directed by S. Bhatt."
747,Legend Sena (2013),Romance|Drama|Mystery,2013,A. Srinivas,"Prabhas, Naga Chaitanya, Anushka Shetty",movie,115,https://picsum.photos/seed/movie747/300/450,"A tollywood cinematic story of redemption, featuring a powerful ensemble cast and directed by A. Srinivas."
748,Telugu Rangula (2026),Action|Sci-Fi,2026,S. Kumar,"Prabhas, Pooja Hegde, Anushka Shetty",movie,150,https://picsum.photos/seed/movie748/300/450,"A tollywood cinematic story of revenge, featuring a powerful ensemble cast and directed by S. Kumar."
749,Silver Alliance (2018),Action|Sci-Fi,2018,P. Jackson,"Zendaya, Leonardo DiCaprio, Timothée Chalamet",tv_show,152,https://picsum.photos/seed/movie749/300/450,"A hollywood cinematic story of courage, featuring a powerful ensemble cast and directed by P. Jackson."
750,Crown Velugu (2020),Adventure|Action|Mystery,2020,S. Kumar,"Naga Chaitanya, Pooja Hegde, Allu Arjun",movie,105,https://picsum.photos/seed/movie750/300/450,"A tollywood cinematic story of ambition, featuring a powerful ensemble cast and directed by S. Kumar."
751,Hero Waves (2015),Romance|Comedy,2015,R. Reddy,"Nayanthara, Naga Chaitanya, Allu Arjun",movie,172,https://picsum.photos/seed/movie751/300/450,"A tollywood cinematic story of redemption, featuring a powerful ensemble cast and directed by R. Reddy."
752,Eternal Dhoop (2012),Action|Comedy|Thriller,2012,A. Khan,"Alia Bhatt, Deepika Padukone, Ranveer Singh",movie,190,https://picsum.photos/seed/movie752/300/450,"A bollywood cinematic story of family, featuring a powerful ensemble cast and directed by A. Khan."
753,Monsoon Azaadi (2026),Romance|Action,2026,Z. Ansari,"Deepika Padukone, Priyanka Chopra, Shraddha Kapoor",movie,130,https://picsum.photos/seed/movie753/300/450,"A bollywood cinematic story of love, featuring a powerful ensemble cast and directed by Z. Ansari."
754,Crimson Kingdom (2014),Drama|Action,2014,M. Cameron,"Margot Robbie, Ana de Armas, Emma Stone",movie,136,https://picsum.photos/seed/movie754/300/450,"A hollywood cinematic story of family, featuring a powerful ensemble cast and directed by M. Cameron."
755,Storm Sky (2015),Romance|Thriller|Comedy,2015,S. Spielberg,"Tom Hanks, Ana de Armas, Emma Stone",movie,156,https://picsum.photos/seed/movie755/300/450,"A hollywood cinematic story of courage, featuring a powerful ensemble cast and directed by S. Spielberg."
756,Royal Waves (2014),Romance|Sci-Fi,2014,S. Kumar,"Mahesh Babu, Samantha Ruth Prabhu, Nayanthara",movie,117,https://picsum.photos/seed/movie756/300/450,"A tollywood cinematic story of revenge, featuring a powerful ensemble cast and directed by S. Kumar."
757,Royal Empire (2026),Thriller|Romance,2026,T. Nag,"Allu Arjun, Prabhas, Pooja Hegde",movie,110,https://picsum.photos/seed/movie757/300/450,"A tollywood cinematic story of ambition, featuring a powerful ensemble cast and directed by T. Nag."
758,Monsoon Ghar (2021),Comedy|Adventure|Romance,2021,Y. Chopra,"Ranbir Kapoor, Priyanka Chopra, Deepika Padukone",movie,172,https://picsum.photos/seed/movie758/300/450,"A bollywood cinematic story of family, featuring a powerful ensemble cast and directed by Y. Chopra."
759,Raja Vikram (2012),Drama|Romance,2012,T. Nag,"Pooja Hegde, Nayanthara, Mahesh Babu",movie,104,https://picsum.photos/seed/movie759/300/450,"A tollywood cinematic story of redemption, featuring a powerful ensemble cast and directed by T. Nag."
760,Sunrise Stars (2018),Comedy|Romance,2018,S. Kumar,"Ram Charan, Nayanthara, Allu Arjun",movie,138,https://picsum.photos/seed/movie760/300/450,"A tollywood cinematic story of revenge, featuring a powerful ensemble cast and directed by S. Kumar."
761,Monsoon Rang (2013),Thriller|Sci-Fi|Romance,2013,Z. Ansari,"Amitabh Bachchan, Kareena Kapoor, Deepika Padukone",movie,96,https://picsum.photos/seed/movie761/300/450,"A bollywood cinematic story of revenge, featuring a powerful ensemble cast and directed by Z. Ansari."
762,Raaj Nasha (2013),Romance|Sci-Fi|Action,2013,M. Hirani,"Ranbir Kapoor, Shraddha Kapoor, Ajay Devgn",movie,181,https://picsum.photos/seed/movie762/300/450,"A bollywood cinematic story of revenge, featuring a powerful ensemble cast and directed by M. Hirani."
763,Raja Velugu (2020),Mystery|Adventure,2020,A. Srinivas,"Allu Arjun, Mahesh Babu, Ram Charan",movie,146,https://picsum.photos/seed/movie763/300/450,"A tollywood cinematic story of courage, featuring a powerful ensemble cast and directed by A. Srinivas."
764,Lighthouse Ghar (2016),Thriller|Comedy,2016,R. Shetty,"Ranbir Kapoor, Priyanka Chopra, Amitabh Bachchan",movie,101,https://picsum.photos/seed/movie764/300/450,"A bollywood cinematic story of redemption, featuring a powerful ensemble cast and directed by R. Shetty."
765,Silver Heist (2010),Sci-Fi|Mystery|Action,2010,M. Cameron,"Timothée Chalamet, Tom Hanks, Margot Robbie",movie,144,https://picsum.photos/seed/movie765/300/450,"A hollywood cinematic story of redemption, featuring a powerful ensemble cast and directed by M. Cameron."
766,Victory Velugu (2023),Action|Thriller|Drama,2023,B. Krishna,"Anushka Shetty, Nayanthara, N. T. Rama Rao",movie,185,https://picsum.photos/seed/movie766/300/450,"A tollywood cinematic story of love, featuring a powerful ensemble cast and directed by B. Krishna."
767,Sunrise Waves (2019),Comedy|Drama,2019,N. Teja,"Anushka Shetty, Mahesh Babu, Naga Chaitanya",movie,107,https://picsum.photos/seed/movie767/300/450,"A tollywood cinematic story of family, featuring a powerful ensemble cast and directed by N. Teja."
768,Saffron Nasha (2023),Comedy|Mystery|Thriller,2023,R. Shetty,"Ranveer Singh, Alia Bhatt, Deepika Padukone",movie,105,https://picsum.photos/seed/movie768/300/450,"A bollywood cinematic story of courage, featuring a powerful ensemble cast and directed by R. Shetty."
769,Lagaan Ghar (2016),Action|Comedy|Thriller,2016,K. Johar,"Shah Rukh Khan, Ajay Devgn, Priyanka Chopra",movie,97,https://picsum.photos/seed/movie769/300/450,"A bollywood cinematic story of courage, featuring a powerful ensemble cast and directed by K. Johar."
770,Last Rise (2018),Romance|Comedy|Sci-Fi,2018,S. Spielberg,"Ryan Gosling, Margot Robbie, Tom Hanks",movie,145,https://picsum.photos/seed/movie770/300/450,"A hollywood cinematic story of ambition, featuring a powerful ensemble cast and directed by S. Spielberg."
771,Silver Alliance (2024),Romance|Mystery,2024,M. Cameron,"Zendaya, Margot Robbie, Chris Evans",movie,118,https://picsum.photos/seed/movie771/300/450,"A hollywood cinematic story of ambition, featuring a powerful ensemble cast and directed by M. Cameron."
772,Heart Ghar (2019),Sci-Fi|Adventure,2019,R. Shetty,"Ranveer Singh, Ranbir Kapoor, Amitabh Bachchan",movie,110,https://picsum.photos/seed/movie772/300/450,"A bollywood cinematic story of revenge, featuring a powerful ensemble cast and directed by R. Shetty."
773,Nawab Nasha (2008),Action|Drama|Comedy,2008,M. Hirani,"Priyanka Chopra, Deepika Padukone, Shraddha Kapoor",movie,132,https://picsum.photos/seed/movie773/300/450,"A bollywood cinematic story of love, featuring a powerful ensemble cast and directed by M. Hirani."
774,Hidden Heist (2023),Romance|Sci-Fi|Comedy,2023,S. Spielberg,"Margot Robbie, Zendaya, Chris Evans",movie,184,https://picsum.photos/seed/movie774/300/450,"A hollywood cinematic story of ambition, featuring a powerful ensemble cast and directed by S. Spielberg."
775,Silver Echo (2008),Action|Adventure,2008,M. Cameron,"Leonardo DiCaprio, Ryan Gosling, Tom Hanks",movie,144,https://picsum.photos/seed/movie775/300/450,"A hollywood cinematic story of family, featuring a powerful ensemble cast and directed by M. Cameron."
776,Telugu Vikram (2023),Comedy|Thriller|Drama,2023,S. Rajamouli,"Allu Arjun, Naga Chaitanya, N. T. Rama Rao",movie,113,https://picsum.photos/seed/movie776/300/450,"A tollywood cinematic story of revenge, featuring a powerful ensemble cast and directed by S. Rajamouli."
777,Raaj Rang (2016),Romance|Drama,2016,K. Johar,"Ajay Devgn, Priyanka Chopra, Kareena Kapoor",movie,165,https://picsum.photos/seed/movie777/300/450,"A bollywood cinematic story of redemption, featuring a powerful ensemble cast and directed by K. Johar."
778,Raja Empire (2011),Romance|Comedy,2011,V. Vamsi,"Pooja Hegde, Mahesh Babu, Allu Arjun",movie,115,https://picsum.photos/seed/movie778/300/450,"A tollywood cinematic story of love, featuring a powerful ensemble cast and directed by V. Vamsi."
779,Storm Signal (2024),Sci-Fi|Action|Thriller,2024,S. Spielberg,"Brad Pitt, Timothée Chalamet, Ryan Gosling",movie,96,https://picsum.photos/seed/movie779/300/450,"A hollywood cinematic story of courage, featuring a powerful ensemble cast and directed by S. Spielberg."
780,Neon Frontier (2016),Romance|Action,2016,N. Burton,"Zendaya, Brad Pitt, Ryan Gosling",movie,174,https://picsum.photos/seed/movie780/300/450,"A hollywood cinematic story of redemption, featuring a powerful ensemble cast and directed by N. Burton."
781,Royal Ghar (2023),Thriller|Comedy,2023,S. Bhatt,"Shraddha Kapoor, Deepika Padukone, Ajay Devgn",movie,128,https://picsum.photos/seed/movie781/300/450,"A bollywood cinematic story of love, featuring a powerful ensemble cast and directed by S. Bhatt."
782,Hidden Sky (2025),Comedy|Adventure|Romance,2025,M. Cameron,"Ryan Gosling, Timothée Chalamet, Ana de Armas",tv_show,139,https://picsum.photos/seed/movie782/300/450,"A hollywood cinematic story of love, featuring a powerful ensemble cast and directed by M. Cameron."
783,Crimson Kingdom (2011),Drama|Action|Thriller,2011,C. Nolan,"Timothée Chalamet, Brad Pitt, Ana de Armas",movie,128,https://picsum.photos/seed/movie783/300/450,"A hollywood cinematic story of redemption, featuring a powerful ensemble cast and directed by C. Nolan."
784,Raaj Dil (2025),Thriller|Mystery|Sci-Fi,2025,Y. Chopra,"Shah Rukh Khan, Ranveer Singh, Priyanka Chopra",movie,136,https://picsum.photos/seed/movie784/300/450,"A bollywood cinematic story of ambition, featuring a powerful ensemble cast and directed by Y. Chopra."
785,Galaxy Stars (2021),Thriller|Adventure,2021,S. Kumar,"Naga Chaitanya, Pooja Hegde, Mahesh Babu",movie,127,https://picsum.photos/seed/movie785/300/450,"A tollywood cinematic story of love, featuring a powerful ensemble cast and directed by S. Kumar."
786,Telugu Empire (2020),Sci-Fi|Mystery,2020,B. Krishna,"Anushka Shetty, Nayanthara, N. T. Rama Rao",movie,161,https://picsum.photos/seed/movie786/300/450,"A tollywood cinematic story of ambition, featuring a powerful ensemble cast and directed by B. Krishna."
787,Love Ghar (2014),Sci-Fi|Thriller,2014,Y. Chopra,"Shah Rukh Khan, Ranveer Singh, Priyanka Chopra",movie,157,https://picsum.photos/seed/movie787/300/450,"A bollywood cinematic story of courage, featuring a powerful ensemble cast and directed by Y. Chopra."
788,Pardesi Dil (2017),Action|Thriller,2017,S. Bhatt,"Ranbir Kapoor, Deepika Padukone, Ranveer Singh",tv_show,95,https://picsum.photos/seed/movie788/300/450,"A bollywood cinematic story of redemption, featuring a powerful ensemble cast and directed by S. Bhatt."
789,Black City (2012),Action|Adventure,2012,S. Spielberg,"Tom Hanks, Brad Pitt, Ana de Armas",movie,167,https://picsum.photos/seed/movie789/300/450,"A hollywood cinematic story of courage, featuring a powerful ensemble cast and directed by S. Spielberg."
790,Monsoon Azaadi (2016),Action|Mystery,2016,Y. Chopra,"Ajay Devgn, Amitabh Bachchan, Alia Bhatt",movie,183,https://picsum.photos/seed/movie790/300/450,"A bollywood cinematic story of courage, featuring a powerful ensemble cast and directed by Y. Chopra."
791,Neon Sky (2025),Sci-Fi|Drama,2025,P. Jackson,"Margot Robbie, Zendaya, Emma Stone",movie,116,https://picsum.photos/seed/movie791/300/450,"A hollywood cinematic story of family, featuring a powerful ensemble cast and directed by P. Jackson."
792,Diamond Vikram (2012),Sci-Fi|Action,2012,B. Krishna,"Samantha Ruth Prabhu, Pooja Hegde, Ram Charan",movie,148,https://picsum.photos/seed/movie792/300/450,"A tollywood cinematic story of revenge, featuring a powerful ensemble cast and directed by B. Krishna."
793,Iron Kingdom (2023),Romance|Mystery,2023,M. Cameron,"Emma Stone, Tom Hanks, Timothée Chalamet",movie,167,https://picsum.photos/seed/movie793/300/450,"A hollywood cinematic story of revenge, featuring a powerful ensemble cast and directed by M. Cameron."
794,Crimson Echo (2021),Action|Thriller,2021,D. Fincher,"Chris Evans, Zendaya, Margot Robbie",movie,139,https://picsum.photos/seed/movie794/300/450,"A hollywood cinematic story of love, featuring a powerful ensemble cast and directed by D. Fincher."
795,Final Sky (2009),Action|Mystery,2009,M. Cameron,"Brad Pitt, Margot Robbie, Emma Stone",movie,103,https://picsum.photos/seed/movie795/300/450,"A hollywood cinematic story of family, featuring a powerful ensemble cast and directed by M. Cameron."
796,Dream Rangula (2010),Thriller|Romance,2010,N. Teja,"Prabhas, Naga Chaitanya, Anushka Shetty",movie,121,https://picsum.photos/seed/movie796/300/450,"A tollywood cinematic story of love, featuring a powerful ensemble cast and directed by N. Teja."
797,Galaxy Nayak (2025),Drama|Thriller|Comedy,2025,S. Kumar,"Mahesh Babu, Nayanthara, N. T. Rama Rao",movie,118,https://picsum.photos/seed/movie797/300/450,"A tollywood cinematic story of love, featuring a powerful ensemble cast and directed by S. Kumar."
798,Storm Signal (2012),Sci-Fi|Drama,2012,N. Burton,"Emma Stone, Brad Pitt, Zendaya",movie,118,https://picsum.photos/seed/movie798/300/450,"A hollywood cinematic story of love, featuring a powerful ensemble cast and directed by N. Burton."
799,Heart Rang (2018),Romance|Comedy,2018,A. Khan,"Alia Bhatt, Deepika Padukone, Shah Rukh Khan",movie,166,https://picsum.photos/seed/movie799/300/450,"A bollywood cinematic story of revenge, featuring a powerful ensemble cast and directed by A. Khan."
800,Sunrise Velugu (2017),Sci-Fi|Adventure|Romance,2017,A. Srinivas,"Allu Arjun, Ram Charan, N. T. Rama Rao",movie,181,https://picsum.photos/seed/movie800/300/450,"A tollywood cinematic story of love, featuring a powerful ensemble cast and directed by A. Srinivas."
801,Final Run (2012),Drama|Action|Thriller,2012,N. Burton,"Leonardo DiCaprio, Zendaya, Chris Evans",movie,183,https://picsum.photos/seed/movie801/300/450,"A hollywood cinematic story of courage, featuring a powerful ensemble cast and directed by N. Burton."
802,Silver Frontier (2012),Mystery|Comedy|Adventure,2012,M. Cameron,"Zendaya, Ryan Gosling, Ana de Armas",movie,167,https://picsum.photos/seed/movie802/300/450,"A hollywood cinematic story of redemption, featuring a powerful ensemble cast and directed by M. Cameron."
803,Dream Dil (2020),Mystery|Action,2020,R. Shetty,"Ranbir Kapoor, Kareena Kapoor, Shraddha Kapoor",movie,143,https://picsum.photos/seed/movie803/300/450,"A bollywood cinematic story of family, featuring a powerful ensemble cast and directed by R. Shetty."
804,Diamond Empire (2010),Adventure|Thriller,2010,N. Teja,"Ram Charan, Mahesh Babu, Samantha Ruth Prabhu",movie,107,https://picsum.photos/seed/movie804/300/450,"A tollywood cinematic story of love, featuring a powerful ensemble cast and directed by N. Teja."
805,Black Frontier (2019),Comedy|Drama|Mystery,2019,M. Cameron,"Emma Stone, Chris Evans, Leonardo DiCaprio",movie,107,https://picsum.photos/seed/movie805/300/450,"A hollywood cinematic story of love, featuring a powerful ensemble cast and directed by M. Cameron."
806,Galaxy Velugu (2020),Drama|Comedy,2020,R. Reddy,"Pooja Hegde, Ram Charan, Mahesh Babu",movie,110,https://picsum.photos/seed/movie806/300/450,"A tollywood cinematic story of love, featuring a powerful ensemble cast and directed by R. Reddy."
807,Ghost Run (2010),Romance|Comedy,2010,D. Fincher,"Margot Robbie, Tom Hanks, Zendaya",movie,185,https://picsum.photos/seed/movie807/300/450,"A hollywood cinematic story of family, featuring a powerful ensemble cast and directed by D. Fincher."
808,Legend Sena (2021),Romance|Action,2021,T. Nag,"Naga Chaitanya, Mahesh Babu, Allu Arjun",movie,94,https://picsum.photos/seed/movie808/300/450,"A tollywood cinematic story of family, featuring a powerful ensemble cast and directed by T. Nag."
809,Royal Run (2008),Comedy|Sci-Fi|Drama,2008,G. Del Toro,"Zendaya, Chris Evans, Emma Stone",movie,101,https://picsum.photos/seed/movie809/300/450,"A hollywood cinematic story of family, featuring a powerful ensemble cast and directed by G. Del Toro."
810,Dream Dil (2020),Drama|Mystery,2020,S. Ali,"Shah Rukh Khan, Priyanka Chopra, Ajay Devgn",movie,151,https://picsum.photos/seed/movie810/300/450,"A bollywood cinematic story of courage, featuring a powerful ensemble cast and directed by S. Ali."
811,Hero Vikram (2020),Thriller|Action,2020,V. Vamsi,"Mahesh Babu, Ram Charan, Pooja Hegde",movie,136,https://picsum.photos/seed/movie811/300/450,"A tollywood cinematic story of family, featuring a powerful ensemble cast and directed by V. Vamsi."
812,Saffron Dil (2017),Action|Mystery,2017,Y. Chopra,"Ranbir Kapoor, Deepika Padukone, Shraddha Kapoor",movie,114,https://picsum.photos/seed/movie812/300/450,"A bollywood cinematic story of family, featuring a powerful ensemble cast and directed by Y. Chopra."
813,Hidden Sky (2015),Action|Romance,2015,S. Spielberg,"Margot Robbie, Tom Hanks, Chris Evans",movie,129,https://picsum.photos/seed/movie813/300/450,"A hollywood cinematic story of love, featuring a powerful ensemble cast and directed by S. Spielberg."
814,Raaj Ghar (2020),Romance|Adventure|Mystery,2020,Z. Ansari,"Priyanka Chopra, Alia Bhatt, Ajay Devgn",movie,142,https://picsum.photos/seed/movie814/300/450,"A bollywood cinematic story of redemption, featuring a powerful ensemble cast and directed by Z. Ansari."
815,Vijay Waves (2012),Thriller|Drama,2012,R. Reddy,"Nayanthara, Pooja Hegde, Naga Chaitanya",tv_show,149,https://picsum.photos/seed/movie815/300/450,"A tollywood cinematic story of love, featuring a powerful ensemble cast and directed by R. Reddy."
816,Vijay Empire (2014),Romance|Sci-Fi|Mystery,2014,V. Vamsi,"Prabhas, Anushka Shetty, Ram Charan",movie,145,https://picsum.photos/seed/movie816/300/450,"A tollywood cinematic story of love, featuring a powerful ensemble cast and directed by V. Vamsi."
817,Diamond Vikram (2015),Drama|Mystery|Action,2015,N. Teja,"Nayanthara, N. T. Rama Rao, Prabhas",movie,129,https://picsum.photos/seed/movie817/300/450,"A tollywood cinematic story of family, featuring a powerful ensemble cast and directed by N. Teja."
818,Velvet Echo (2022),Thriller|Sci-Fi,2022,N. Burton,"Leonardo DiCaprio, Emma Stone, Timothée Chalamet",movie,101,https://picsum.photos/seed/movie818/300/450,"A hollywood cinematic story of love, featuring a powerful ensemble cast and directed by N. Burton."
819,Nightfall Rise (2016),Sci-Fi|Action,2016,W. Anderson,"Emma Stone, Chris Evans, Leonardo DiCaprio",movie,126,https://picsum.photos/seed/movie819/300/450,"A hollywood cinematic story of ambition, featuring a powerful ensemble cast and directed by W. Anderson."
820,Pardesi Dhoop (2012),Drama|Adventure|Comedy,2012,V. Anand,"Alia Bhatt, Ranbir Kapoor, Shraddha Kapoor",movie,123,https://picsum.photos/seed/movie820/300/450,"A bollywood cinematic story of redemption, featuring a powerful ensemble cast and directed by V. Anand."
821,Last Sky (2015),Mystery|Drama|Thriller,2015,J. Nolan,"Tom Hanks, Leonardo DiCaprio, Margot Robbie",movie,99,https://picsum.photos/seed/movie821/300/450,"A hollywood cinematic story of revenge, featuring a powerful ensemble cast and directed by J. Nolan."
822,Pardesi Sangam (2010),Drama|Sci-Fi,2010,M. Hirani,"Kareena Kapoor, Shraddha Kapoor, Ranbir Kapoor",movie,140,https://picsum.photos/seed/movie822/300/450,"A bollywood cinematic story of ambition, featuring a powerful ensemble cast and directed by M. Hirani."
823,Storm Frontier (2010),Drama|Romance|Comedy,2010,N. Burton,"Ryan Gosling, Chris Evans, Brad Pitt",movie,109,https://picsum.photos/seed/movie823/300/450,"A hollywood cinematic story of ambition, featuring a powerful ensemble cast and directed by N. Burton."
824,Hidden Heist (2018),Mystery|Comedy|Drama,2018,P. Jackson,"Tom Hanks, Zendaya, Timothée Chalamet",movie,92,https://picsum.photos/seed/movie824/300/450,"A hollywood cinematic story of redemption, featuring a powerful ensemble cast and directed by P. Jackson."
825,Eternal Ghar (2013),Drama|Romance|Adventure,2013,A. Khan,"Ranveer Singh, Deepika Padukone, Amitabh Bachchan",movie,143,https://picsum.photos/seed/movie825/300/450,"A bollywood cinematic story of family, featuring a powerful ensemble cast and directed by A. Khan."
826,Hidden City (2013),Romance|Drama|Sci-Fi,2013,C. Nolan,"Margot Robbie, Zendaya, Ryan Gosling",movie,151,https://picsum.photos/seed/movie826/300/450,"A hollywood cinematic story of ambition, featuring a powerful ensemble cast and directed by C. Nolan."
827,Galaxy Velugu (2021),Drama|Adventure,2021,T. Nag,"Nayanthara, Pooja Hegde, Mahesh Babu",movie,168,https://picsum.photos/seed/movie827/300/450,"A tollywood cinematic story of revenge, featuring a powerful ensemble cast and directed by T. Nag."
828,Dhoom Katha (2008),Drama|Mystery|Adventure,2008,Y. Chopra,"Kareena Kapoor, Ranveer Singh, Shraddha Kapoor",movie,156,https://picsum.photos/seed/movie828/300/450,"A bollywood cinematic story of redemption, featuring a powerful ensemble cast and directed by Y. Chopra."
829,Velvet Run (2022),Mystery|Adventure,2022,P. Jackson,"Margot Robbie, Tom Hanks, Brad Pitt",movie,111,https://picsum.photos/seed/movie829/300/450,"A hollywood cinematic story of family, featuring a powerful ensemble cast and directed by P. Jackson."
830,Royal Katha (2014),Action|Romance|Mystery,2014,K. Johar,"Shraddha Kapoor, Shah Rukh Khan, Alia Bhatt",movie,105,https://picsum.photos/seed/movie830/300/450,"A bollywood cinematic story of redemption, featuring a powerful ensemble cast and directed by K. Johar."
831,Dhoom Sangam (2021),Drama|Sci-Fi|Comedy,2021,R. Shetty,"Alia Bhatt, Shraddha Kapoor, Ajay Devgn",movie,112,https://picsum.photos/seed/movie831/300/450,"A bollywood cinematic story of family, featuring a powerful ensemble cast and directed by R. Shetty."
832,Raja Waves (2021),Drama|Mystery,2021,C. Tirumala,"Allu Arjun, Pooja Hegde, Nayanthara",movie,101,https://picsum.photos/seed/movie832/300/450,"A tollywood cinematic story of redemption, featuring a powerful ensemble cast and directed by C. Tirumala."
833,Last Signal (2011),Action|Adventure|Romance,2011,W. Anderson,"Timothée Chalamet, Ana de Armas, Margot Robbie",movie,117,https://picsum.photos/seed/movie833/300/450,"A hollywood cinematic story of revenge, featuring a powerful ensemble cast and directed by W. Anderson."
834,Lighthouse Nasha (2011),Mystery|Sci-Fi|Adventure,2011,K. Johar,"Kareena Kapoor, Deepika Padukone, Alia Bhatt",movie,184,https://picsum.photos/seed/movie834/300/450,"A bollywood cinematic story of ambition, featuring a powerful ensemble cast and directed by K. Johar."
835,Ghost Heist (2024),Comedy|Action|Sci-Fi,2024,S. Spielberg,"Emma Stone, Timothée Chalamet, Ana de Armas",movie,93,https://picsum.photos/seed/movie835/300/450,"A hollywood cinematic story of revenge, featuring a powerful ensemble cast and directed by S. Spielberg."
836,Pardesi Azaadi (2018),Comedy|Thriller|Adventure,2018,M. Hirani,"Ranveer Singh, Ajay Devgn, Priyanka Chopra",movie,96,https://picsum.photos/seed/movie836/300/450,"A bollywood cinematic story of family, featuring a powerful ensemble cast and directed by M. Hirani."
837,Dream Nasha (2013),Comedy|Action|Adventure,2013,R. Shetty,"Alia Bhatt, Ranbir Kapoor, Ranveer Singh",movie,154,https://picsum.photos/seed/movie837/300/450,"A bollywood cinematic story of love, featuring a powerful ensemble cast and directed by R. Shetty."
838,Crown Vikram (2016),Drama|Action,2016,P. Raghav,"Prabhas, Ram Charan, Samantha Ruth Prabhu",movie,170,https://picsum.photos/seed/movie838/300/450,"A tollywood cinematic story of family, featuring a powerful ensemble cast and directed by P. Raghav."
839,Midnight Kingdom (2025),Sci-Fi|Adventure,2025,A. Villeneuve,"Timothée Chalamet, Zendaya, Tom Hanks",movie,135,https://picsum.photos/seed/movie839/300/450,"A hollywood cinematic story of revenge, featuring a powerful ensemble cast and directed by A. Villeneuve."
840,Hidden Heist (2017),Action|Romance|Sci-Fi,2017,D. Fincher,"Ana de Armas, Brad Pitt, Zendaya",movie,170,https://picsum.photos/seed/movie840/300/450,"A hollywood cinematic story of love, featuring a powerful ensemble cast and directed by D. Fincher."
841,Crown Stars (2011),Thriller|Romance,2011,B. Krishna,"Nayanthara, N. T. Rama Rao, Anushka Shetty",movie,101,https://picsum.photos/seed/movie841/300/450,"A tollywood cinematic story of love, featuring a powerful ensemble cast and directed by B. Krishna."
842,Pardesi Katha (2014),Drama|Comedy|Adventure,2014,R. Shetty,"Deepika Padukone, Kareena Kapoor, Shah Rukh Khan",movie,177,https://picsum.photos/seed/movie842/300/450,"A bollywood cinematic story of ambition, featuring a powerful ensemble cast and directed by R. Shetty."
843,Aashiq Katha (2022),Action|Sci-Fi,2022,Y. Chopra,"Ranveer Singh, Amitabh Bachchan, Shah Rukh Khan",movie,134,https://picsum.photos/seed/movie843/300/450,"A bollywood cinematic story of ambition, featuring a powerful ensemble cast and directed by Y. Chopra."
844,Crown Waves (2008),Action|Thriller,2008,V. Vamsi,"Anushka Shetty, Allu Arjun, N. T. Rama Rao",movie,155,https://picsum.photos/seed/movie844/300/450,"A tollywood cinematic story of revenge, featuring a powerful ensemble cast and directed by V. Vamsi."
845,Final Frontier (2011),Drama|Adventure,2011,D. Fincher,"Tom Hanks, Ryan Gosling, Leonardo DiCaprio",movie,106,https://picsum.photos/seed/movie845/300/450,"A hollywood cinematic story of courage, featuring a powerful ensemble cast and directed by D. Fincher."
846,Lagaan Dil (2010),Mystery|Thriller|Comedy,2010,M. Hirani,"Ranbir Kapoor, Amitabh Bachchan, Kareena Kapoor",movie,122,https://picsum.photos/seed/movie846/300/450,"A bollywood cinematic story of revenge, featuring a powerful ensemble cast and directed by M. Hirani."
847,Hidden City (2020),Sci-Fi|Comedy,2020,A. Villeneuve,"Timothée Chalamet, Emma Stone, Leonardo DiCaprio",movie,144,https://picsum.photos/seed/movie847/300/450,"A hollywood cinematic story of family, featuring a powerful ensemble cast and directed by A. Villeneuve."
848,Legend Rangula (2011),Adventure|Sci-Fi|Action,2011,A. Srinivas,"Pooja Hegde, Nayanthara, Samantha Ruth Prabhu",movie,94,https://picsum.photos/seed/movie848/300/450,"A tollywood cinematic story of family, featuring a powerful ensemble cast and directed by A. Srinivas."
849,Love Nasha (2017),Drama|Sci-Fi,2017,S. Ali,"Ranbir Kapoor, Alia Bhatt, Ajay Devgn",movie,144,https://picsum.photos/seed/movie849/300/450,"A bollywood cinematic story of revenge, featuring a powerful ensemble cast and directed by S. Ali."
850,Royal Rang (2014),Action|Romance,2014,M. Hirani,"Alia Bhatt, Ranveer Singh, Shraddha Kapoor",movie,181,https://picsum.photos/seed/movie850/300/450,"A bollywood cinematic story of courage, featuring a powerful ensemble cast and directed by M. Hirani."
851,Velvet Kingdom (2018),Comedy|Thriller|Drama,2018,D. Fincher,"Ana de Armas, Margot Robbie, Zendaya",movie,125,https://picsum.photos/seed/movie851/300/450,"A hollywood cinematic story of redemption, featuring a powerful ensemble cast and directed by D. Fincher."
852,Victory Stars (2026),Comedy|Action,2026,C. Tirumala,"Pooja Hegde, Ram Charan, Anushka Shetty",movie,153,https://picsum.photos/seed/movie852/300/450,"A tollywood cinematic story of love, featuring a powerful ensemble cast and directed by C. Tirumala."
853,Jungle Rang (2011),Action|Romance,2011,V. Anand,"Ranveer Singh, Alia Bhatt, Ajay Devgn",movie,190,https://picsum.photos/seed/movie853/300/450,"A bollywood cinematic story of family, featuring a powerful ensemble cast and directed by V. Anand."
854,Black Rise (2017),Action|Sci-Fi|Comedy,2017,M. Cameron,"Zendaya, Tom Hanks, Ana de Armas",movie,143,https://picsum.photos/seed/movie854/300/450,"A hollywood cinematic story of redemption, featuring a powerful ensemble cast and directed by M. Cameron."
855,Eternal Katha (2019),Action|Comedy|Romance,2019,R. Shetty,"Deepika Padukone, Ranbir Kapoor, Alia Bhatt",movie,148,https://picsum.photos/seed/movie855/300/450,"A bollywood cinematic story of ambition, featuring a powerful ensemble cast and directed by R. Shetty."
856,Victory Stars (2019),Action|Drama,2019,A. Srinivas,"N. T. Rama Rao, Mahesh Babu, Samantha Ruth Prabhu",movie,131,https://picsum.photos/seed/movie856/300/450,"A tollywood cinematic story of redemption, featuring a powerful ensemble cast and directed by A. Srinivas."
857,Sunrise Empire (2013),Thriller|Mystery,2013,S. Kumar,"Samantha Ruth Prabhu, Ram Charan, Mahesh Babu",movie,96,https://picsum.photos/seed/movie857/300/450,"A tollywood cinematic story of courage, featuring a powerful ensemble cast and directed by S. Kumar."
858,Neon Frontier (2020),Romance|Sci-Fi,2020,S. Spielberg,"Leonardo DiCaprio, Timothée Chalamet, Chris Evans",movie,186,https://picsum.photos/seed/movie858/300/450,"A hollywood cinematic story of family, featuring a powerful ensemble cast and directed by S. Spielberg."
859,Dhoom Sangam (2011),Thriller|Romance|Adventure,2011,Z. Ansari,"Ranbir Kapoor, Priyanka Chopra, Kareena Kapoor",movie,101,https://picsum.photos/seed/movie859/300/450,"A bollywood cinematic story of courage, featuring a powerful ensemble cast and directed by Z. Ansari."
860,Nawab Rang (2019),Sci-Fi|Action,2019,Z. Ansari,"Priyanka Chopra, Shraddha Kapoor, Deepika Padukone",tv_show,175,https://picsum.photos/seed/movie860/300/450,"A bollywood cinematic story of revenge, featuring a powerful ensemble cast and directed by Z. Ansari."
861,Pardesi Nasha (2014),Thriller|Adventure|Comedy,2014,V. Anand,"Deepika Padukone, Alia Bhatt, Priyanka Chopra",movie,154,https://picsum.photos/seed/movie861/300/450,"A bollywood cinematic story of love, featuring a powerful ensemble cast and directed by V. Anand."
862,Iron Frontier (2020),Comedy|Action|Romance,2020,W. Anderson,"Timothée Chalamet, Ana de Armas, Brad Pitt",movie,177,https://picsum.photos/seed/movie862/300/450,"A hollywood cinematic story of courage, featuring a powerful ensemble cast and directed by W. Anderson."
863,Hero Stars (2012),Sci-Fi|Drama,2012,B. Krishna,"N. T. Rama Rao, Nayanthara, Samantha Ruth Prabhu",movie,150,https://picsum.photos/seed/movie863/300/450,"A tollywood cinematic story of redemption, featuring a powerful ensemble cast and directed by B. Krishna."
864,Storm Rangula (2016),Comedy|Drama|Sci-Fi,2016,S. Kumar,"Anushka Shetty, N. T. Rama Rao, Ram Charan",movie,155,https://picsum.photos/seed/movie864/300/450,"A tollywood cinematic story of courage, featuring a powerful ensemble cast and directed by S. Kumar."
865,Velvet City (2019),Thriller|Drama,2019,A. Villeneuve,"Tom Hanks, Zendaya, Ana de Armas",movie,166,https://picsum.photos/seed/movie865/300/450,"A hollywood cinematic story of courage, featuring a powerful ensemble cast and directed by A. Villeneuve."
866,Crown Sena (2024),Comedy|Action,2024,C. Tirumala,"N. T. Rama Rao, Mahesh Babu, Samantha Ruth Prabhu",movie,94,https://picsum.photos/seed/movie866/300/450,"A tollywood cinematic story of family, featuring a powerful ensemble cast and directed by C. Tirumala."
867,Royal Rang (2025),Mystery|Action|Drama,2025,A. Khan,"Amitabh Bachchan, Priyanka Chopra, Ajay Devgn",movie,178,https://picsum.photos/seed/movie867/300/450,"A bollywood cinematic story of courage, featuring a powerful ensemble cast and directed by A. Khan."
868,Royal Milan (2014),Romance|Thriller,2014,M. Hirani,"Amitabh Bachchan, Shraddha Kapoor, Shah Rukh Khan",movie,169,https://picsum.photos/seed/movie868/300/450,"A bollywood cinematic story of ambition, featuring a powerful ensemble cast and directed by M. Hirani."
869,Legend Empire (2013),Sci-Fi|Drama|Action,2013,T. Nag,"N. T. Rama Rao, Prabhas, Anushka Shetty",movie,144,https://picsum.photos/seed/movie869/300/450,"A tollywood cinematic story of courage, featuring a powerful ensemble cast and directed by T. Nag."
870,Crimson City (2010),Sci-Fi|Mystery,2010,M. Cameron,"Tom Hanks, Ryan Gosling, Chris Evans",tv_show,104,https://picsum.photos/seed/movie870/300/450,"A hollywood cinematic story of love, featuring a powerful ensemble cast and directed by M. Cameron."
871,Last City (2015),Drama|Romance,2015,J. Nolan,"Ana de Armas, Leonardo DiCaprio, Timothée Chalamet",movie,132,https://picsum.photos/seed/movie871/300/450,"A hollywood cinematic story of ambition, featuring a powerful ensemble cast and directed by J. Nolan."
872,Nawab Katha (2025),Action|Mystery|Romance,2025,S. Bhatt,"Kareena Kapoor, Amitabh Bachchan, Alia Bhatt",movie,132,https://picsum.photos/seed/movie872/300/450,"A bollywood cinematic story of family, featuring a powerful ensemble cast and directed by S. Bhatt."
873,Dream Sundari (2023),Mystery|Sci-Fi,2023,S. Kumar,"Allu Arjun, Anushka Shetty, Mahesh Babu",tv_show,108,https://picsum.photos/seed/movie873/300/450,"A tollywood cinematic story of courage, featuring a powerful ensemble cast and directed by S. Kumar."
874,Saffron Dil (2026),Mystery|Adventure,2026,R. Shetty,"Alia Bhatt, Priyanka Chopra, Deepika Padukone",movie,125,https://picsum.photos/seed/movie874/300/450,"A bollywood cinematic story of redemption, featuring a powerful ensemble cast and directed by R. Shetty."
875,Royal Sena (2024),Mystery|Romance|Sci-Fi,2024,V. Vamsi,"Allu Arjun, Ram Charan, Anushka Shetty",tv_show,164,https://picsum.photos/seed/movie875/300/450,"A tollywood cinematic story of family, featuring a powerful ensemble cast and directed by V. Vamsi."
876,River Sundari (2011),Action|Comedy,2011,C. Tirumala,"Naga Chaitanya, Ram Charan, Allu Arjun",movie,108,https://picsum.photos/seed/movie876/300/450,"A tollywood cinematic story of ambition, featuring a powerful ensemble cast and directed by C. Tirumala."
877,Raja Waves (2017),Thriller|Action|Romance,2017,A. Srinivas,"Anushka Shetty, Prabhas, Allu Arjun",movie,95,https://picsum.photos/seed/movie877/300/450,"A tollywood cinematic story of revenge, featuring a powerful ensemble cast and directed by A. Srinivas."
878,Pardesi Dhoop (2011),Adventure|Sci-Fi|Action,2011,R. Kapoor,"Kareena Kapoor, Amitabh Bachchan, Shah Rukh Khan",movie,107,https://picsum.photos/seed/movie878/300/450,"A bollywood cinematic story of courage, featuring a powerful ensemble cast and directed by R. Kapoor."
879,Raaj Azaadi (2025),Mystery|Thriller,2025,Y. Chopra,"Deepika Padukone, Amitabh Bachchan, Ranveer Singh",movie,127,https://picsum.photos/seed/movie879/300/450,"A bollywood cinematic story of revenge, featuring a powerful ensemble cast and directed by Y. Chopra."
880,Velvet Frontier (2015),Thriller|Sci-Fi|Romance,2015,G. Del Toro,"Zendaya, Timothée Chalamet, Margot Robbie",tv_show,145,https://picsum.photos/seed/movie880/300/450,"A hollywood cinematic story of redemption, featuring a powerful ensemble cast and directed by G. Del Toro."
881,Raaj Dhoop (2012),Thriller|Romance,2012,K. Johar,"Amitabh Bachchan, Ranveer Singh, Ajay Devgn",movie,162,https://picsum.photos/seed/movie881/300/450,"A bollywood cinematic story of redemption, featuring a powerful ensemble cast and directed by K. Johar."
882,Lighthouse Milan (2020),Adventure|Comedy|Romance,2020,R. Shetty,"Deepika Padukone, Ranveer Singh, Kareena Kapoor",movie,143,https://picsum.photos/seed/movie882/300/450,"A bollywood cinematic story of ambition, featuring a powerful ensemble cast and directed by R. Shetty."
883,Saffron Azaadi (2008),Adventure|Drama,2008,R. Shetty,"Deepika Padukone, Ranveer Singh, Amitabh Bachchan",movie,162,https://picsum.photos/seed/movie883/300/450,"A bollywood cinematic story of courage, featuring a powerful ensemble cast and directed by R. Shetty."
884,Golden Signal (2012),Drama|Action,2012,G. Del Toro,"Tom Hanks, Chris Evans, Ana de Armas",movie,173,https://picsum.photos/seed/movie884/300/450,"A hollywood cinematic story of love, featuring a powerful ensemble cast and directed by G. Del Toro."
885,Love Rang (2017),Action|Adventure,2017,S. Ali,"Kareena Kapoor, Alia Bhatt, Shah Rukh Khan",tv_show,108,https://picsum.photos/seed/movie885/300/450,"A bollywood cinematic story of family, featuring a powerful ensemble cast and directed by S. Ali."
886,Storm Velugu (2015),Comedy|Action|Mystery,2015,V. Vamsi,"Allu Arjun, Nayanthara, Mahesh Babu",movie,167,https://picsum.photos/seed/movie886/300/450,"A tollywood cinematic story of love, featuring a powerful ensemble cast and directed by V. Vamsi."
887,Vijay Empire (2014),Action|Sci-Fi|Romance,2014,S. Kumar,"Naga Chaitanya, Mahesh Babu, Nayanthara",movie,113,https://picsum.photos/seed/movie887/300/450,"A tollywood cinematic story of revenge, featuring a powerful ensemble cast and directed by S. Kumar."
888,Legend Sundari (2022),Romance|Drama,2022,A. Srinivas,"N. T. Rama Rao, Pooja Hegde, Prabhas",movie,174,https://picsum.photos/seed/movie888/300/450,"A tollywood cinematic story of revenge, featuring a powerful ensemble cast and directed by A. Srinivas."
889,Royal Alliance (2014),Sci-Fi|Romance,2014,W. Anderson,"Chris Evans, Emma Stone, Ana de Armas",movie,140,https://picsum.photos/seed/movie889/300/450,"A hollywood cinematic story of ambition, featuring a powerful ensemble cast and directed by W. Anderson."
890,Diamond Stars (2022),Sci-Fi|Action|Thriller,2022,C. Tirumala,"Pooja Hegde, Prabhas, Mahesh Babu",movie,164,https://picsum.photos/seed/movie890/300/450,"A tollywood cinematic story of courage, featuring a powerful ensemble cast and directed by C. Tirumala."
891,Hidden Kingdom (2022),Thriller|Action|Drama,2022,C. Nolan,"Ryan Gosling, Leonardo DiCaprio, Chris Evans",movie,154,https://picsum.photos/seed/movie891/300/450,"A hollywood cinematic story of revenge, featuring a powerful ensemble cast and directed by C. Nolan."
892,Aashiq Azaadi (2020),Adventure|Comedy|Sci-Fi,2020,Z. Ansari,"Deepika Padukone, Ranveer Singh, Ranbir Kapoor",movie,107,https://picsum.photos/seed/movie892/300/450,"A bollywood cinematic story of courage, featuring a powerful ensemble cast and directed by Z. Ansari."
893,Legend Vikram (2010),Romance|Adventure|Sci-Fi,2010,B. Krishna,"Pooja Hegde, Naga Chaitanya, Prabhas",movie,164,https://picsum.photos/seed/movie893/300/450,"A tollywood cinematic story of courage, featuring a powerful ensemble cast and directed by B. Krishna."
894,Crown Vikram (2010),Drama|Comedy,2010,R. Reddy,"Mahesh Babu, Prabhas, Samantha Ruth Prabhu",movie,150,https://picsum.photos/seed/movie894/300/450,"A tollywood cinematic story of courage, featuring a powerful ensemble cast and directed by R. Reddy."
895,Golden Heist (2011),Thriller|Action,2011,M. Cameron,"Zendaya, Timothée Chalamet, Margot Robbie",movie,185,https://picsum.photos/seed/movie895/300/450,"A hollywood cinematic story of love, featuring a powerful ensemble cast and directed by M. Cameron."
896,Raaj Katha (2008),Romance|Adventure|Thriller,2008,Y. Chopra,"Alia Bhatt, Deepika Padukone, Kareena Kapoor",movie,115,https://picsum.photos/seed/movie896/300/450,"A bollywood cinematic story of courage, featuring a powerful ensemble cast and directed by Y. Chopra."
897,Lagaan Ghar (2015),Action|Adventure,2015,K. Johar,"Ranveer Singh, Ajay Devgn, Priyanka Chopra",movie,102,https://picsum.photos/seed/movie897/300/450,"A bollywood cinematic story of revenge, featuring a powerful ensemble cast and directed by K. Johar."
898,Golden Run (2008),Romance|Adventure|Mystery,2008,N. Burton,"Zendaya, Ana de Armas, Margot Robbie",movie,183,https://picsum.photos/seed/movie898/300/450,"A hollywood cinematic story of redemption, featuring a powerful ensemble cast and directed by N. Burton."
899,Storm Empire (2014),Romance|Mystery|Action,2014,A. Srinivas,"Naga Chaitanya, Anushka Shetty, Ram Charan",movie,170,https://picsum.photos/seed/movie899/300/450,"A tollywood cinematic story of ambition, featuring a powerful ensemble cast and directed by A. Srinivas."
900,Last Echo (2012),Comedy|Action|Thriller,2012,J. Nolan,"Emma Stone, Margot Robbie, Ana de Armas",movie,92,https://picsum.photos/seed/movie900/300/450,"A hollywood cinematic story of revenge, featuring a powerful ensemble cast and directed by J. Nolan."
