userId,movieId,rating,timestamp
1,367,4.5,1574780012
1,70,4.5,1609646920
1,894,4.0,1676957574
1,893,5.0,1533462362
1,162,4.0,1626496022
1,295,4.0,1764975386
1,77,4.5,1539144278
1,548,5.0,1518984869
1,590,2.5,1685674424
1,248,3.0,1537990645
1,874,3.0,1723467243
1,531,4.5,1543268297
1,626,4.0,1757038480
1,513,4.0,1569505766
1,320,3.5,1645228094
1,409,4.5,1522409516
1,634,3.5,1555867441
1,59,4.5,1519112648
1,560,4.5,1766608332
1,715,2.5,1620927509
1,114,5.0,1688043162
1,597,2.5,1731668154
1,483,3.0,1756405570
1,270,2.5,1662896487
1,669,1.5,1622275108
1,31,3.0,1511512261
1,34,3.5,1529719321
1,347,3.0,1514148598
1,432,2.5,1605320267
1,268,3.5,1703682589
1,206,2.0,1509714604
1,343,2.5,1758864843
1,784,4.5,1527992672
1,61,2.5,1707836039
2,438,3.0,1565700306
2,563,3.0,1541233746
2,142,3.5,1541005056
2,119,4.0,1634324487
2,449,2.5,1610520761
2,121,3.0,1765713119
2,631,2.5,1691640535
2,377,3.5,1618265838
2,361,2.0,1738124711
2,199,2.5,1662520977
2,352,3.5,1696995992
2,448,2.0,1657133209
2,60,3.0,1631106987
2,244,3.5,1643631895
2,238,2.0,1671186095
2,95,4.0,1556037606
2,603,4.0,1528989704
2,11,3.0,1686098491
2,233,3.0,1720564744
2,423,3.0,1761030771
2,766,3.5,1650207810
2,771,4.0,1542115419
2,828,2.5,1609282722
2,813,5.0,1573621904
2,550,2.5,1623768032
2,582,3.0,1663712986
2,47,2.5,1613156087
2,822,4.5,1565899856
2,16,2.0,1699925350
2,895,5.0,1576214858
2,738,4.0,1519256309
2,256,2.5,1626221166
2,833,3.0,1736372133
2,59,3.5,1743612144
2,79,3.0,1561331403
2,130,3.0,1511429794
2,450,2.5,1767848918
2,185,1.5,1518122712
2,290,2.0,1645115443
2,45,0.5,1649232574
2,322,3.0,1706253273
2,359,3.5,1661282919
2,617,4.0,1545361994
2,671,3.5,1532061955
2,251,2.5,1649836635
2,300,3.0,1706124208
2,133,3.0,1765943032
2,621,1.5,1510119197
2,408,4.5,1705400467
2,491,4.0,1706514509
3,389,3.5,1654306616
3,189,1.5,1748841028
3,676,3.5,1727544694
3,442,3.5,1639640505
3,546,2.0,1587267758
3,54,3.0,1704704064
3,677,4.0,1750897208
3,313,4.0,1627897098
3,33,3.5,1570798622
3,555,3.5,1508151535
3,782,4.0,1650699732
3,357,3.5,1647313526
3,27,3.5,1545922255
3,624,4.5,1634181550
3,773,4.5,1658819795
3,345,3.0,1681211302
3,849,3.0,1711849910
3,269,3.0,1520726548
3,830,3.5,1647247522
3,772,3.5,1694183454
3,606,5.0,1644282634
3,222,3.0,1634493288
3,776,4.0,1506624513
3,29,2.5,1566736499
3,350,4.0,1664763081
3,744,4.0,1672329864
3,850,2.5,1642011774
3,637,4.0,1595984140
3,445,2.0,1738267973
3,887,3.5,1748423200
3,438,2.5,1509269983
3,802,3.5,1736174496
3,747,3.0,1504762420
3,754,4.5,1750417800
3,771,4.5,1519866241
3,59,3.5,1692588294
3,827,5.0,1757809659
3,112,4.0,1616953300
3,567,3.0,1719371301
3,398,3.5,1531452493
4,565,4.0,1593681461
4,322,3.5,1578867293
4,66,4.5,1526617885
4,452,4.5,1624915073
4,185,2.5,1561443030
4,265,2.0,1520670485
4,785,3.5,1598921414
4,806,3.5,1736389030
4,283,5.0,1670367628
4,266,3.0,1522524735
4,890,4.0,1622381027
4,507,2.5,1532648658
4,131,2.0,1639078958
4,233,4.5,1638214775
5,615,5.0,1723322017
5,241,4.5,1538328916
5,359,3.0,1728962199
5,112,3.5,1651979783
5,80,2.5,1576815213
5,520,4.0,1513257812
5,455,3.5,1675310116
5,116,4.0,1693427580
5,524,4.5,1679844123
5,243,4.5,1719117177
5,209,4.0,1701173910
5,334,3.5,1752697101
5,585,5.0,1657873890
5,381,1.5,1516727504
5,850,4.5,1586067290
5,843,2.0,1697730585
6,606,3.5,1580570733
6,27,3.5,1704595953
6,109,3.0,1542114820
6,624,4.0,1541506262
6,217,2.5,1620571011
6,828,3.0,1724455055
6,321,3.0,1565091501
6,524,2.5,1527612079
6,733,3.5,1753579785
6,800,2.5,1736769422
6,760,2.5,1670155520
6,521,1.5,1644516373
6,803,4.0,1604702494
6,596,3.0,1657338236
6,730,2.5,1631012068
6,353,3.5,1676461148
6,221,4.0,1630499007
6,388,5.0,1694328458
6,851,3.0,1623958500
6,597,3.0,1744717128
6,34,3.0,1669015752
6,673,3.0,1561963987
6,744,3.0,1629410841
7,361,3.5,1606356390
7,574,4.0,1596591509
7,518,2.5,1743776519
7,79,3.5,1508328079
7,371,3.0,1589534471
7,670,3.5,1564848016
7,496,2.5,1724747908
7,620,4.5,1641398979
7,236,4.5,1752254310
7,460,3.5,1554221478
7,806,1.5,1567859383
7,429,5.0,1518294234
7,584,4.5,1731616777
7,848,5.0,1512848105
7,847,2.5,1589622885
7,129,3.5,1539199473
7,551,3.5,1571069767
7,251,3.0,1708367187
7,796,5.0,1726752095
7,418,4.0,1690249750
7,691,4.0,1568425800
7,599,3.0,1715992566
7,682,3.5,1629619378
7,142,5.0,1657513575
7,621,2.5,1563903552
7,267,5.0,1680822575
7,815,4.5,1680732483
7,294,3.5,1557859536
7,350,4.5,1524286805
7,322,5.0,1539595595
7,121,5.0,1690566426
7,84,3.0,1740998850
7,419,4.0,1719512947
7,432,3.5,1741459684
7,152,2.5,1733909366
7,590,3.5,1655311996
7,507,3.0,1756144359
7,648,4.0,1572265798
8,608,2.5,1553400691
8,379,5.0,1686479756
8,691,3.0,1652895983
8,665,2.5,1588901818
8,465,4.5,1563646627
8,389,5.0,1654534620
8,329,3.0,1647021292
8,450,3.0,1761260565
8,181,5.0,1735641635
8,521,2.0,1620062247
8,740,5.0,1590903399
8,603,3.5,1654875886
8,287,3.0,1639279890
8,792,4.0,1556972444
8,100,3.0,1624379345
8,238,3.5,1649587648
8,305,2.5,1575700479
8,506,4.5,1551526731
8,350,2.5,1611048049
8,50,2.5,1590651954
8,578,3.5,1514683486
8,531,4.0,1521337955
8,538,2.5,1604761053
8,594,4.5,1503578303
8,865,3.5,1762189440
8,437,4.0,1513839085
8,293,4.0,1698395577
8,331,3.5,1609060460
8,394,4.0,1651310367
8,327,3.5,1728976817
8,776,3.5,1738813430
8,183,3.0,1567741674
8,147,2.5,1743658529
8,43,4.5,1658345552
8,834,4.0,1558849039
8,753,4.0,1564392615
8,749,4.0,1738588151
8,216,4.0,1732071014
8,441,4.0,1764814556
8,532,3.5,1641227402
8,285,5.0,1546634661
8,589,4.0,1573453621
8,631,2.0,1649493422
8,322,3.0,1562525401
9,77,3.0,1669012291
9,335,4.0,1520592675
9,161,2.0,1732667841
9,520,3.5,1553922669
9,344,4.5,1670471118
9,283,5.0,1602219511
9,465,2.0,1519132030
9,646,2.5,1504279176
9,754,4.0,1632023931
9,526,2.5,1573484028
9,689,3.5,1701975697
9,796,5.0,1618224103
9,76,3.0,1605053991
9,724,4.5,1642424361
10,192,3.0,1626012078
10,752,2.0,1687208915
10,509,3.0,1759970645
10,290,2.0,1596671301
10,135,2.5,1661115264
10,204,3.5,1624496787
10,651,5.0,1656828539
10,897,2.5,1760414576
10,91,2.5,1763185917
10,529,3.5,1710566168
10,878,3.0,1691731567
10,741,2.5,1758212926
10,768,4.5,1658600913
10,220,2.5,1551825887
10,4,3.0,1617537433
10,445,2.0,1560326796
10,69,4.5,1654227635
10,503,2.0,1725267825
10,572,3.0,1740074131
10,626,2.0,1674696209
10,214,3.5,1632819855
10,728,2.5,1728097813
10,183,3.5,1562179949
10,40,2.5,1594593671
10,429,4.0,1749503202
10,705,1.0,1671211331
10,270,4.5,1560954334
10,629,2.0,1686604824
10,390,2.5,1713722569
10,647,1.5,1568750543
11,241,2.5,1589407875
11,30,4.0,1610703221
11,298,4.5,1559225245
11,275,3.0,1676997845
11,520,5.0,1569371955
11,221,5.0,1510694423
11,872,3.0,1511337475
11,802,4.0,1703575076
11,419,5.0,1548454054
11,63,3.0,1678932674
11,576,3.0,1689354709
11,791,4.5,1534072392
11,331,4.0,1526422213
11,268,2.5,1612991674
11,692,5.0,1694399750
11,326,2.5,1606536563
11,422,5.0,1584284927
11,401,3.0,1712346559
11,829,3.5,1623123006
11,453,2.5,1655793219
11,436,2.5,1586653204
11,409,4.5,1700725268
11,267,4.0,1677973841
11,56,4.0,1721939902
11,498,3.5,1615757474
11,746,3.0,1633521806
11,225,3.5,1507323397
11,348,1.5,1519367600
11,652,4.0,1510752650
11,839,4.5,1555040398
11,47,3.5,1769240398
11,316,4.0,1713641017
11,459,3.0,1760328678
11,420,4.0,1522701676
11,227,3.5,1584259476
11,587,3.5,1651982639
11,897,3.0,1661848562
12,35,5.0,1581522538
12,279,2.5,1551301597
12,768,4.5,1709983045
12,127,3.0,1604305468
12,833,2.5,1667605569
12,803,4.0,1673799466
12,387,4.0,1728252123
12,672,2.5,1512579934
12,411,3.0,1662217681
12,135,2.5,1647129335
12,838,3.5,1746373088
12,759,3.0,1608805854
12,898,4.5,1553514873
12,277,3.5,1641878849
12,883,3.0,1753081136
12,87,3.5,1702175236
12,79,3.5,1656357562
12,76,3.5,1730604617
12,517,4.0,1549962492
12,740,4.5,1619321144
12,721,3.0,1718147140
12,781,3.0,1649549632
12,751,2.0,1759496299
12,426,4.5,1652698427
12,21,3.5,1631326163
12,16,3.0,1705303915
13,382,4.0,1543719708
13,782,3.0,1556395001
13,560,4.0,1728547033
13,732,2.5,1541609882
13,111,2.5,1701694912
13,464,4.0,1568334260
13,230,4.0,1507314611
13,592,3.0,1587023077
13,26,3.0,1565217839
13,407,4.0,1589226321
13,790,2.0,1605960928
13,238,4.0,1734935384
13,458,3.0,1561023212
13,379,4.0,1520971221
13,489,5.0,1727731096
13,577,3.5,1765850171
13,112,4.0,1591655722
13,659,3.5,1761559955
13,319,3.5,1575089659
13,341,3.0,1724491146
13,148,3.0,1714429281
13,830,3.5,1504970632
13,646,3.0,1659316994
13,86,2.5,1563127042
13,98,3.0,1733796220
13,575,3.5,1657960120
13,174,3.0,1645549800
13,213,3.5,1673079742
13,886,4.5,1699518308
13,502,4.5,1589091407
13,608,2.5,1575976682
13,256,3.0,1655798210
13,145,3.5,1609769615
13,413,1.5,1699315103
13,632,3.5,1634883107
13,859,3.0,1753462145
13,485,2.0,1748506898
13,536,4.5,1613074208
13,741,3.0,1677262518
13,860,5.0,1572659705
13,581,3.5,1588174718
13,779,5.0,1754407246
13,239,4.0,1505272711
13,61,3.0,1670557460
13,786,4.5,1723500943
13,506,3.5,1596221108
13,259,3.5,1580718044
13,422,4.5,1752594241
13,759,3.0,1535996126
13,346,3.5,1503007782
13,855,4.5,1667418098
13,155,4.0,1600756943
13,38,2.5,1606980999
13,330,4.0,1550384179
13,706,2.5,1746205554
13,579,3.0,1677723132
13,614,3.0,1550849499
13,417,4.0,1532806994
13,893,4.0,1751628229
13,6,2.0,1583995076
13,275,3.0,1535847944
13,707,3.0,1688147911
13,215,3.5,1621348668
13,774,3.5,1685197617
13,576,1.5,1507585710
13,814,3.5,1603423169
13,501,3.0,1647414345
13,559,3.5,1652572042
13,512,4.0,1728795941
13,321,3.5,1664148454
13,668,4.0,1697179158
13,242,2.5,1716503049
13,473,3.0,1636767533
13,726,3.0,1608763667
13,495,4.0,1541594677
13,527,2.0,1581830834
13,569,2.0,1555284970
14,578,4.0,1673590700
14,105,2.0,1541761806
14,130,2.5,1528018856
14,817,4.5,1573537855
14,535,2.5,1736056244
14,602,2.0,1728387964
14,661,3.0,1753236145
14,785,3.0,1675604764
14,393,3.0,1662434761
14,339,3.5,1768636838
14,590,2.0,1562973077
14,791,5.0,1629263961
14,874,2.0,1711122694
14,607,2.5,1702566520
14,620,3.0,1706979765
14,284,2.5,1754733439
14,827,5.0,1690584683
14,755,2.0,1667375857
14,893,3.0,1670173004
14,631,3.0,1541983122
14,685,2.5,1614836344
14,485,3.5,1589183012
14,215,3.5,1649108789
14,173,2.5,1576710263
14,3,3.0,1734743179
14,803,2.0,1737107330
14,238,3.5,1763116946
14,222,2.0,1634507123
14,94,2.0,1564553250
14,823,4.5,1733760772
14,630,4.5,1686927978
14,151,4.5,1595569684
14,147,2.5,1513580446
14,169,4.0,1696326807
14,487,2.0,1750222583
14,896,2.5,1685752803
14,1,4.0,1727675106
15,384,4.0,1752763808
15,184,3.5,1743997477
15,766,3.5,1763228070
15,11,4.0,1593292576
15,201,3.0,1754180681
15,453,3.5,1555774062
15,370,3.5,1520505031
15,539,4.5,1698391981
15,200,3.0,1515481729
15,6,4.0,1582244194
15,601,4.5,1594976582
15,318,4.0,1570678092
15,337,2.5,1544466128
15,97,3.5,1725256314
15,378,2.5,1564116757
15,260,2.5,1530090537
15,515,4.5,1738036754
15,14,1.5,1533460733
15,622,4.0,1668704466
15,280,2.5,1552331739
15,35,4.5,1648969953
15,663,3.5,1604250870
15,282,4.0,1508952030
15,658,2.5,1678598155
15,491,3.0,1669909057
15,408,4.0,1590845828
15,45,3.0,1696632499
15,713,4.5,1507608109
15,722,2.0,1716451901
15,281,3.5,1723541625
15,641,3.0,1533008652
15,59,4.0,1534872396
15,586,3.0,1603583839
15,844,2.5,1769254556
15,32,4.5,1579195944
15,884,4.0,1643149075
16,46,3.0,1665239372
16,283,4.0,1602588544
16,624,4.0,1571261460
16,204,4.5,1666691474
16,706,3.5,1528634175
16,518,3.5,1703640751
16,420,3.0,1654123053
16,178,3.0,1595565188
16,651,4.5,1649767334
16,765,4.0,1575390673
16,863,4.5,1669404774
16,858,3.5,1722255308
16,4,3.5,1621311554
16,319,2.5,1601063422
16,281,3.0,1646458073
16,575,3.0,1606957918
16,360,2.0,1595086324
16,121,4.5,1658340596
16,350,3.5,1639239667
16,478,3.5,1736007552
16,582,2.0,1642026592
16,857,2.5,1549613345
16,714,3.5,1763005360
16,89,3.0,1690671370
16,580,3.5,1695213349
16,475,4.0,1687292355
16,91,3.5,1741416429
16,120,3.5,1591522876
16,93,2.5,1519719852
16,187,3.5,1707060745
16,748,2.0,1583593068
16,191,2.5,1613098727
16,326,2.5,1732923270
16,606,4.0,1686252076
16,642,5.0,1654988728
16,21,4.5,1611372236
16,786,3.5,1683707112
16,174,3.5,1644391493
16,808,2.0,1548725060
16,11,1.5,1613130505
16,223,2.5,1638627506
16,654,3.0,1617174719
16,384,3.0,1751088190
16,472,3.0,1640040584
16,84,2.5,1516883541
16,899,3.5,1561900241
16,742,3.0,1600086433
16,253,5.0,1755126331
17,382,4.0,1644612073
17,578,4.5,1715151086
17,387,4.5,1515330443
17,675,3.0,1588060769
17,603,5.0,1589327122
17,35,4.5,1661374143
17,331,4.5,1606548551
17,719,4.5,1574919910
17,108,4.5,1569734606
17,645,4.5,1678856992
17,368,4.0,1528883707
17,891,5.0,1548532405
17,9,3.0,1666039967
17,163,5.0,1575946267
17,432,2.5,1685812337
17,487,2.5,1746269946
17,343,4.0,1712597588
17,345,3.5,1588767354
17,664,5.0,1747276155
17,103,5.0,1500452693
17,192,5.0,1579183635
17,367,5.0,1607592437
17,314,5.0,1592378539
17,167,4.5,1661749721
17,479,5.0,1665102171
17,560,3.0,1543151145
17,191,3.5,1599102967
17,771,5.0,1626800092
17,23,5.0,1609157657
17,450,4.0,1734370397
17,829,4.5,1548407982
17,632,4.5,1631389772
17,468,4.5,1582752175
17,608,2.5,1700928132
17,590,4.5,1502654708
17,712,4.0,1756272156
17,446,4.0,1585539537
17,749,3.0,1685065775
17,409,5.0,1553640639
17,485,3.0,1752759198
17,855,4.0,1711552528
17,250,2.5,1614080707
17,259,5.0,1753567325
17,741,4.5,1702020003
17,383,3.5,1748831068
17,616,4.5,1630321122
17,346,4.0,1551445581
17,495,5.0,1708077160
17,695,4.5,1568989196
17,411,4.5,1670916450
17,308,4.0,1571686370
17,42,5.0,1714685851
17,899,5.0,1675616831
17,240,4.5,1652038942
17,782,2.5,1727951329
17,520,5.0,1711446802
17,111,2.5,1538470451
17,437,5.0,1686222903
18,624,5.0,1596570001
18,183,3.5,1728552025
18,787,4.0,1580931986
18,241,2.5,1652988951
18,378,3.5,1667016286
18,371,5.0,1707669996
18,349,3.5,1758048109
18,514,3.5,1518697422
18,843,3.5,1640133774
18,2,3.5,1726418270
18,626,2.5,1596377968
18,614,2.5,1587801413
18,770,5.0,1713790662
18,408,3.0,1557139468
18,80,3.5,1749603472
18,662,2.5,1544367265
18,236,4.0,1685911346
18,142,5.0,1554441447
18,512,3.5,1717150083
18,193,5.0,1506562973
18,46,3.5,1586373822
18,217,3.5,1671275662
18,310,3.5,1569116497
18,446,5.0,1706153214
18,96,3.0,1744110947
18,348,2.5,1506221615
18,394,5.0,1760994092
19,311,3.0,1526061646
19,436,4.0,1749517829
19,265,4.0,1651244030
19,760,3.5,1521391325
19,650,3.0,1565257435
19,119,5.0,1762863492
19,619,4.0,1747095221
19,827,3.0,1697087526
19,822,4.5,1526883009
19,462,3.5,1698264505
19,515,5.0,1635466923
19,382,3.0,1728547309
19,800,4.0,1681173394
19,485,3.5,1658991343
19,730,4.5,1512632759
19,344,3.5,1643470976
19,865,3.5,1595953960
19,548,4.0,1657431856
19,374,4.5,1691601368
19,115,4.0,1723907508
19,805,4.0,1509405436
19,184,4.5,1739857899
19,435,4.0,1674285774
19,545,2.5,1659817531
19,778,2.5,1519120699
19,393,4.0,1559959506
19,892,4.5,1691794171
19,691,3.0,1519656104
19,82,5.0,1712716078
19,154,4.5,1633480452
19,8,3.5,1594077848
19,346,3.5,1545122313
19,725,5.0,1550773267
19,605,4.5,1567675063
19,203,4.0,1577655326
19,528,4.0,1764919109
19,833,3.5,1731445340
19,630,5.0,1647476418
19,746,4.5,1685427844
19,894,4.0,1745903453
19,466,4.0,1631050567
19,446,4.5,1746112135
20,382,2.5,1734583402
20,40,3.0,1647525014
20,151,4.0,1599704160
20,624,5.0,1648634759
20,742,2.5,1769274631
20,654,3.0,1524557646
20,832,4.0,1714034667
20,104,5.0,1597313442
20,392,4.0,1652961236
20,525,3.0,1646393641
20,743,4.0,1502711763
20,81,4.0,1718604597
20,346,4.0,1611205478
20,653,2.5,1510049658
20,768,5.0,1722438955
20,310,4.0,1569668099
20,433,4.5,1647515303
20,411,4.5,1643373136
20,23,5.0,1748271241
20,189,3.0,1670810526
20,765,5.0,1552155775
20,264,4.0,1618822250
20,739,5.0,1620701880
20,669,2.0,1509702826
20,761,3.0,1674273040
20,82,3.5,1618679458
20,857,4.5,1534210732
20,444,3.0,1654528256
20,120,5.0,1747306444
20,813,5.0,1725896373
20,197,3.0,1676497395
20,585,2.5,1708863996
20,268,2.5,1755337353
20,311,4.0,1506746977
20,631,3.5,1684120267
20,527,3.0,1682856072
20,553,4.0,1671606925
20,875,4.5,1685953997
20,250,4.0,1738576343
20,711,3.5,1581485530
20,819,3.5,1748006200
20,51,3.5,1767884974
20,384,2.5,1613085090
20,588,3.5,1591275254
20,485,3.0,1709412541
20,221,5.0,1637273918
20,779,4.0,1716325814
21,575,4.0,1570704496
21,354,3.5,1703167438
21,86,2.5,1566300342
21,213,4.0,1552065644
21,766,2.5,1712466502
21,543,4.5,1617201808
21,379,4.5,1613443599
21,312,4.5,1559395514
21,299,4.0,1655343049
21,769,3.0,1595897191
21,323,3.5,1585425567
21,463,3.0,1715347785
21,691,3.5,1719320457
21,479,4.5,1688991777
21,31,3.0,1616905036
21,160,5.0,1724508675
21,640,2.0,1649722410
21,599,3.0,1671478445
21,171,3.0,1694977920
21,361,4.0,1556714387
21,579,3.0,1670604206
21,442,3.5,1769672767
21,426,4.5,1710546472
21,784,4.5,1620849217
21,24,3.0,1716877577
21,770,4.5,1765661559
21,291,4.5,1749061902
21,570,4.0,1653697242
21,762,3.5,1741299813
21,503,2.0,1584271444
21,241,3.5,1595362569
21,385,3.0,1714777551
21,551,2.5,1654837765
22,672,3.0,1548837235
22,177,3.5,1698801106
22,700,3.5,1512197447
22,101,4.0,1709024990
22,393,2.5,1603633036
22,595,4.5,1586639836
22,669,1.5,1745762807
22,429,5.0,1698139897
22,421,5.0,1628481439
22,194,3.0,1594065686
22,652,4.5,1753493743
22,30,3.0,1607258918
22,634,4.5,1673261236
22,230,4.0,1571215956
22,142,5.0,1657293471
22,625,4.5,1534796116
22,635,2.5,1516583813
22,516,4.0,1611136181
22,83,4.0,1747593906
22,614,4.0,1746527325
22,585,2.5,1631558590
22,750,3.0,1738184494
22,419,3.5,1629860295
22,24,4.0,1594960594
22,333,4.5,1747715580
22,256,3.0,1768550850
22,171,3.0,1559677119
22,583,4.0,1677843446
22,641,4.0,1585505596
22,484,3.0,1631460065
22,701,4.0,1748148301
23,699,5.0,1640928129
23,694,5.0,1560013434
23,417,3.0,1590706203
23,888,4.5,1696744134
23,533,3.0,1721670270
23,482,2.0,1682447327
23,883,3.5,1576208876
23,395,5.0,1630496499
23,73,4.5,1759089072
23,802,3.5,1612788518
23,428,4.5,1642006493
23,267,5.0,1552143965
23,734,4.0,1677181190
23,551,4.0,1539765788
23,124,3.5,1746016811
23,733,4.0,1763913355
23,796,5.0,1631387582
23,622,4.5,1639586197
23,663,5.0,1683847632
23,547,4.5,1658533720
23,732,4.0,1738731496
23,25,4.5,1677522385
23,450,3.0,1741793859
23,493,5.0,1638470691
23,848,5.0,1647800013
23,744,3.5,1519190256
23,62,3.0,1575173193
23,300,3.0,1579469766
23,832,2.5,1654849910
23,408,3.5,1513926695
23,849,3.0,1618660032
23,843,3.5,1699099179
23,743,2.5,1694736091
23,788,4.5,1656346634
23,41,3.0,1664638299
23,373,5.0,1584987979
23,410,4.0,1663606773
23,524,4.0,1755166605
23,645,4.0,1736149301
23,666,3.0,1658312289
23,451,3.5,1582915033
23,439,4.0,1569016412
23,807,3.5,1578665620
23,128,3.0,1656945018
23,107,5.0,1706280124
23,150,4.0,1638139977
23,868,4.5,1622362560
24,152,2.5,1534763787
24,599,3.0,1683806883
24,13,3.0,1620702098
24,266,4.0,1666058621
24,373,4.5,1610825866
24,739,3.5,1620425510
24,521,1.0,1580578162
24,764,2.0,1649419520
24,892,2.5,1564205152
24,530,2.5,1605732541
24,416,2.5,1691395267
24,489,4.0,1767785974
24,634,3.0,1746596466
24,175,2.5,1506550244
24,353,3.5,1622605916
24,660,3.5,1608732457
24,160,3.5,1695184964
24,602,2.0,1517631127
24,874,2.0,1713938345
24,514,1.0,1553064328
24,322,3.0,1676907063
24,536,3.5,1536076506
24,384,3.0,1645746256
24,388,4.0,1542652939
24,887,3.0,1530051242
24,497,2.0,1739784184
24,664,2.0,1633128925
24,174,4.0,1631368151
24,538,3.0,1637477646
24,494,2.5,1598078079
24,180,5.0,1631580109
24,496,3.0,1622589064
24,389,4.5,1744848596
24,15,2.0,1595257370
24,685,3.0,1521599814
25,195,3.5,1737641513
25,751,4.0,1604581790
25,851,2.5,1744949735
25,66,4.5,1500265816
25,136,5.0,1635156058
25,536,4.5,1718597120
25,311,3.5,1645354149
25,63,2.0,1764465371
25,213,4.0,1594774831
25,234,4.0,1676436933
25,250,4.0,1759458791
25,600,3.0,1652340181
25,780,5.0,1660866534
25,596,3.5,1641841241
25,489,5.0,1633692669
25,476,4.5,1683149369
25,101,2.5,1647794307
25,550,5.0,1665787895
25,801,3.5,1736246719
25,53,4.5,1559845031
25,327,4.5,1597807294
25,809,4.0,1761767756
25,650,4.5,1503498942
25,75,2.0,1671373245
25,202,5.0,1752601161
25,490,4.0,1766174119
25,120,4.0,1587580223
25,453,3.5,1595989924
25,86,3.5,1535196975
25,488,3.0,1731936243
25,203,5.0,1663552880
25,103,2.5,1550770793
25,556,4.5,1737940293
25,604,5.0,1683841628
25,221,5.0,1598062516
25,613,3.5,1603935792
25,499,3.5,1558364151
25,308,3.0,1624448180
25,583,4.5,1614469708
25,10,4.0,1664926926
25,441,5.0,1769390909
25,882,5.0,1663951690
25,115,3.0,1671807206
25,738,5.0,1753336305
26,585,3.0,1663003737
26,689,4.5,1699066974
26,159,2.0,1577839049
26,332,1.5,1664407261
26,161,2.0,1679165722
26,197,3.0,1690016639
26,785,2.5,1669300443
26,406,4.0,1741435078
26,805,3.0,1665365305
26,176,3.0,1728330077
26,873,2.0,1711281361
26,162,3.0,1723941550
26,625,4.0,1503045413
26,679,3.0,1716939394
26,334,2.0,1529692945
26,529,2.5,1719466265
26,486,1.5,1689843975
26,670,5.0,1575124499
26,610,3.5,1745290799
26,808,2.0,1647213932
26,427,2.0,1510458042
26,799,2.5,1608562330
26,744,3.0,1611996125
26,276,3.0,1637401012
26,235,3.5,1658267875
26,270,2.5,1700507966
26,484,2.0,1512712566
27,572,3.5,1709413485
27,574,3.5,1761478335
27,757,5.0,1634135119
27,205,2.0,1650400418
27,817,3.0,1701336775
27,221,4.0,1531845479
27,633,3.0,1554460142
27,516,2.5,1530126276
27,451,3.0,1683981329
27,877,3.0,1648201186
27,281,2.5,1698346330
27,110,2.5,1735216229
27,77,3.0,1652597683
27,249,3.0,1559609200
27,165,3.5,1753317639
27,334,3.5,1572093565
27,741,2.0,1539722415
27,492,2.5,1674239044
27,739,4.5,1722145038
27,608,2.5,1581482285
27,482,3.0,1580755895
27,48,2.5,1660446894
28,336,4.0,1694456683
28,587,5.0,1678784511
28,560,3.0,1606829355
28,782,3.5,1639063429
28,677,4.0,1637094163
28,267,5.0,1512422287
28,571,4.5,1575306848
28,544,5.0,1563989879
28,837,5.0,1720535271
28,299,5.0,1729421544
28,707,3.5,1712766225
28,23,4.5,1761111211
28,144,3.0,1525786490
28,791,4.5,1532365990
28,789,3.0,1700507523
28,70,3.5,1508697990
28,892,4.5,1734723672
28,805,3.0,1517224972
28,717,5.0,1675594375
28,729,3.5,1764145574
28,757,3.5,1651744643
28,322,3.5,1679182047
28,874,3.5,1536029124
28,370,2.0,1540561977
28,792,5.0,1549469174
28,457,4.5,1560309355
28,766,4.0,1584945819
28,220,3.5,1547099823
28,189,3.0,1751495456
28,329,5.0,1602481922
28,480,4.5,1539236436
28,234,3.0,1731362762
28,472,3.0,1648640719
29,339,4.0,1607552180
29,75,2.0,1690398751
29,187,3.5,1581929068
29,664,2.0,1601386660
29,590,3.5,1579609261
29,348,2.5,1610672811
29,465,3.0,1665614832
29,541,4.0,1597488630
29,800,3.5,1554168394
29,710,4.5,1514079166
29,758,2.5,1521180944
29,840,3.0,1568356305
29,443,2.0,1687110035
29,22,3.0,1537187375
29,412,2.0,1675804309
29,589,4.0,1669294857
29,301,3.0,1623536065
29,7,5.0,1612102542
29,639,2.5,1608287631
29,849,3.0,1662634040
29,400,4.5,1587665067
29,20,2.5,1727785540
29,9,4.0,1645533861
29,231,3.0,1625079567
29,331,4.5,1616627587
29,438,2.5,1690774268
29,155,3.5,1514654667
29,266,3.0,1573718906
29,877,2.5,1736030435
29,229,2.0,1566094231
29,599,3.5,1701387767
29,691,2.5,1513649346
29,787,3.0,1738345161
29,335,3.5,1611982868
29,546,2.0,1704234591
29,469,2.5,1526421720
29,670,3.5,1739880573
30,790,2.0,1553722539
30,390,4.0,1690417965
30,605,5.0,1693484217
30,835,3.5,1666420169
30,128,3.5,1535060678
30,96,3.0,1733081905
30,180,5.0,1661434097
30,519,4.5,1623136084
30,593,4.5,1545339539
30,742,3.0,1709211189
30,529,3.0,1753060258
30,125,4.0,1508509416
30,167,3.0,1647487098
30,775,3.5,1673554762
30,215,4.0,1524357561
30,124,3.0,1575556966
30,501,4.0,1633679850
30,759,2.0,1595218556
30,620,3.5,1504978913
30,367,4.0,1568691720
30,768,5.0,1583622108
30,325,2.5,1575280234
30,426,4.5,1752228772
30,196,4.5,1520933033
30,216,3.0,1532846546
30,93,3.0,1612649259
30,819,4.5,1657348586
30,520,5.0,1699557084
30,369,5.0,1722735055
30,490,4.0,1584547878
30,262,3.0,1725077304
30,521,3.0,1592567279
30,115,3.0,1593757783
30,468,4.0,1581271786
30,17,3.5,1597503645
30,8,3.5,1695994394
30,823,5.0,1558729153
30,431,3.0,1587173724
30,410,5.0,1516095458
30,879,3.0,1767123017
31,641,3.0,1722842680
31,383,2.0,1736446448
31,862,2.0,1572158347
31,272,2.0,1500387421
31,637,3.5,1667198182
31,329,3.0,1755681266
31,30,2.5,1752053901
31,803,3.0,1637901532
31,27,3.0,1568826104
31,340,4.0,1673342977
31,482,2.5,1696270731
31,36,3.0,1551753437
31,753,2.5,1756511468
31,893,5.0,1764570900
31,148,2.5,1605380835
31,418,3.5,1567556067
31,48,3.5,1617741765
31,553,3.5,1569689928
31,387,3.0,1576555394
31,781,4.0,1621092221
31,613,3.5,1544124872
31,740,4.0,1550889559
31,538,4.5,1716809161
31,174,4.0,1651558537
31,162,3.5,1556493966
31,103,3.5,1634098970
31,16,2.5,1621452765
31,358,4.0,1634577810
31,229,4.0,1599120734
31,95,3.0,1661656204
31,430,2.0,1676429609
31,68,3.5,1748114440
31,116,3.5,1643197362
31,488,2.5,1570709710
31,476,2.5,1676063600
32,755,3.0,1758114850
32,872,3.0,1759762230
32,36,3.0,1684630857
32,766,3.0,1600796580
32,819,3.0,1717785366
32,395,3.5,1742721547
32,648,3.0,1615339301
32,50,1.5,1743306456
32,814,4.5,1641092165
32,203,3.5,1736149650
32,187,3.5,1563253662
32,15,1.5,1649950832
32,147,2.5,1681113585
32,650,3.5,1681062179
32,35,3.5,1600029466
32,856,2.0,1637054783
32,244,3.0,1683063848
32,166,3.5,1761646803
32,407,1.5,1744982788
32,331,3.5,1551809875
32,12,3.0,1683811190
33,437,4.5,1690018211
33,658,3.0,1581481539
33,27,2.5,1525230364
33,557,3.0,1694699539
33,130,2.5,1623707699
33,97,5.0,1589525087
33,233,4.0,1701043191
33,469,4.0,1585228148
33,850,2.5,1553761216
33,114,4.5,1588924890
33,124,3.5,1621471065
33,564,4.5,1581631803
33,730,3.5,1727641717
33,303,4.5,1608553218
33,895,4.0,1649476342
33,356,3.5,1526259527
33,315,4.5,1715216969
33,464,4.0,1659180308
33,447,4.0,1709257463
33,567,3.5,1726164460
33,85,3.0,1755843592
33,888,3.5,1751257814
33,517,3.5,1672830173
33,187,4.0,1573078801
33,408,3.5,1661057631
33,840,4.0,1500189844
33,524,3.5,1540195785
33,200,2.5,1634931358
33,146,4.5,1667291849
33,861,3.0,1612074377
33,697,3.0,1535870926
33,228,3.5,1531794691
33,795,2.5,1720318685
33,18,3.5,1575324745
33,204,5.0,1577197509
34,806,3.0,1761619400
34,164,2.0,1656286842
34,662,2.5,1620599146
34,430,2.0,1555324639
34,401,2.0,1547552241
34,606,5.0,1694642217
34,199,3.0,1629542975
34,255,3.0,1765499736
34,855,3.0,1732184489
34,359,3.0,1726384571
34,73,3.0,1530415089
34,232,3.0,1556473503
34,283,4.5,1650433142
34,144,3.5,1648104234
34,412,2.5,1635114735
34,127,3.5,1676539085
34,744,3.5,1725295387
34,758,3.5,1634888315
34,600,5.0,1691481075
34,689,4.0,1544610409
34,156,2.0,1506939653
34,211,2.5,1554294281
34,455,3.5,1760677007
34,146,4.5,1630322309
34,779,3.5,1765738261
34,336,3.0,1618856848
34,12,3.5,1732876901
34,653,3.0,1642675680
34,121,4.0,1555816025
34,534,3.5,1761918897
34,319,2.5,1701768081
34,537,2.5,1705399953
34,106,4.5,1522602925
34,791,4.0,1557873436
34,644,3.0,1552922979
34,613,3.0,1550956335
34,483,3.0,1563068029
34,238,4.0,1628105085
34,677,2.0,1693649781
34,449,3.5,1726467895
34,306,2.5,1711390290
34,842,4.0,1521402318
34,128,2.5,1686457659
34,555,4.5,1736354779
34,761,2.0,1747359499
34,625,5.0,1520012526
34,466,4.0,1714046532
34,158,3.5,1731819439
34,773,4.5,1513765677
34,738,3.5,1615985343
34,350,3.0,1597032809
34,897,3.0,1512962436
34,279,2.5,1676610262
34,42,3.5,1553045101
34,391,3.5,1656914935
34,859,2.5,1721268077
34,262,3.5,1515233484
34,116,3.5,1745147697
34,642,4.5,1636104413
34,478,3.5,1692515967
34,437,4.5,1684710290
34,173,3.0,1689181736
35,803,2.5,1554384036
35,49,3.5,1548550568
35,333,3.5,1718004631
35,470,2.5,1667999976
35,716,3.5,1766928294
35,651,4.0,1599961147
35,270,3.0,1705458558
35,788,3.0,1608527983
35,813,5.0,1642099203
35,165,3.5,1760618955
35,215,2.5,1688223669
35,572,3.5,1680926167
35,790,2.5,1735025495
35,885,3.5,1694059085
35,561,3.0,1585479175
35,664,3.5,1590485937
35,330,4.0,1673280337
35,759,2.0,1508550921
35,411,2.5,1559850695
35,772,3.0,1601892599
35,357,2.5,1666713226
35,800,3.5,1659023146
35,836,2.0,1595513686
35,177,3.5,1713659176
35,865,2.0,1540767481
35,512,3.5,1606633093
35,878,3.0,1550124243
35,92,3.0,1548609480
35,342,4.0,1717237883
35,361,3.5,1641395716
35,632,4.0,1578257225
35,552,3.0,1682624129
35,758,4.0,1689944740
35,825,2.0,1713007155
35,857,3.5,1571421161
35,234,3.5,1706824236
35,325,2.0,1555633796
35,849,2.0,1657792943
35,314,3.5,1544137019
36,42,5.0,1714542655
36,252,3.5,1707824766
36,562,4.5,1640387599
36,159,3.0,1695404327
36,684,5.0,1641496269
36,281,4.0,1731560317
36,27,2.5,1698764915
36,507,2.0,1695697245
36,230,5.0,1626006723
36,854,4.5,1671881759
36,712,3.5,1691702738
36,225,4.0,1541360774
36,897,3.0,1572205273
36,232,5.0,1672691267
36,451,5.0,1632550932
36,664,2.5,1569130011
36,832,3.0,1551873223
36,222,3.0,1755409736
36,149,3.5,1668300863
36,13,4.5,1556268162
36,304,4.5,1622312304
36,250,3.5,1687015108
36,22,3.5,1620239650
36,879,4.0,1749798753
36,627,2.5,1644489915
36,495,5.0,1528562313
36,859,3.5,1747088860
36,450,4.0,1735080178
36,425,4.0,1766896219
36,570,2.5,1734174639
36,565,4.0,1534712869
36,582,4.0,1591988099
36,197,2.5,1511872998
36,423,3.0,1740769571
36,191,4.5,1530894645
36,869,4.5,1686617993
36,532,3.0,1755886872
36,595,4.0,1579392538
37,737,4.5,1550552531
37,283,5.0,1716657094
37,584,4.5,1708011247
37,259,3.5,1718814724
37,746,4.5,1704703890
37,29,3.5,1754695621
37,731,4.5,1574361721
37,613,4.0,1684305283
37,503,2.0,1598241792
37,442,4.0,1551466218
37,722,3.0,1667071750
37,783,3.5,1690673438
37,137,4.0,1595246778
37,406,5.0,1731048243
37,221,5.0,1635299057
37,678,5.0,1768264636
37,463,3.0,1548712711
37,318,4.0,1599088322
37,552,5.0,1639857862
37,714,4.5,1715514886
37,691,4.5,1607700220
37,312,4.5,1621676534
37,339,4.0,1688549430
37,239,3.5,1543791703
37,818,4.5,1682385879
37,897,4.0,1742519348
37,521,2.5,1550480837
37,417,4.5,1638388048
37,148,2.5,1510952575
37,785,4.0,1532695912
37,553,5.0,1531753874
37,698,4.0,1700331761
37,601,5.0,1551265976
37,323,3.0,1590469788
37,884,4.5,1500928193
37,7,4.0,1506753020
37,625,5.0,1502502371
37,55,4.5,1675481445
37,730,3.5,1706562973
37,773,4.0,1664424174
37,367,4.5,1514846389
37,602,3.5,1701238553
37,123,5.0,1537253059
37,794,3.5,1592552765
37,73,4.0,1601190552
37,629,4.0,1767469817
37,66,5.0,1597595993
37,543,4.0,1617238569
37,424,4.0,1685353590
37,748,3.5,1552058106
37,166,4.0,1583038451
37,751,4.5,1700880076
37,200,3.5,1594987650
37,255,2.5,1736597715
37,616,4.5,1595290299
37,793,4.5,1579913103
37,778,4.0,1738964705
37,184,4.5,1516289559
37,856,3.0,1520816783
37,186,4.5,1564576484
37,31,3.5,1667324058
37,665,3.5,1656460798
37,507,2.5,1557861222
37,747,5.0,1687396951
37,340,3.5,1596860508
37,92,5.0,1589864300
38,618,4.5,1535145495
38,159,3.0,1681647023
38,628,2.5,1632189523
38,346,2.5,1696330210
38,466,3.5,1575903549
38,675,2.0,1628554464
38,562,5.0,1763479145
38,852,2.5,1601114367
38,399,2.0,1717048695
38,803,2.5,1522328670
38,459,3.5,1692372341
38,120,4.5,1531473616
38,685,3.0,1757925347
39,329,5.0,1593071275
39,540,3.5,1668391511
39,577,3.0,1525746199
39,589,3.0,1515012579
39,720,3.0,1525344357
39,545,2.5,1662642853
39,535,2.5,1706642363
39,404,2.5,1601060048
39,776,3.5,1688852721
39,560,3.0,1528150963
39,659,4.0,1732896783
39,206,3.0,1595718776
39,290,3.5,1699084578
39,139,3.0,1524009245
39,459,3.5,1615155142
39,782,4.0,1552962709
39,203,3.0,1745475501
39,300,3.0,1599699823
39,642,3.5,1618952952
39,437,4.0,1671965406
39,414,4.0,1539171971
39,446,3.5,1609311337
39,387,4.0,1765898853
39,85,3.0,1610991049
39,503,3.5,1508371273
39,25,4.0,1524284755
39,504,3.0,1704810201
39,107,4.5,1610611424
39,330,3.5,1562454741
39,575,3.5,1655929690
39,496,5.0,1502544115
39,625,5.0,1629056992
39,399,3.5,1677570425
39,314,4.0,1595057154
39,510,3.0,1709334432
39,806,3.5,1622606191
39,790,3.5,1699599895
39,295,4.0,1715799953
39,701,3.0,1524028617
39,716,4.5,1583713740
39,57,4.0,1576058190
39,541,4.5,1632163209
39,852,4.0,1638612173
39,43,3.5,1727010816
39,193,4.5,1666289994
39,92,4.0,1609992115
39,315,5.0,1646359029
40,424,5.0,1713784435
40,387,3.0,1652904479
40,285,5.0,1653780747
40,863,5.0,1652849738
40,195,3.5,1640391311
40,837,5.0,1558246227
40,798,4.0,1564102766
40,500,4.0,1712013672
40,260,3.5,1608515624
40,615,5.0,1546440977
40,11,3.0,1767344113
40,642,4.5,1607797328
40,710,5.0,1568244361
40,405,3.0,1519163707
40,43,5.0,1751769366
40,713,4.0,1757064417
40,786,3.5,1558703556
40,460,4.5,1559810978
40,132,5.0,1622752893
40,679,4.5,1520417872
40,707,4.0,1708340192
40,229,3.0,1599041049
40,73,4.5,1544886718
40,653,4.5,1536185301
40,118,2.5,1629789533
40,119,4.0,1734048137
40,163,4.0,1699126441
40,811,4.0,1735207742
40,501,3.5,1576642997
40,69,4.5,1737309730
40,188,3.0,1522039574
40,550,3.5,1601452185
40,336,5.0,1612974472
40,172,3.0,1670682706
40,758,4.0,1523492340
40,263,2.0,1507629545
41,180,5.0,1509374737
41,359,3.5,1591222548
41,474,4.5,1672687888
41,206,4.0,1698842033
41,660,3.5,1520631963
41,58,3.5,1577033714
41,401,3.5,1555723226
41,390,4.0,1625446315
41,157,4.5,1503168400
41,299,4.5,1704662383
41,518,4.0,1501836608
41,66,3.5,1531362676
41,231,2.0,1708052116
41,189,3.0,1564232357
41,643,4.5,1620537222
41,200,2.5,1518895290
41,344,3.5,1539687652
41,674,2.5,1510626479
41,739,5.0,1755780462
41,450,2.5,1707261567
41,26,4.0,1651649093
41,893,5.0,1707644026
41,452,4.5,1741415389
41,72,4.0,1627597597
41,864,5.0,1763368648
41,252,4.5,1634240445
41,617,3.5,1685298981
41,542,2.5,1744267826
41,295,2.5,1757230467
41,571,3.5,1582215293
41,165,3.5,1743859220
41,147,3.0,1693346084
41,561,5.0,1620173098
41,326,2.0,1577528135
41,59,5.0,1654008673
41,115,3.0,1593605136
41,702,4.5,1708548458
41,67,3.5,1638089076
41,420,4.5,1586069344
41,531,5.0,1697610421
41,548,3.5,1511240533
42,471,3.0,1632074065
42,421,4.0,1616479140
42,728,4.5,1602523592
42,555,4.0,1604476117
42,873,1.5,1695106890
42,233,2.5,1748773059
42,412,2.5,1719155049
42,129,3.5,1701228151
42,861,3.5,1664765136
42,642,4.0,1614629287
42,362,4.0,1710898764
42,214,3.5,1575876767
42,416,2.5,1752454125
42,432,0.5,1558331123
42,428,3.5,1742837351
42,472,2.0,1661233218
42,752,3.0,1721254087
42,464,5.0,1527319058
42,455,3.0,1607057292
42,398,3.5,1616596624
42,475,4.5,1681292262
42,373,4.0,1584138059
42,346,4.0,1706314391
42,334,3.0,1731812172
42,682,3.5,1596806000
42,409,2.5,1737823261
42,137,2.5,1512796530
42,741,2.5,1610838762
42,543,3.5,1707216427
42,211,3.0,1592524759
43,801,4.0,1668198370
43,821,3.0,1691499896
43,203,3.0,1608988591
43,155,3.0,1580854334
43,422,3.5,1614359868
43,325,1.5,1665121004
43,480,4.5,1535445872
43,252,4.0,1694851962
43,889,5.0,1669382789
43,757,3.5,1739775689
43,134,2.5,1755060568
43,781,3.0,1681795641
43,499,3.0,1594069444
43,324,5.0,1655553542
43,626,2.5,1662800992
43,782,1.0,1554492122
43,628,4.0,1585798629
43,544,5.0,1581613451
43,753,2.0,1587647798
43,644,2.5,1722901217
43,897,1.5,1563587241
43,37,4.0,1719945216
43,693,3.5,1584976154
43,100,4.0,1752097226
43,806,2.0,1650986683
43,67,3.0,1633890127
43,88,3.5,1560859920
43,22,3.0,1578730125
43,9,3.0,1738855956
43,883,2.5,1552113487
43,891,3.0,1521141089
43,55,5.0,1572799019
43,340,4.0,1704520515
43,874,2.5,1753839593
43,93,2.5,1703672584
44,705,1.5,1690434474
44,838,4.0,1765616829
44,372,3.0,1508566060
44,452,4.0,1724271735
44,599,3.0,1590763480
44,586,3.5,1696073835
44,187,3.5,1635675748
44,459,3.5,1603091641
44,21,4.5,1650455837
44,504,3.5,1512586584
44,688,3.0,1762856859
44,581,3.5,1671029649
44,353,2.5,1589594050
44,348,2.0,1527923231
44,88,2.5,1628206882
44,379,3.5,1664624015
44,71,2.5,1641257924
44,182,2.5,1741018031
44,139,3.0,1732438086
44,640,1.5,1681203505
44,308,2.0,1521719510
44,694,3.5,1646478004
44,404,1.5,1745933864
44,154,3.5,1543080768
44,114,4.0,1678734453
44,810,2.5,1516843684
44,685,1.5,1570142105
44,202,3.0,1505732642
44,650,3.0,1510314450
44,329,2.5,1662516445
44,300,3.0,1704371251
44,729,2.0,1607182193
44,812,3.0,1752394272
44,806,2.0,1704020039
44,86,2.0,1708519127
45,344,4.5,1747370250
45,376,3.5,1677650926
45,823,4.5,1556818519
45,525,3.0,1565486655
45,875,4.5,1530154114
45,803,4.0,1574472016
45,435,4.0,1607117184
45,417,4.5,1543570083
45,725,4.0,1599629718
45,351,4.5,1549233146
45,136,4.5,1549169822
45,355,4.0,1502062194
45,737,3.5,1732448659
45,268,3.5,1625131588
45,566,4.5,1612860488
45,198,3.0,1526842808
45,501,4.5,1542633969
45,289,4.0,1707715867
45,274,4.0,1672016099
45,86,3.0,1603422052
45,461,5.0,1755574233
45,688,3.5,1605924497
45,87,5.0,1765912366
45,825,3.5,1599892823
45,683,4.0,1751905446
45,327,4.5,1654652908
45,883,3.5,1532892118
45,522,5.0,1737574144
45,117,4.0,1599282382
45,24,3.0,1503389477
45,831,4.5,1542712536
45,132,3.5,1594409236
45,826,5.0,1606150387
45,781,3.0,1641337495
45,110,3.0,1577251843
45,249,4.0,1601654138
45,77,4.0,1566577527
45,182,2.0,1540683950
45,383,2.0,1601038309
45,67,4.0,1600420656
45,158,4.0,1672553234
45,586,4.5,1622253852
45,821,3.5,1587200494
45,243,4.5,1711885752
45,798,4.5,1659300065
45,90,4.0,1721342206
45,885,3.5,1653224578
45,78,3.5,1617176494
45,10,5.0,1728987959
45,741,2.5,1634727644
45,14,2.5,1685091102
45,755,2.5,1629262780
45,827,4.5,1503749004
45,350,3.0,1635113322
45,892,5.0,1651101854
45,633,3.5,1586578043
45,73,4.0,1534710496
45,160,4.0,1533081758
45,597,3.5,1533706354
46,774,5.0,1698880280
46,838,3.0,1768271675
46,441,4.0,1661193973
46,82,4.0,1762576829
46,691,3.0,1668295434
46,783,4.0,1602158511
46,734,2.5,1622466496
46,457,3.5,1591564914
46,13,4.5,1522924109
46,763,5.0,1689459040
46,91,3.5,1719973404
46,327,4.0,1749615346
46,603,5.0,1747841204
46,790,2.5,1674143621
46,371,3.5,1716488729
46,715,4.5,1748906163
46,698,2.5,1749318866
46,621,3.5,1742760362
46,695,4.0,1581972054
46,68,4.5,1576280169
46,583,4.5,1706998186
46,269,3.0,1725269508
46,745,4.5,1513142502
46,860,4.0,1574856996
46,462,5.0,1670039634
46,367,5.0,1704793354
46,761,3.0,1580199886
46,831,3.0,1714436041
46,492,5.0,1696339089
47,155,4.5,1730316240
47,608,3.0,1565416319
47,189,3.0,1569486171
47,223,4.0,1651342367
47,98,3.5,1683125186
47,17,2.5,1700443272
47,401,2.0,1568791159
47,484,4.0,1698410061
47,154,4.0,1754220751
47,278,3.5,1533889974
47,346,3.5,1509507869
47,203,3.0,1740023285
47,23,3.5,1698646811
47,510,1.5,1723875481
47,402,3.0,1632129220
47,163,4.5,1612450825
47,311,3.0,1675127622
47,850,3.0,1625326257
47,875,4.0,1667792045
47,563,3.5,1755651315
47,285,4.0,1650609117
47,234,3.5,1682942703
47,195,4.5,1677736868
47,499,3.5,1604355771
47,622,4.0,1568253924
47,742,4.0,1672782642
47,512,4.0,1622904086
47,444,3.0,1627248000
47,446,4.5,1633734042
47,873,3.5,1762308641
47,164,3.0,1752196475
47,500,3.0,1510413840
47,682,4.5,1668287582
47,62,3.0,1551315548
47,362,4.0,1706235385
47,109,3.5,1579647729
47,69,4.0,1672687179
47,332,3.0,1543651723
47,723,3.5,1763571662
47,489,4.5,1748404407
47,623,5.0,1642811595
47,297,4.0,1535930324
47,145,2.0,1741315380
47,241,2.5,1709152278
47,532,3.5,1603713647
47,507,2.5,1648289310
47,823,5.0,1576817295
47,222,3.0,1695304219
47,427,3.5,1531686794
47,503,4.0,1754340949
47,14,3.0,1632384644
47,316,3.0,1619901160
47,647,1.5,1501639191
47,347,2.0,1675671882
47,646,4.0,1691216655
47,319,3.0,1759068735
48,322,3.5,1738445458
48,620,2.5,1668624183
48,550,2.5,1557845084
48,205,1.5,1646862140
48,844,3.0,1744782660
48,831,2.5,1648149233
48,662,2.5,1606182697
48,193,4.0,1743381562
48,612,2.5,1652880854
48,124,1.5,1587456858
48,303,3.0,1569007069
48,752,1.5,1673303927
48,63,3.0,1509103302
48,754,2.5,1566526328
48,200,1.5,1528144643
48,537,2.0,1675308775
48,819,2.5,1756141926
48,517,3.0,1698009802
48,290,3.0,1576102977
48,255,3.0,1669258610
48,810,2.5,1701342187
48,386,2.5,1513671559
48,434,2.5,1733141359
48,718,2.0,1673884023
48,839,3.0,1712352686
48,874,2.0,1595562181
48,12,2.0,1675347657
48,306,3.0,1518540292
48,268,1.5,1651885569
48,210,5.0,1673953777
48,148,2.0,1521142767
48,304,2.5,1529989168
48,26,3.5,1570795426
48,30,3.0,1766651227
48,668,3.5,1534294184
48,660,2.0,1536450667
48,781,3.0,1575114383
48,432,0.5,1581373487
48,81,2.5,1554896778
48,378,4.0,1587714898
48,477,3.0,1626171965
48,795,3.5,1549316643
48,152,4.0,1693443676
48,458,1.5,1691706421
48,641,2.5,1681547223
48,392,3.0,1543571757
48,569,1.5,1721535372
48,161,1.5,1684454400
48,609,2.0,1537353613
49,427,2.0,1671508253
49,658,3.5,1673382598
49,809,4.5,1708051040
49,406,4.0,1712498221
49,712,4.0,1510337840
49,159,2.5,1655498969
49,562,5.0,1764262503
49,843,3.5,1512623516
49,92,2.5,1722768526
49,834,3.0,1536486575
49,213,4.0,1521544640
49,460,3.0,1607440971
49,163,3.0,1519330352
49,119,3.5,1612118303
49,782,4.0,1623215088
49,890,5.0,1763853289
49,268,2.0,1503839902
49,233,3.5,1687572781
49,246,2.5,1543286524
49,58,2.0,1697631971
49,661,2.0,1588143025
49,700,4.5,1713235189
49,572,3.5,1614234499
49,25,2.5,1581741739
49,54,3.0,1503945969
49,659,4.0,1651084683
49,864,5.0,1642617997
49,715,5.0,1700951095
49,231,3.5,1708531287
49,491,4.0,1585825966
49,44,2.0,1608225614
49,225,3.5,1637588326
49,777,2.0,1679575666
49,239,2.5,1605104524
49,157,3.5,1675587969
49,892,4.0,1639769967
49,141,2.5,1710792939
49,513,3.5,1563977651
50,618,3.5,1529188359
50,668,4.0,1623378328
50,688,3.0,1635470022
50,525,4.0,1616396865
50,789,3.5,1512784253
50,416,2.0,1666377137
50,210,5.0,1506635904
50,190,2.5,1616191509
50,116,3.0,1597130225
50,43,2.5,1679278387
50,397,2.0,1610784763
50,824,2.0,1768216795
50,110,4.0,1708612852
50,761,2.5,1675749415
50,896,3.0,1745824779
50,211,3.0,1709784665
50,205,1.5,1588721829
50,778,3.0,1763969903
50,584,5.0,1757792298
50,754,4.0,1653192072
50,766,3.5,1633422326
50,306,3.0,1541700977
50,853,3.0,1557585626
50,707,3.0,1500145350
50,691,2.0,1516750336
50,220,2.5,1526858596
50,608,2.0,1506019345
50,838,3.5,1647226816
50,311,2.5,1500005091
50,370,1.5,1662911627
50,475,3.0,1738940097
51,377,2.0,1757550398
51,221,4.0,1533975254
51,662,2.5,1582299548
51,196,4.5,1615682570
51,434,4.0,1534981311
51,760,4.5,1713427091
51,898,3.0,1702628518
51,382,2.5,1516051431
51,78,3.0,1519950748
51,287,3.0,1767052174
51,428,3.5,1732189969
51,670,5.0,1750021635
51,23,2.0,1721418585
51,305,3.5,1593964697
51,789,3.5,1507123775
51,36,2.5,1523640416
51,123,3.5,1533828364
51,310,3.5,1650765656
51,146,3.0,1651165993
51,270,3.0,1757253070
51,468,2.5,1608822997
51,820,5.0,1643497242
51,210,5.0,1513106562
51,124,1.5,1646008722
51,652,4.0,1600969214
51,763,5.0,1626067223
51,699,4.0,1740512330
51,812,3.5,1501046137
51,32,3.5,1523688408
51,488,3.5,1733723796
51,179,4.0,1762276271
51,15,3.5,1624296826
51,116,4.0,1525391058
51,89,4.0,1653822701
51,743,2.5,1695439692
51,241,3.0,1547467979
51,467,4.0,1697191158
51,891,4.5,1744951368
51,594,4.0,1753658183
51,712,3.0,1587990305
51,571,4.0,1700396443
51,280,3.5,1699325285
51,277,3.0,1578219781
51,24,2.0,1672180532
51,720,3.5,1686180254
51,577,4.5,1718507347
52,479,5.0,1577873391
52,356,3.5,1683421880
52,786,5.0,1585592236
52,300,4.5,1574904926
52,152,3.5,1610494897
52,834,4.0,1712788883
52,689,3.0,1543885649
52,770,5.0,1724936062
52,507,3.5,1560065095
52,692,5.0,1769178294
52,556,4.5,1522536992
52,418,3.5,1555735422
52,369,4.5,1502169227
52,443,2.5,1636750234
52,89,3.0,1588423658
52,617,2.0,1621752835
52,260,4.0,1679797924
52,141,3.0,1762626511
52,341,3.5,1562771671
52,368,4.0,1674744663
52,661,3.5,1700425789
52,478,5.0,1712042815
52,462,4.0,1710882749
52,772,5.0,1617613074
52,553,5.0,1688513822
52,883,3.0,1719042496
52,697,5.0,1557137360
52,169,2.5,1621233406
52,44,3.0,1743553686
52,352,4.0,1583591434
52,519,4.0,1601109507
52,881,5.0,1500320037
52,641,4.0,1557875151
53,314,4.0,1522481404
53,248,1.5,1763782644
53,774,4.5,1516921117
53,416,2.5,1768432688
53,311,3.0,1671601043
53,846,2.5,1688708493
53,215,4.0,1516664645
53,555,4.5,1637322009
53,654,2.5,1754260715
53,99,4.5,1706027040
53,835,2.5,1552617008
53,196,3.5,1726936228
53,25,3.5,1688471175
53,17,2.5,1763232348
53,32,5.0,1514671677
53,303,4.5,1703993390
53,124,3.0,1520761641
53,213,2.5,1761696866
53,191,3.0,1546615762
53,848,4.5,1754944851
53,795,2.5,1635375426
53,697,3.5,1549418345
53,74,5.0,1544541325
53,69,4.0,1631742495
53,260,4.0,1550468885
53,464,3.0,1744107795
53,122,2.5,1703931015
53,433,2.5,1681130959
53,367,4.0,1629589168
53,678,4.0,1751942515
53,413,1.5,1518437301
53,11,3.0,1673340858
53,715,3.0,1666329896
53,612,2.0,1742235613
53,308,2.0,1616262268
53,352,3.5,1720443005
53,398,5.0,1550977915
53,384,3.0,1505526521
53,214,3.5,1568925718
53,312,4.0,1515158948
53,439,2.0,1738601524
53,635,4.0,1537097569
53,604,4.5,1769548183
53,490,3.5,1597298873
53,651,5.0,1748667856
54,600,2.5,1541242774
54,121,4.5,1606903388
54,715,2.5,1758850265
54,530,1.5,1761052114
54,503,1.5,1633703761
54,179,2.5,1503056139
54,463,3.0,1707932076
54,301,3.0,1594828369
54,875,3.5,1702249800
54,167,3.5,1523555039
54,41,3.0,1662283530
54,298,2.5,1598074396
54,616,3.0,1619949120
54,340,2.5,1682573910
54,437,4.0,1764865825
54,113,3.5,1622799839
54,704,0.5,1738728460
54,159,1.5,1562325098
54,858,4.0,1554512650
55,759,2.5,1512943570
55,620,2.5,1586970577
55,577,3.0,1546373582
55,25,2.0,1600282503
55,449,2.5,1605504286
55,509,3.0,1739499249
55,376,2.5,1700422965
55,814,2.5,1641200636
55,716,3.5,1756559734
55,441,3.5,1535873113
55,22,1.5,1599595023
55,726,3.0,1721865000
55,538,2.5,1562196400
55,711,3.0,1521343712
55,378,4.5,1624687354
55,651,3.0,1608688049
55,557,2.0,1579127919
55,109,2.5,1661245476
55,429,3.0,1571519162
55,486,2.5,1709760704
55,35,3.5,1506009528
55,286,1.5,1699640045
55,447,3.0,1532209025
55,571,2.0,1506531263
55,719,2.5,1560533580
55,433,2.5,1642747275
55,69,3.0,1504755330
55,67,2.5,1662856646
55,90,3.0,1573584491
55,270,2.0,1671545928
55,899,3.5,1630822633
55,681,4.0,1757906969
55,367,3.0,1614654718
55,487,2.5,1601289831
55,411,3.5,1754884593
55,520,2.5,1756772171
55,250,4.0,1757018549
55,897,2.5,1614956136
55,141,4.5,1553175460
55,124,2.5,1592566192
56,131,3.0,1629568751
56,879,5.0,1654418932
56,523,3.5,1766896506
56,149,5.0,1540295067
56,882,3.5,1732326339
56,779,3.0,1516596833
56,70,3.0,1724045059
56,490,4.5,1535612781
56,526,3.0,1545549556
56,75,2.0,1578148963
56,580,5.0,1521447214
56,169,2.5,1698385147
56,253,5.0,1648922318
56,642,4.0,1711133799
56,772,4.0,1650771326
56,424,5.0,1749380347
56,860,4.5,1683332092
56,641,3.0,1662938649
56,371,4.5,1675603906
56,231,4.0,1665432402
56,848,5.0,1752282022
56,269,4.5,1761878925
56,417,5.0,1707282557
56,62,3.5,1573694843
56,771,5.0,1751968606
56,443,4.5,1680965900
56,44,4.0,1548848644
56,892,4.0,1762892550
56,329,5.0,1683829981
56,800,3.0,1533787633
56,405,4.0,1635072930
56,29,3.5,1643995017
56,198,3.0,1645626879
56,688,3.0,1655127219
56,744,4.5,1622321866
56,383,2.5,1668068312
56,401,3.0,1674034409
56,461,5.0,1628534837
56,621,4.5,1602685462
56,857,4.0,1687106606
56,888,3.0,1664469135
56,767,4.5,1602996826
56,491,5.0,1679850940
56,630,4.0,1720943451
56,810,4.0,1649530435
56,522,4.5,1641685680
56,662,4.0,1727551722
56,893,4.5,1601121129
56,774,5.0,1574774131
56,651,5.0,1658385133
56,162,5.0,1601987247
57,474,5.0,1538681682
57,596,3.5,1635579068
57,533,2.0,1566802457
57,178,4.5,1702165194
57,121,4.5,1711033737
57,742,3.5,1501753996
57,741,3.5,1535726831
57,898,3.5,1601429993
57,299,4.0,1636800536
57,654,3.0,1765780955
57,253,5.0,1744147717
57,211,2.5,1648762453
57,613,4.0,1725750566
57,809,4.5,1606939325
57,649,4.0,1642647251
57,851,4.0,1527376678
57,346,3.0,1729623607
57,188,3.5,1762830304
57,664,3.5,1558024565
57,830,3.5,1755748206
57,509,4.5,1734705054
57,384,2.5,1707707138
57,252,2.0,1668116820
57,402,3.5,1564126426
57,496,4.0,1575015558
57,735,4.0,1597229863
57,278,3.0,1565990347
57,582,4.0,1693990212
57,471,4.5,1529260619
57,551,4.0,1522030289
57,350,3.5,1537731276
57,150,3.5,1648904381
57,261,3.0,1557693020
58,761,2.5,1643202679
58,704,2.0,1689811481
58,434,4.0,1626896061
58,210,5.0,1581444873
58,41,4.0,1512323369
58,677,2.5,1670036568
58,581,3.5,1618043046
58,62,3.0,1592257151
58,11,4.0,1705767586
58,115,3.0,1609060605
58,346,2.5,1509363334
58,640,2.0,1586111831
58,737,2.5,1548950681
58,284,3.5,1644809736
58,292,3.0,1761057282
58,441,3.5,1566874402
58,247,3.5,1551369774
58,237,2.0,1632173834
58,226,3.5,1718185520
58,634,3.0,1618634238
58,619,4.0,1629935917
58,585,3.0,1746695734
59,287,4.5,1541530697
59,110,4.0,1702756961
59,4,4.5,1590399210
59,245,5.0,1716899239
59,688,3.0,1611202561
59,316,3.5,1616999399
59,446,4.0,1668691167
59,594,5.0,1689657965
59,882,3.0,1717487634
59,615,4.5,1647178741
59,870,5.0,1633555046
59,396,4.0,1656056999
59,457,4.5,1623961066
59,219,3.5,1703712477
59,238,4.0,1752175258
59,103,3.5,1513033067
59,868,3.5,1631035638
59,84,3.0,1534732841
59,419,4.5,1742797617
59,730,4.5,1511746366
59,455,3.5,1708772924
59,454,4.5,1685319330
59,154,3.0,1693016139
59,757,4.5,1704532213
59,394,5.0,1511002696
59,872,3.5,1763580785
59,630,5.0,1734232402
59,769,3.0,1739083411
59,390,3.5,1727707257
59,24,3.0,1548028959
59,555,4.0,1734807123
59,784,3.5,1636862209
59,279,4.0,1686954585
59,211,4.5,1622705519
59,690,4.0,1644483581
59,504,4.0,1696814056
59,448,3.5,1639510786
59,809,4.5,1756909242
59,897,4.0,1584878324
59,537,4.0,1590485115
59,351,3.5,1617648158
59,330,3.5,1605072200
59,22,2.5,1519484818
59,512,3.0,1704786232
59,520,5.0,1695728018
59,631,2.0,1525758274
59,398,4.5,1622718054
59,859,3.5,1548303616
59,453,2.0,1585230228
59,622,4.0,1549594407
59,382,4.5,1526878480
59,148,2.5,1634427710
59,721,5.0,1542549899
60,146,3.0,1592231493
60,880,3.5,1646210055
60,447,3.0,1511122869
60,286,1.0,1768925665
60,892,3.0,1530521150
60,191,2.0,1711422815
60,235,4.0,1572450251
60,420,2.5,1589658123
60,320,3.5,1525954739
60,171,2.5,1751828370
60,534,2.0,1583703226
60,69,3.5,1571023183
60,238,3.0,1629882797
60,893,2.5,1697134085
60,95,3.0,1649935726
60,636,2.0,1748251909
60,54,3.5,1631956923
60,587,2.0,1744246287
60,671,2.5,1594030256
60,802,2.5,1558989325
60,804,2.5,1633259307
60,888,3.0,1587019743
60,759,1.5,1522695434
60,181,2.5,1536010092
60,296,2.0,1702628558
60,562,4.0,1572963040
60,482,2.0,1500307837
60,434,2.5,1654190665
60,172,3.5,1747375461
60,242,3.5,1763043402
60,18,2.0,1712073093
60,828,3.0,1716841335
60,201,3.0,1750514817
60,618,3.0,1690017667
60,730,2.0,1717539351
60,79,3.0,1634985353
60,792,2.0,1718870617
60,104,3.0,1589601354
60,276,1.5,1768288728
60,837,4.0,1567774498
60,184,2.0,1519551054
60,547,3.5,1611074843
60,128,3.0,1539415488
60,798,2.5,1697300739
60,474,3.0,1660224925
60,567,1.0,1562028023
60,780,3.5,1721412546
60,378,2.0,1705391930
60,741,2.0,1701833516
60,157,4.5,1660802483
60,192,2.5,1700587546
60,252,3.5,1512818249
60,806,3.0,1668870156
60,9,2.5,1761575101
60,334,1.5,1606677778
61,794,3.0,1657813763
61,654,3.0,1690468047
61,769,3.5,1756145463
61,151,4.5,1521756379
61,461,5.0,1757407329
61,886,5.0,1536376040
61,605,5.0,1689237564
61,810,5.0,1677947138
61,777,4.0,1603873409
61,768,5.0,1666613471
61,144,4.0,1589091259
61,665,5.0,1505935741
61,813,4.0,1554386490
61,310,3.5,1578350418
61,406,5.0,1644745020
61,251,3.5,1532151568
61,146,4.5,1513251858
61,17,3.5,1617410339
61,233,4.5,1699322150
61,450,4.0,1512959983
61,259,3.5,1740710720
61,499,3.0,1716580199
61,409,4.5,1679336859
61,478,5.0,1747116834
61,730,4.0,1686254341
61,477,4.0,1675312335
61,381,3.0,1652969110
61,210,5.0,1697551067
61,475,5.0,1527335507
61,134,4.5,1566194998
61,426,3.5,1735363048
61,53,4.0,1761733603
61,252,5.0,1732684243
61,150,4.5,1519411063
61,656,3.0,1536125601
61,104,2.5,1582318419
61,303,4.0,1702896935
61,384,4.5,1677249036
61,55,5.0,1736148823
61,359,4.0,1643401362
61,396,3.0,1577283361
61,670,4.5,1576349076
61,894,5.0,1605406147
61,444,3.0,1550030786
61,80,3.0,1706099127
62,46,4.0,1631692577
62,311,3.0,1621439604
62,13,4.0,1511932060
62,137,2.5,1732933988
62,200,2.5,1759521234
62,429,4.5,1646130106
62,583,4.0,1676176134
62,199,4.0,1661366724
62,428,3.5,1767831138
62,819,3.0,1717276538
62,846,3.5,1527534264
62,156,3.0,1661245146
62,438,2.5,1638320646
62,561,2.5,1557175035
62,582,2.0,1579441845
62,262,2.5,1620057871
62,216,3.0,1617549256
62,1,5.0,1633540206
62,68,3.5,1749294707
62,168,5.0,1582279897
62,880,5.0,1552933986
62,39,2.5,1694880332
62,272,2.0,1721537110
62,745,3.5,1714668212
62,495,5.0,1725105426
62,806,3.5,1677818698
62,225,2.0,1660569784
62,480,4.0,1543555909
62,170,2.5,1630188076
62,689,3.0,1587212250
62,506,4.0,1758328147
62,117,3.5,1535605599
62,82,5.0,1668554381
62,686,4.0,1530549586
62,471,4.0,1733873544
62,832,3.0,1717929164
62,351,4.5,1732018274
62,632,4.5,1582702785
62,746,3.0,1722384224
62,382,2.5,1754033430
62,872,4.0,1516425842
62,481,4.0,1679199912
62,265,2.0,1698846303
62,591,3.5,1563472318
62,572,5.0,1665360220
62,562,5.0,1626530983
62,834,4.5,1761198412
62,760,2.5,1764065742
62,339,4.5,1712785925
62,647,2.0,1614905714
62,681,5.0,1717603280
62,335,4.5,1730911201
62,540,4.0,1626224434
62,160,3.5,1653796118
62,684,3.5,1630586264
62,699,4.5,1588527021
62,856,4.0,1680448373
62,734,1.5,1585465555
62,604,4.0,1675633506
62,533,3.0,1702318538
62,286,2.5,1544494989
62,826,5.0,1554041338
62,609,1.5,1544074344
63,554,3.5,1652308681
63,439,1.5,1517197981
63,505,3.5,1711201513
63,95,3.0,1681815417
63,813,5.0,1587406083
63,828,2.0,1753757568
63,715,2.5,1742938625
63,664,3.0,1692603471
63,156,2.5,1664496583
63,53,2.5,1657653897
63,3,3.5,1715335717
63,483,1.0,1724395719
63,182,3.0,1626231819
63,34,3.5,1666068182
63,137,3.0,1675347223
63,299,3.5,1613036713
63,864,4.5,1629214778
63,376,2.5,1747651444
63,696,4.5,1579843932
63,703,3.0,1583332608
63,847,3.0,1519755588
63,717,4.0,1542656072
63,366,3.0,1531540139
63,683,3.0,1563199446
63,586,3.5,1579285080
63,90,2.5,1557807303
63,42,4.0,1741012192
63,170,2.5,1567704653
63,318,2.5,1580169225
63,339,3.5,1539428957
63,103,3.5,1651652749
63,40,3.5,1678632097
63,597,3.0,1671772057
63,85,3.5,1628448540
63,41,4.0,1758555294
63,630,3.5,1733718610
63,1,4.0,1720052954
63,842,3.0,1565830307
63,197,2.5,1662428144
63,809,3.5,1612620417
63,175,3.0,1754062497
63,401,0.5,1518165633
63,844,5.0,1695533399
63,503,2.5,1584036919
63,111,1.5,1709806082
63,274,3.0,1602804662
63,608,1.5,1685266444
63,631,3.0,1535463199
63,857,3.5,1526259530
63,539,4.5,1516846744
63,74,4.5,1635389159
63,852,3.5,1709142934
63,628,2.0,1600159972
63,292,2.5,1767156054
63,142,4.0,1748841784
63,67,2.5,1713400620
63,474,3.5,1673720467
63,621,2.5,1741383736
63,873,2.0,1571351890
63,267,5.0,1675507494
63,162,4.0,1726746570
63,659,2.5,1669000720
63,795,2.5,1598763785
63,528,3.5,1503993620
63,99,2.0,1588142995
63,509,3.5,1634540054
63,622,4.0,1723231483
63,230,3.0,1550045138
63,706,3.0,1761399333
64,144,3.5,1709750196
64,246,3.5,1605581576
64,526,2.5,1733505378
64,619,3.5,1521166261
64,508,2.0,1744250760
64,285,3.5,1655796332
64,208,3.0,1745047411
64,739,4.5,1523898091
64,185,4.0,1652732080
64,428,4.0,1678566170
64,40,3.5,1509617989
64,790,3.0,1718687008
64,10,3.5,1533714671
64,647,2.0,1754754678
64,370,2.5,1724006765
64,729,2.5,1748862793
64,352,5.0,1623987777
64,820,4.0,1669210730
64,630,4.5,1619668280
64,382,2.5,1741200714
64,346,3.0,1642110001
64,3,2.5,1661212940
64,108,3.0,1520782524
64,495,4.0,1623197336
64,791,3.5,1636441403
64,845,3.5,1711963388
64,514,4.0,1642467240
64,207,3.5,1502300500
64,217,3.5,1623062006
64,152,2.5,1521766974
64,341,3.5,1619078470
64,697,3.5,1741189220
64,675,1.5,1628301392
64,879,3.0,1713127112
64,755,3.0,1501208180
64,762,2.0,1730860270
64,518,2.5,1525642971
64,281,2.0,1540858941
64,544,3.5,1646906513
65,751,2.5,1730586319
65,814,4.0,1542776204
65,786,5.0,1676509643
65,656,4.0,1631853515
65,807,3.5,1757625303
65,314,5.0,1511108343
65,788,5.0,1553397148
65,615,5.0,1569727439
65,680,4.0,1638616430
65,53,5.0,1590743332
65,509,4.5,1656936295
65,595,5.0,1638025478
65,219,4.0,1723110477
65,547,5.0,1586898714
65,678,4.5,1728948275
65,566,4.5,1609571770
65,295,5.0,1587997063
65,799,4.0,1694041055
65,119,5.0,1552400915
65,876,5.0,1655036781
65,241,4.5,1666157478
65,399,4.0,1536823854
65,575,5.0,1540923399
65,744,3.0,1583520265
65,337,4.0,1565198076
65,182,4.0,1501786823
65,559,3.0,1628608189
65,672,2.5,1535423961
65,206,4.5,1644982581
65,15,2.0,1596084042
65,702,4.5,1560865463
66,785,3.5,1688647090
66,856,2.5,1515992904
66,799,4.5,1682633160
66,548,3.0,1708992146
66,477,3.5,1732143818
66,524,4.5,1555603391
66,126,5.0,1716068740
66,493,3.5,1614009899
66,685,3.5,1589938234
66,630,4.5,1602082615
66,285,5.0,1759535813
66,805,4.5,1535916967
66,86,3.0,1621736121
66,365,5.0,1765415648
66,808,3.0,1745808056
66,95,3.0,1707917004
66,362,3.5,1672987325
66,181,4.0,1698036004
66,398,4.0,1606898017
66,826,4.0,1522529589
66,194,2.0,1519531085
66,559,4.0,1743153892
66,257,5.0,1600974966
66,743,3.5,1501998092
66,19,4.5,1690815444
66,636,2.0,1509191942
66,824,4.0,1700004490
66,813,3.5,1681851929
66,89,3.5,1723087945
66,65,3.5,1503993139
66,167,4.5,1669205697
66,150,3.5,1748829616
66,351,5.0,1545754966
66,165,4.0,1571983444
66,535,4.0,1551527449
66,835,3.5,1562542180
66,707,4.0,1572891124
66,199,4.0,1754170694
66,491,4.0,1765399670
66,776,4.0,1682913708
66,647,3.0,1564291927
67,550,3.0,1512204277
67,842,5.0,1514037981
67,436,4.0,1653091540
67,301,4.0,1675961504
67,40,2.5,1599200937
67,880,3.5,1549969929
67,110,4.5,1573779337
67,57,2.5,1553752922
67,308,2.5,1694632974
67,681,4.5,1560867302
67,141,3.0,1551087165
67,713,2.5,1641841212
67,265,4.0,1679199542
67,836,4.5,1670892304
67,389,4.0,1566425410
67,157,4.5,1598042806
67,288,3.0,1613983313
67,349,3.0,1542326294
67,871,3.5,1624296023
67,422,4.5,1526348928
67,77,3.0,1648452806
67,544,4.0,1667229124
67,373,4.0,1542768821
67,511,5.0,1659561469
67,316,3.5,1659743826
67,757,3.0,1553921014
67,417,5.0,1716707825
68,96,2.0,1555766823
68,674,2.0,1509043854
68,342,3.5,1752498805
68,276,3.0,1617262205
68,759,2.0,1568000834
68,54,3.0,1590929602
68,141,3.5,1628090171
68,71,3.0,1718995279
68,97,2.5,1502838163
68,603,3.0,1646734559
68,5,2.0,1600690112
68,110,3.0,1764490960
68,489,3.0,1627727872
68,44,3.0,1531874919
68,481,2.0,1730705842
68,829,1.5,1613283798
68,370,2.0,1708542750
68,416,2.0,1603332504
68,555,4.0,1657145501
68,271,3.0,1684827406
68,163,4.5,1573127461
68,606,4.0,1717175339
68,575,4.0,1720945474
68,814,2.0,1654437767
68,254,3.0,1644611677
68,84,2.5,1633697325
68,343,3.5,1566920316
68,173,1.5,1725606140
68,190,1.5,1636901696
68,665,3.0,1767188433
69,605,4.5,1501512721
69,196,4.0,1612852930
69,765,5.0,1559471513
69,260,3.0,1507387302
69,708,5.0,1721918726
69,132,3.5,1557420305
69,591,4.0,1683264636
69,189,2.5,1610774425
69,834,4.0,1740021299
69,657,3.5,1577515409
69,595,4.0,1578913340
69,123,4.0,1566166201
69,688,2.5,1697974815
69,255,2.0,1674542966
69,136,4.0,1720722040
69,729,3.5,1703326240
69,42,3.5,1647674178
69,237,1.5,1738054880
69,256,3.0,1608205760
69,763,4.5,1578337776
69,48,3.5,1611014954
69,749,4.0,1708956082
69,74,4.0,1689611096
69,701,3.0,1600932103
69,405,4.0,1630335349
69,137,3.5,1763020216
69,224,2.5,1762483443
69,284,3.0,1647047572
69,116,3.5,1734854620
70,444,5.0,1558961526
70,475,5.0,1643707346
70,163,4.0,1699090031
70,63,2.5,1636800708
70,801,5.0,1553061423
70,854,5.0,1645928012
70,62,3.0,1666546577
70,767,4.0,1716742703
70,470,4.5,1510898247
70,537,2.5,1533805567
70,297,3.5,1557509158
70,209,4.5,1629507097
70,424,4.0,1651834253
70,114,4.5,1635344495
70,295,4.5,1631154446
70,145,4.5,1598219052
70,291,3.5,1766844543
70,287,3.5,1501809705
70,182,2.5,1580045467
70,437,4.5,1510506587
70,788,3.5,1675759012
70,15,3.0,1725338767
70,485,3.0,1683232033
70,805,5.0,1500784108
70,781,4.5,1758245245
70,543,3.5,1603841110
70,67,3.5,1600594506
70,601,4.5,1558232364
70,466,4.0,1664463989
70,357,2.5,1728088897
70,311,2.5,1634844638
70,660,3.0,1645997513
70,230,4.0,1607087875
70,461,5.0,1715797234
70,206,3.5,1691602523
70,705,2.0,1551587889
70,885,3.5,1703968809
70,283,5.0,1753324941
70,860,4.5,1605370976
70,489,3.5,1631471130
70,400,4.5,1674330069
70,277,4.0,1524590528
70,165,5.0,1680468071
70,492,4.0,1691598841
70,226,4.0,1753072267
70,449,4.0,1629475617
70,137,2.5,1679008428
70,18,3.5,1764758184
70,800,3.5,1622179838
70,241,3.0,1731296437
70,661,4.0,1508821527
70,498,3.5,1540946218
70,394,5.0,1555401005
70,225,2.0,1573549027
70,565,4.0,1624180621
70,522,4.5,1720511834
70,658,2.5,1523556149
70,149,3.5,1610036714
71,698,2.5,1623120188
71,562,4.0,1649072924
71,452,3.5,1500049882
71,736,3.5,1729300635
71,139,5.0,1687345832
71,227,3.5,1691609053
71,756,5.0,1742856673
71,220,3.5,1588204860
71,224,3.0,1514441488
71,380,2.5,1552350913
71,100,3.5,1511468312
71,38,3.0,1647777979
71,263,2.0,1603371609
71,12,3.5,1592378424
71,602,3.5,1584264124
71,419,5.0,1625745665
71,124,3.0,1524268800
71,288,5.0,1596310112
71,659,4.0,1605149419
71,603,4.5,1612244096
71,461,5.0,1606109675
71,215,2.0,1571204205
71,96,2.5,1658376900
71,349,2.0,1747419710
71,243,4.0,1532896848
71,627,1.5,1741305767
71,122,3.5,1621131595
71,825,4.0,1572217212
71,257,4.5,1516906550
71,811,3.5,1563284318
71,613,3.5,1609609500
71,550,4.0,1696839646
71,765,3.5,1660843111
71,645,3.0,1731832954
71,780,3.0,1582640256
71,247,3.0,1533966736
71,46,3.5,1585399448
71,488,4.0,1754331884
71,706,4.5,1702983453
71,284,2.5,1504092456
71,555,4.0,1592006334
71,172,3.5,1701077294
71,674,3.0,1518860008
71,776,3.0,1594003810
71,713,3.0,1725677261
71,747,3.0,1558263607
71,7,4.5,1545541312
71,863,3.5,1584575596
71,502,3.5,1613701302
71,837,4.5,1539305945
71,222,2.0,1582538373
71,815,4.5,1722829798
71,422,5.0,1558218134
71,339,3.5,1733334009
71,103,2.0,1623081480
71,91,3.5,1589222137
71,516,4.0,1642882876
71,597,2.5,1677193863
72,436,4.5,1568063925
72,177,3.5,1528879464
72,626,2.0,1623339553
72,857,2.5,1560754936
72,814,3.5,1757333867
72,456,2.5,1711853045
72,286,1.5,1572594690
72,324,4.5,1528363801
72,267,4.5,1596525415
72,621,3.5,1624446907
72,220,3.5,1567875014
72,752,2.0,1629108279
72,818,4.5,1527250587
72,791,4.0,1539821289
72,856,4.0,1629651498
72,21,4.5,1544865167
72,201,3.5,1682059344
72,416,2.5,1550217043
72,303,3.5,1639402947
72,385,3.5,1640198574
72,792,2.5,1678281868
72,549,4.0,1573111053
72,477,3.5,1595729484
72,94,3.5,1523632285
72,896,4.0,1729630804
72,596,2.5,1763339664
72,119,4.0,1610219797
73,531,3.5,1516292643
73,152,2.5,1544900552
73,640,3.0,1673139048
73,453,2.5,1588542861
73,74,4.5,1543520475
73,433,2.5,1544363041
73,739,4.0,1602232043
73,650,2.5,1758116729
73,560,2.5,1552753256
73,83,4.0,1735675084
73,756,5.0,1699468748
73,779,2.5,1530734557
73,330,3.0,1513873423
73,472,1.5,1580409974
73,169,3.0,1689696260
73,698,2.5,1667956858
73,283,4.5,1703498265
73,868,3.0,1561824740
73,346,3.0,1655618364
73,31,2.0,1656840356
73,34,2.0,1640018118
73,784,3.0,1585509823
73,12,3.5,1545655737
73,799,2.5,1579426623
73,28,3.0,1755968423
73,794,3.0,1654180629
73,681,3.5,1763678339
73,708,4.5,1541126394
73,25,2.5,1580840546
74,322,3.0,1647682082
74,389,3.5,1580508415
74,481,3.5,1717531155
74,42,3.5,1702787511
74,520,3.5,1566004161
74,446,3.0,1626595115
74,479,5.0,1721712870
74,27,2.5,1580140360
74,46,3.0,1644638007
74,614,1.5,1622323218
74,51,3.0,1672679386
74,3,3.5,1698409394
74,678,5.0,1526305553
74,268,1.0,1696607843
74,252,3.5,1666497825
74,387,4.5,1591394573
74,354,3.5,1701501358
74,652,4.0,1522480477
74,350,3.5,1521139827
74,91,3.0,1752205432
74,371,2.0,1528473873
74,742,2.0,1718362530
74,529,4.0,1611624329
75,633,4.0,1535181450
75,364,4.0,1575967744
75,806,3.0,1714792733
75,18,4.0,1658458047
75,791,4.5,1591735741
75,640,2.5,1665085979
75,798,5.0,1718850711
75,652,4.0,1659765659
75,877,5.0,1585143896
75,539,3.5,1511118261
75,190,3.0,1630307278
75,129,3.5,1725378253
75,67,4.0,1570067226
75,63,3.0,1697706211
75,275,3.5,1731331795
75,822,4.0,1614822901
75,49,3.0,1555884444
75,126,5.0,1666207197
75,887,4.0,1635210900
75,402,3.5,1544113757
75,259,5.0,1748015721
75,855,4.5,1521892981
75,542,5.0,1709478489
75,128,4.5,1656565148
75,570,3.5,1709315690
75,757,4.0,1584112644
75,6,3.5,1690415269
75,268,2.5,1700609846
75,641,4.0,1656021071
75,751,3.5,1522719946
75,265,4.0,1600174252
75,878,4.0,1716508860
75,660,5.0,1622985882
75,182,4.0,1698130930
75,561,4.5,1682498912
75,486,3.0,1600370868
75,511,4.0,1657750447
75,255,3.0,1602903149
75,529,5.0,1512489818
75,199,3.0,1545422963
75,388,4.5,1752239160
75,736,3.5,1702545897
75,783,5.0,1665211003
75,193,5.0,1720756822
75,664,3.0,1650209845
75,66,3.5,1656015097
75,410,4.5,1512075292
75,249,5.0,1621261096
75,159,3.0,1558500238
75,690,5.0,1697768101
76,851,3.0,1628213959
76,283,3.5,1609865194
76,340,4.5,1616035772
76,743,3.0,1612172291
76,138,2.5,1690623245
76,477,3.0,1604329543
76,625,4.0,1638360808
76,852,2.5,1669153963
76,714,4.0,1565595114
76,64,2.5,1711913684
76,690,3.0,1619120285
76,705,3.0,1575922177
76,349,3.5,1554855140
76,39,2.5,1548349320
76,297,3.0,1550774504
76,704,2.5,1744138779
76,655,4.5,1750423447
76,59,2.0,1566453236
76,874,3.5,1525947149
76,299,4.0,1606632703
77,505,2.5,1747880346
77,222,2.0,1768802410
77,138,3.0,1718612491
77,415,4.0,1504500026
77,660,3.0,1505729455
77,331,3.5,1599229215
77,232,3.5,1612046866
77,41,3.0,1514264263
77,417,5.0,1515783051
77,876,5.0,1557308708
77,36,4.5,1679630822
77,741,1.5,1722813609
77,79,3.0,1560137395
77,86,1.5,1568669554
77,769,3.0,1507043855
77,627,3.0,1631203645
77,780,4.5,1702556631
77,518,2.0,1679235405
77,509,3.0,1753549643
77,777,3.0,1767013636
77,336,2.0,1641673335
77,399,3.0,1652282993
77,98,2.0,1564263955
78,697,4.0,1531109009
78,219,4.5,1540937448
78,402,3.0,1667089183
78,377,4.0,1538070959
78,625,4.0,1566128347
78,812,4.0,1653993997
78,355,3.5,1558441694
78,138,3.0,1656897030
79,543,4.0,1574782711
79,489,5.0,1718656262
79,352,5.0,1604531951
79,859,3.0,1591590545
79,28,3.0,1584652786
80,76,3.0,1728984027
80,246,3.0,1509646941
80,463,2.0,1522633680
80,282,3.5,1603583106
80,344,2.0,1529735914
80,346,3.0,1609082619
80,429,4.5,1693983325
80,79,2.0,1709696271
80,95,1.5,1713583521
80,262,3.0,1547448514
80,38,1.0,1514640213
80,713,2.0,1707384708
80,764,2.5,1582673727
80,878,2.5,1744613824
80,749,3.0,1539019461
80,302,3.5,1672001742
80,134,3.5,1614274826
80,533,2.0,1553657960
80,549,2.5,1594225223
80,418,1.5,1617362168
80,766,2.0,1636379662
80,44,3.0,1682822478
80,850,2.5,1691016169
80,376,2.0,1527945242
80,646,2.5,1730743598
80,22,2.0,1598464218
80,797,3.0,1734204812
80,812,3.0,1558397425
80,244,3.5,1760589688
80,505,2.5,1760527428
80,405,3.0,1727887505
80,439,1.5,1576555534
80,446,3.5,1613203855
80,810,3.5,1641617450
80,762,2.5,1655907752
80,48,3.5,1521658360
80,532,1.5,1562184990
80,711,3.0,1629976511
80,99,3.0,1663212080
80,120,3.5,1502662348
80,765,3.0,1740212159
80,132,4.0,1604190103
81,884,5.0,1725881950
81,684,4.0,1701792592
81,564,4.0,1659134802
81,755,3.5,1744921723
81,542,2.5,1548132989
81,140,3.0,1658670865
81,418,3.5,1577943483
81,48,4.0,1696591655
81,218,3.5,1706211492
81,240,4.5,1633251799
81,661,2.5,1578883439
81,384,4.0,1677357349
81,630,4.5,1555267630
81,742,2.5,1658058824
81,128,2.5,1511421048
81,55,5.0,1768670808
81,105,3.5,1666211634
81,380,3.5,1604395078
81,463,3.0,1594018797
81,708,3.5,1602207192
81,711,3.5,1558172578
81,19,3.0,1599296743
81,621,3.5,1619737198
81,842,3.5,1658071790
81,49,4.5,1575855682
81,520,3.0,1730787165
81,378,4.5,1717009758
81,579,2.5,1529405773
81,595,4.5,1718946213
81,725,4.0,1512326915
81,67,4.0,1753927891
81,823,5.0,1583215428
81,297,3.5,1713671287
81,293,4.0,1563198652
81,588,3.0,1745447447
81,187,5.0,1724252943
81,17,4.5,1516385477
81,732,2.5,1737291223
81,464,4.0,1593369703
81,262,3.5,1615914108
81,597,3.5,1666162490
81,827,4.5,1622465814
81,170,2.5,1618324927
81,413,2.5,1674900776
81,775,4.5,1694240819
81,613,4.5,1630975988
82,292,2.5,1578231519
82,848,5.0,1602159346
82,4,4.0,1668413548
82,353,3.5,1680846300
82,418,4.5,1564524333
82,680,3.5,1635254176
82,121,4.5,1603101173
82,146,3.0,1643369798
82,712,4.0,1714034588
82,580,3.5,1579968019
82,625,4.0,1629171570
82,445,2.0,1666828719
82,350,2.5,1645975981
82,31,3.0,1521776599
82,563,4.0,1515813049
82,824,3.0,1588178611
82,870,5.0,1756848346
82,803,4.0,1620116644
82,151,3.5,1500525156
82,416,2.0,1503496816
82,605,4.0,1733135199
82,782,3.0,1709740958
82,368,3.5,1708996484
82,558,4.5,1533610781
82,693,2.5,1529608919
82,677,3.5,1562697902
82,273,4.5,1707869668
82,96,3.5,1608479427
82,564,3.5,1540295781
82,392,3.0,1543601489
82,587,3.0,1603794804
82,388,4.5,1679766380
82,417,5.0,1513682332
82,646,4.0,1525724785
82,75,2.0,1535552899
82,850,4.5,1701429368
82,222,3.0,1530057390
82,16,3.0,1649919633
82,576,1.0,1543005741
82,494,1.0,1657321740
82,829,3.0,1539278978
82,437,4.0,1672546438
82,101,2.0,1529164726
83,645,3.5,1549429447
83,535,3.0,1764191010
83,201,3.0,1754551626
83,893,4.5,1706412467
83,597,3.0,1525606117
83,454,4.0,1586421082
83,658,4.0,1535859812
83,422,5.0,1641490114
83,643,3.0,1512205798
83,148,2.5,1713287485
83,52,3.0,1641089180
83,748,2.5,1536055226
83,378,2.5,1604833995
83,226,3.5,1606536260
83,653,3.5,1608805717
83,287,3.0,1743667688
83,277,3.0,1624614774
83,18,4.0,1547881822
83,508,2.5,1571224337
83,452,3.0,1668684920
83,614,2.5,1692134789
83,289,3.0,1591938335
83,401,2.0,1608780018
83,167,4.5,1685081476
83,60,4.0,1715452902
83,732,2.5,1558365001
83,460,3.5,1750822219
83,144,4.0,1542493777
83,744,3.0,1749245026
83,413,3.5,1505713050
83,782,2.0,1610013998
83,884,3.5,1588193327
83,688,3.5,1554576449
83,134,3.0,1542195147
83,611,4.0,1587715482
83,141,5.0,1500249344
83,353,3.5,1703919437
83,20,2.0,1560462416
83,569,2.0,1617505511
84,479,5.0,1713867668
84,508,1.5,1752543017
84,560,2.0,1558133786
84,588,2.5,1576113931
84,354,3.5,1748681334
84,386,2.5,1768252009
84,125,3.0,1591438880
84,195,4.5,1600206057
84,224,3.5,1540361187
84,459,2.5,1507523450
84,77,3.0,1586692271
84,684,3.0,1549536295
84,559,3.5,1763912494
84,304,3.5,1597920967
84,315,4.5,1554942275
84,271,2.5,1603822995
84,607,2.5,1640176117
84,51,3.0,1725414770
84,744,4.0,1592137580
84,173,4.0,1682609957
84,886,5.0,1763767818
84,593,2.5,1735112417
84,331,4.0,1625555052
84,49,3.5,1728718013
84,145,5.0,1624354760
84,885,3.5,1630475409
84,406,4.0,1561732351
84,302,2.0,1595142441
84,523,1.5,1670962051
84,45,3.0,1719271595
84,838,2.5,1515653523
84,97,5.0,1681715382
84,442,2.5,1622894201
84,283,5.0,1741400390
84,292,5.0,1512304375
84,55,4.0,1764583988
84,243,4.5,1730150761
84,463,3.0,1716241614
84,210,5.0,1563884934
84,699,4.5,1743510538
84,257,3.5,1756796767
84,852,3.0,1532796877
84,105,2.5,1716176084
85,799,2.5,1655050513
85,827,4.5,1508679207
85,151,3.5,1585006510
85,881,3.0,1568115002
85,812,3.0,1520287348
85,16,3.0,1677640724
85,374,3.5,1518205847
85,783,3.0,1623372435
85,3,2.0,1732546103
85,386,3.0,1634631816
85,554,4.0,1656695228
85,148,2.0,1569786870
85,87,4.0,1660061227
85,675,3.0,1681312558
85,861,3.0,1535442751
85,176,3.0,1545104743
85,185,2.0,1652238300
85,230,3.0,1686175758
85,645,3.0,1742592453
85,358,2.0,1745825378
85,336,3.5,1519219696
85,691,2.5,1736977806
85,164,1.5,1549212652
85,89,3.0,1691629558
85,403,2.5,1596122602
85,696,3.5,1626315482
85,895,3.5,1715635988
85,676,2.0,1740292236
85,375,4.0,1709646043
85,796,3.5,1756410319
85,344,2.0,1605220659
85,553,3.5,1600266568
85,459,3.5,1514075620
85,108,3.5,1742669096
85,704,1.5,1647585837
85,272,2.0,1704251622
85,415,2.5,1541871558
85,584,3.0,1534081150
85,154,2.5,1747715445
85,751,2.0,1765696478
85,75,0.5,1764393450
85,536,3.5,1706413122
85,667,2.5,1580486119
85,789,3.5,1734325132
85,179,2.5,1766946216
85,585,3.5,1582632658
85,143,2.0,1569518081
85,582,2.0,1671861116
85,408,2.5,1605309154
85,468,4.0,1765164385
85,774,4.0,1520497691
85,609,2.5,1670861238
85,41,4.5,1500351448
85,571,3.0,1713993339
85,605,3.5,1599985327
85,548,2.5,1627496978
85,792,3.5,1697934060
85,699,4.0,1527848576
85,275,2.0,1644593947
85,241,1.5,1516051235
85,441,3.0,1693465332
86,468,4.0,1657928031
86,583,3.5,1599690963
86,40,2.5,1632405678
86,32,4.0,1571456392
86,690,2.5,1644553817
86,128,2.5,1710123413
86,172,2.0,1619291187
86,287,3.0,1604457796
86,555,3.0,1555352794
86,181,3.5,1682636006
86,798,4.0,1717379600
86,765,3.5,1588273139
86,351,4.0,1639977498
86,873,3.0,1542738654
86,384,2.0,1676029595
86,275,2.5,1600181075
86,258,1.5,1681402205
86,187,3.5,1759471236
86,537,3.0,1595508569
86,403,3.5,1684334989
86,472,1.5,1708883875
86,608,2.0,1590022153
86,404,3.5,1592265125
86,201,2.5,1716708698
86,144,2.5,1618998577
86,362,5.0,1619330528
86,847,3.5,1684321231
86,835,4.0,1698670095
87,574,5.0,1540002057
87,728,3.5,1560772116
87,401,3.0,1758351594
87,379,5.0,1759979250
87,375,5.0,1588484323
87,27,3.5,1525173791
87,662,2.5,1606916671
87,502,5.0,1679108260
87,532,2.5,1626711206
87,270,3.5,1644490098
87,396,4.0,1520234958
87,871,4.0,1546176358
87,573,5.0,1695541102
87,333,4.5,1612842677
87,17,3.5,1711812084
87,625,4.5,1665131012
87,329,5.0,1547355909
87,775,3.5,1674615111
87,500,2.5,1657652137
87,792,3.5,1743565842
87,697,3.0,1557725774
87,295,4.0,1675432143
87,845,4.0,1675968111
87,268,3.0,1608607476
87,230,4.5,1557564493
87,8,4.5,1616284020
87,199,4.0,1593152289
87,314,4.0,1696553874
87,644,3.0,1615141415
87,639,3.5,1725208606
87,123,5.0,1755473047
87,899,4.0,1552279356
87,692,4.5,1627855181
88,17,4.0,1570670676
88,636,3.0,1756631718
88,273,4.5,1503611279
88,867,4.5,1645858179
88,154,4.0,1693803203
88,714,3.0,1569672903
88,886,5.0,1626169997
88,659,4.0,1687000866
88,822,4.5,1715926049
88,112,5.0,1587396958
88,291,4.5,1573470659
88,789,3.5,1677646944
88,812,5.0,1729862229
88,90,5.0,1723382917
88,37,3.5,1531336702
88,795,4.0,1674190540
88,363,4.5,1723076665
88,182,2.5,1741473623
88,468,4.0,1737405117
88,393,2.5,1650075867
88,631,3.5,1660336590
88,542,2.5,1589974123
88,125,3.0,1574205792
88,713,4.0,1764522667
88,606,5.0,1681403594
88,537,4.0,1681078682
88,485,3.5,1650116489
88,575,5.0,1682287111
88,62,3.0,1726540530
88,620,4.0,1695265191
88,751,2.5,1670363785
89,312,4.0,1626927693
89,630,4.0,1570398753
89,122,2.5,1562133973
89,85,3.0,1675008478
89,832,1.5,1670390433
89,710,4.0,1537174326
89,439,1.5,1611853795
89,341,3.5,1502990212
89,27,2.0,1673933609
89,140,2.5,1682498407
89,872,2.5,1757982147
89,7,4.0,1518140492
89,41,3.0,1609570664
89,44,3.5,1728536729
89,160,3.5,1597790517
89,821,1.0,1553885401
89,315,3.5,1652422743
89,382,3.5,1662812779
89,655,4.5,1652666205
89,236,2.0,1705657830
89,601,3.0,1707138565
89,663,1.5,1763404656
89,900,3.0,1577348271
89,238,3.0,1768212364
89,75,2.0,1619231254
90,300,3.5,1556833797
90,659,4.0,1571793486
90,424,3.5,1602232954
90,154,3.5,1533777550
90,765,4.0,1567804338
90,7,3.5,1607471407
90,133,2.5,1576886682
90,376,3.0,1503803345
90,867,3.5,1663675537
90,528,3.0,1549716442
90,757,5.0,1531667058
90,721,5.0,1702484262
90,172,3.0,1504356626
90,378,3.5,1548238378
90,295,5.0,1631398343
90,215,2.5,1722998996
90,72,4.5,1640869756
90,539,4.5,1762818633
90,224,4.0,1585980306
90,825,3.0,1609498598
90,834,2.5,1748671139
90,178,4.0,1685224278
90,725,4.5,1513005904
90,557,4.5,1588615451
90,828,4.0,1753220933
90,836,3.5,1716909463
91,186,4.5,1599937680
91,359,4.5,1515712366
91,492,4.0,1674924680
91,476,3.0,1597597367
91,329,3.5,1592633780
91,267,3.0,1583317883
91,765,5.0,1614943253
91,372,4.0,1721158749
91,576,2.5,1591908313
91,643,4.0,1554121981
91,273,5.0,1729297593
91,496,4.0,1675532469
91,139,3.0,1540460132
91,389,5.0,1662778483
91,159,2.5,1626847598
91,884,3.5,1577241205
91,585,3.0,1626945661
91,34,2.5,1589423275
91,334,3.0,1674538083
91,146,4.0,1695255812
91,634,4.0,1631276307
91,93,3.0,1609084926
91,524,3.5,1671908054
91,837,3.5,1665389215
91,795,2.5,1643225490
91,876,3.5,1724345145
91,686,4.0,1565582298
91,760,2.5,1762585292
91,465,4.0,1748585965
91,392,3.0,1764732006
91,674,3.0,1617502801
91,568,2.5,1586737771
91,247,2.5,1711034186
91,748,3.5,1655608164
91,105,2.5,1632679752
91,402,3.0,1510501363
91,55,4.5,1678576241
91,563,3.5,1640143669
91,890,4.0,1636309508
91,187,3.0,1767424733
91,736,3.0,1562534137
91,451,3.5,1596883974
91,124,4.0,1739888269
91,661,2.0,1735576811
91,481,4.5,1501443152
91,180,3.5,1600284654
91,65,3.0,1593593010
91,469,3.0,1736299278
91,704,1.5,1537517870
91,221,4.5,1587021177
91,204,3.5,1529762795
91,454,3.0,1677763181
91,807,3.0,1632332961
91,735,4.0,1751529934
91,746,3.5,1767201141
91,223,3.5,1560405007
91,579,2.0,1615017717
92,572,4.0,1521709872
92,532,1.0,1608445347
92,249,3.5,1509307742
92,134,2.5,1649320004
92,153,3.0,1662190598
92,29,2.5,1626855796
92,832,3.0,1708225981
92,692,4.0,1544028716
92,771,3.5,1672192828
92,101,3.0,1558777076
92,138,3.5,1747075925
92,813,4.5,1535652759
92,374,4.0,1686233790
92,407,2.5,1587512505
92,747,3.0,1612770494
92,810,3.5,1550234604
92,744,3.5,1512262440
92,884,3.0,1580109395
92,56,3.5,1589915176
92,562,4.5,1686963979
92,193,4.0,1512900983
92,178,3.0,1549647169
92,39,3.0,1662559498
92,46,2.0,1606751140
92,272,2.0,1756607513
92,780,3.0,1648812124
92,568,2.0,1603536243
92,501,4.5,1530434480
92,622,2.5,1605405271
92,831,3.0,1502637365
92,703,1.5,1723115179
92,477,2.5,1752381197
92,516,3.5,1544371210
92,519,3.0,1612966822
92,885,3.0,1768363108
92,583,3.0,1549890996
92,449,3.5,1561831499
92,358,3.0,1577945095
92,701,4.0,1713577721
92,216,4.5,1525993390
92,710,4.0,1581030851
92,758,2.5,1581490235
92,740,4.0,1562040586
92,722,2.5,1611264147
92,900,1.5,1584505924
92,382,2.5,1563393292
92,684,2.5,1747145709
92,527,3.0,1720176943
92,366,2.5,1750478633
92,190,2.5,1574965998
92,243,3.5,1528724452
92,653,2.5,1561829228
92,548,3.0,1547908531
92,404,2.5,1562241536
92,63,3.5,1560510499
93,186,4.0,1675363122
93,43,2.0,1572281215
93,124,2.5,1580599396
93,633,4.0,1653927851
93,739,4.0,1701636335
93,33,2.0,1569152955
93,458,3.0,1509188489
93,140,2.0,1603967140
93,741,2.5,1696885160
93,352,3.0,1687891574
93,678,5.0,1704277030
93,761,3.5,1535442915
93,542,2.5,1500663612
93,779,3.5,1615222249
93,449,3.5,1685348659
93,255,2.5,1568828638
93,203,4.0,1766587577
93,638,4.0,1509174336
93,765,4.5,1552166704
93,748,3.0,1622870014
93,220,2.0,1743596767
93,38,1.0,1563699915
93,301,2.0,1576170718
93,586,3.0,1647887502
93,198,1.5,1602411581
93,442,3.5,1727559240
93,390,3.0,1692745285
93,346,2.5,1675362947
93,214,4.5,1696865520
93,550,3.5,1707967013
93,14,2.0,1664789927
93,677,2.0,1569972323
93,184,3.5,1613823400
93,467,4.5,1514518144
93,667,3.0,1639241369
93,898,2.0,1540237940
93,682,2.5,1583843435
93,831,2.5,1513768350
93,309,3.0,1575616025
93,796,3.5,1758692564
93,534,1.5,1528891923
93,107,4.0,1726806372
93,154,1.5,1566095711
93,783,3.5,1694252017
93,804,2.0,1586948318
93,289,3.0,1757327866
93,181,3.0,1623913454
93,103,4.0,1765674378
93,93,1.0,1649212949
93,292,2.5,1532378130
93,24,1.5,1589309463
93,809,4.0,1533027526
93,572,4.5,1737895326
93,700,2.0,1545834598
93,405,2.5,1731510489
93,641,3.5,1728813778
93,538,4.0,1512015380
93,144,2.5,1721373966
93,881,4.0,1622514613
93,9,3.0,1569786566
93,591,4.0,1567904923
94,328,3.0,1665495467
94,268,3.0,1534833467
94,885,2.5,1699118982
94,163,1.5,1737733024
94,848,4.0,1686848324
94,900,2.5,1699699765
94,701,2.0,1653031622
94,647,0.5,1728261460
94,658,4.0,1592600838
94,8,3.0,1632122609
94,228,2.5,1634905577
94,719,4.0,1757467985
94,728,3.0,1557136500
94,888,3.0,1573475701
94,293,1.5,1634808047
94,34,2.0,1747897929
94,256,2.5,1733101231
94,61,3.0,1501466747
94,128,3.0,1559356575
94,18,4.0,1523688676
94,631,1.5,1531889313
94,372,4.0,1563624351
94,416,3.5,1565840141
94,509,3.5,1520793222
94,578,3.5,1611250099
94,787,2.5,1514305147
94,656,3.5,1721498297
94,463,1.5,1623400283
94,378,3.5,1553889593
94,434,3.0,1741229939
94,806,3.0,1714017330
95,434,3.5,1605523907
95,529,2.5,1513309109
95,44,3.5,1509357449
95,558,2.0,1733590436
95,14,2.0,1597563328
95,530,2.5,1687332282
95,100,3.0,1690768231
95,832,2.5,1739884569
95,745,2.5,1728657824
95,687,3.0,1730577956
95,376,3.0,1636236713
95,459,3.0,1766381465
95,110,3.5,1515936503
95,152,3.5,1609823334
95,607,2.5,1564690996
95,32,5.0,1502934902
95,890,3.5,1679187489
95,738,4.0,1606818411
95,111,1.5,1607570468
95,351,2.5,1716133412
95,722,2.0,1584065644
95,63,2.0,1735942005
95,475,3.5,1636483931
95,87,2.5,1734867532
95,201,3.0,1711325312
95,521,2.0,1734509966
95,419,3.5,1579947357
95,464,3.5,1542377053
95,105,3.0,1689640919
95,253,4.0,1534399761
95,56,3.5,1629143135
95,474,4.0,1574207383
95,730,3.0,1755015507
95,235,4.5,1510190133
95,341,2.0,1517225306
95,82,2.5,1530913501
95,49,2.5,1642810012
95,833,2.5,1716350568
95,892,3.5,1722696213
95,295,4.5,1728472691
95,370,2.5,1553776842
95,544,4.5,1666752795
95,283,4.5,1677345505
95,504,3.5,1513386006
95,308,3.5,1536405883
95,205,2.5,1562534472
95,821,3.0,1527153619
95,411,3.5,1739944456
95,180,4.5,1760733334
95,117,4.0,1750911250
96,21,4.5,1642901146
96,767,3.5,1633273805
96,671,5.0,1625251383
96,269,4.0,1593520452
96,600,3.5,1673043987
96,242,3.0,1734555521
96,557,2.5,1598255610
96,787,3.5,1613245089
96,566,1.5,1655212536
96,70,3.5,1561170234
96,841,3.0,1739480922
96,733,4.0,1507870784
96,577,4.0,1535967987
96,776,1.5,1641794975
96,717,3.0,1588660326
96,879,2.5,1731277010
96,725,3.5,1574929241
96,647,2.5,1514123438
96,714,4.0,1615074119
96,277,3.5,1750862855
96,588,2.5,1527370106
96,4,4.0,1747358865
96,323,3.0,1592088492
96,256,3.0,1556742524
96,684,4.5,1547793763
96,68,4.5,1720515390
96,325,2.5,1529486275
96,804,4.5,1585018058
96,177,3.0,1514726050
96,44,3.0,1639313430
96,262,3.5,1551044639
96,626,2.5,1544929829
96,624,4.0,1626277803
96,514,4.0,1698307759
96,39,2.0,1740829693
96,828,3.5,1578708436
96,604,3.5,1560106299
96,305,3.5,1544829145
96,663,3.0,1738615934
96,851,2.0,1512032972
96,613,4.0,1655567284
96,842,4.0,1516393773
96,509,3.5,1537908125
96,405,3.0,1714212381
96,803,3.5,1639605617
96,621,3.0,1663270000
96,542,2.5,1574217382
96,505,3.0,1586283918
96,655,5.0,1564554909
96,230,3.0,1742285194
96,664,2.5,1691153350
96,67,3.5,1625164913
96,204,5.0,1736413033
96,475,4.0,1700681963
96,605,3.0,1734971135
96,450,3.0,1506192282
96,702,4.5,1592650519
96,124,1.0,1533132708
96,834,4.0,1513793795
96,425,4.5,1639318367
96,392,4.0,1525137544
96,618,3.0,1724834871
96,570,1.5,1754641973
96,768,4.5,1671905068
96,300,3.5,1754087719
96,105,2.0,1550303231
96,421,4.5,1596545478
96,102,5.0,1601422613
96,153,2.5,1704145112
96,222,2.5,1545702767
96,497,2.0,1660822725
96,294,3.5,1716482194
96,51,3.0,1549125678
96,492,4.0,1545114612
96,585,4.0,1584734862
97,615,4.5,1678942784
97,687,3.0,1702608016
97,434,3.5,1690075164
97,574,2.0,1557449958
97,517,2.5,1747089198
97,155,4.5,1713759547
97,475,5.0,1597563000
97,744,3.0,1657222578
97,771,3.0,1524249158
97,402,2.5,1726362228
97,593,4.0,1651955935
97,869,3.5,1702032364
97,489,4.5,1706013838
97,681,4.5,1633495594
97,651,5.0,1642180256
97,52,3.5,1730483110
97,274,4.5,1513755190
97,45,1.0,1642616910
97,603,4.0,1743234608
97,364,4.0,1667715078
97,235,4.5,1581437624
97,731,4.0,1534767722
97,121,4.0,1738341924
97,265,2.5,1506235888
97,810,3.0,1582114004
97,91,3.0,1681471986
97,595,4.5,1554873403
97,116,3.0,1707197388
97,438,2.5,1576418041
97,46,3.5,1585795859
97,507,2.5,1690895921
97,566,4.0,1630544483
97,658,3.0,1718308335
97,255,3.5,1647756126
97,182,3.0,1567139843
97,500,1.5,1500184309
97,291,4.5,1769795265
97,691,2.0,1619186728
97,828,3.0,1642763759
97,708,5.0,1714818450
97,567,2.0,1769406542
97,572,4.0,1622380831
97,230,3.0,1522058918
98,492,4.5,1640758286
98,155,2.5,1566877651
98,771,3.5,1552270528
98,540,3.0,1730273448
98,456,2.0,1670662496
98,617,4.5,1516946756
98,590,2.5,1603749559
98,70,2.0,1655237389
98,436,3.5,1646887935
98,23,2.5,1515169265
98,639,2.5,1723548147
98,854,2.0,1715856867
98,65,4.5,1533919287
98,92,3.5,1752354137
98,308,2.5,1759974149
98,76,4.0,1535075699
98,220,4.0,1568063034
98,850,3.0,1638884135
98,116,4.5,1522457792
98,601,4.0,1501530918
98,775,3.0,1715126657
98,743,2.0,1747886755
98,255,1.5,1578093346
98,367,2.5,1552021776
98,678,3.0,1645759696
98,774,3.5,1542745371
98,615,3.5,1737753800
98,656,3.0,1645422265
98,835,3.0,1722103212
98,168,4.0,1556149324
98,841,2.5,1621587388
98,895,5.0,1675260454
98,210,5.0,1599164333
98,732,2.5,1711806120
98,418,4.0,1702148949
98,111,1.5,1642284992
98,239,2.0,1726658902
98,219,2.5,1633667852
98,487,2.5,1712508305
98,737,3.5,1736409299
98,1,3.5,1667297448
98,350,3.0,1704635015
98,192,4.0,1667691793
98,45,2.5,1548477225
98,261,2.5,1675732141
98,329,3.5,1682689113
98,570,2.5,1640240813
98,524,3.0,1668338917
98,97,4.5,1526468021
98,411,3.5,1559402608
98,341,3.5,1566634710
98,799,2.5,1572352851
98,718,2.5,1596948912
98,170,3.0,1531454232
98,369,3.0,1756493681
98,286,1.0,1693980089
98,769,2.5,1632283113
98,310,2.0,1704810835
98,508,2.5,1523884547
98,149,4.5,1688581836
99,81,3.5,1513300009
99,433,2.5,1661669417
99,700,3.0,1572953640
99,746,3.0,1660370520
99,64,3.0,1634334632
99,233,3.0,1596060992
99,853,2.5,1525210549
99,611,4.0,1657473557
99,551,3.0,1702043588
99,771,3.5,1701350575
99,790,3.0,1647087432
99,569,2.5,1733489462
99,827,4.5,1731573900
99,405,2.5,1767095129
99,213,4.0,1720364199
99,432,2.5,1526844806
99,322,3.5,1675489401
99,255,4.0,1733970485
99,421,5.0,1640730403
99,727,4.0,1586881433
99,664,3.0,1507706822
99,129,4.5,1666828385
99,103,4.0,1668978832
99,528,3.5,1727413513
99,594,3.5,1695521685
99,267,4.0,1763082478
99,336,3.5,1737885386
99,382,3.0,1682491411
99,614,2.5,1515668149
99,58,4.5,1741925458
99,389,3.5,1665636164
99,498,4.0,1671225449
99,8,5.0,1618504954
99,51,3.5,1603233573
100,878,5.0,1742626108
100,802,4.5,1729878451
100,379,5.0,1756820198
100,265,4.5,1754449125
100,819,4.0,1666760838
100,415,4.5,1715411991
100,897,4.0,1572121389
100,391,3.5,1669654023
100,803,5.0,1536148737
100,134,4.0,1709456704
100,875,2.5,1514897578
100,649,3.0,1555650055
100,189,3.0,1542447743
100,789,4.5,1594960393
100,429,5.0,1650823470
100,345,4.5,1553641298
100,718,5.0,1549553268
100,297,4.0,1699989390
100,56,3.0,1634862534
100,112,4.0,1708437405
100,407,4.0,1532195407
100,648,4.0,1503285264
100,343,3.5,1508060587
100,619,3.5,1558168808
100,623,5.0,1754791057
100,356,3.5,1712644344
100,235,5.0,1758342473
100,55,3.5,1765501035
100,10,3.5,1568640103
100,712,3.0,1605164319
100,692,4.5,1542483746
100,436,4.0,1592819158
100,165,5.0,1692395702
100,877,4.5,1738418111
100,192,4.0,1507312166
100,122,2.5,1646671587
100,180,5.0,1739506366
100,156,2.0,1572429262
100,302,3.0,1719337903
100,186,4.5,1641262664
101,151,2.0,1694362933
101,748,2.0,1644071861
101,114,5.0,1525312968
101,169,3.0,1516876821
101,55,3.5,1730444996
101,209,3.5,1636614687
101,542,4.0,1664015719
101,258,2.5,1697260995
101,235,4.5,1653119313
101,754,4.0,1750839004
101,778,4.0,1681751849
101,491,2.0,1578190950
101,351,3.5,1605661201
101,234,2.5,1541180032
101,441,3.5,1559809385
101,355,3.0,1575131703
101,714,3.5,1603910877
101,603,4.0,1582766075
101,396,4.5,1740222569
101,888,3.5,1653258371
101,771,3.0,1763739688
101,546,3.5,1545562509
101,50,3.0,1741994627
101,473,2.0,1735357957
101,568,2.5,1713751923
101,359,4.5,1610745696
101,839,3.0,1630403904
101,651,5.0,1657555412
101,173,3.5,1589312578
101,378,3.0,1762682997
101,272,2.0,1591118290
101,527,3.0,1516484673
101,180,5.0,1602879581
101,318,3.0,1703746252
101,131,2.0,1591115559
101,127,2.5,1539071297
101,688,3.5,1754870238
101,571,2.0,1689853762
101,712,4.0,1506772942
101,770,4.5,1532630054
101,239,3.0,1536116136
101,516,3.5,1707782393
101,333,3.5,1632573813
101,900,3.5,1522388886
101,260,3.0,1636864456
102,624,4.5,1555747047
102,812,3.5,1537110436
102,236,5.0,1712782893
102,333,4.0,1736513965
102,737,4.5,1754568422
102,559,5.0,1653870280
102,516,5.0,1535949340
102,850,4.0,1728161896
102,149,5.0,1685403203
102,274,5.0,1592476000
102,640,5.0,1649708676
102,235,5.0,1636420296
102,339,5.0,1636576362
102,869,5.0,1692986013
102,313,5.0,1640473758
102,13,4.0,1640599818
102,37,4.0,1729510963
102,879,3.5,1528715723
102,884,5.0,1612885707
102,717,5.0,1694149573
102,807,3.0,1535410603
103,804,2.5,1702315597
103,566,3.0,1624849972
103,110,4.0,1519557769
103,16,3.0,1548072342
103,658,3.0,1704729553
103,703,3.0,1635631432
103,667,3.5,1593968272
103,774,5.0,1643773825
103,820,4.5,1570974961
103,744,3.0,1609379443
103,686,4.0,1621539069
103,329,3.5,1741339829
103,247,4.0,1587367168
103,660,3.0,1626414753
103,611,3.0,1627918709
103,127,4.0,1555406874
103,151,3.0,1581039521
103,550,2.5,1560521249
103,468,4.5,1768418908
103,515,2.5,1516150990
103,525,3.0,1710398190
103,677,2.5,1584351202
103,262,3.0,1612791344
103,896,4.5,1592557875
103,552,3.0,1526508592
103,753,3.5,1613865556
103,396,3.0,1590077945
103,824,4.0,1578225142
103,638,3.5,1565029341
103,582,4.0,1524042206
103,594,4.0,1562799390
103,436,3.5,1508000899
103,601,4.5,1599382469
103,541,3.5,1623490749
103,527,2.5,1594343866
103,796,5.0,1501134192
103,159,4.5,1508738891
103,783,4.0,1533839380
103,708,5.0,1707199863
103,614,2.5,1747663453
103,63,2.0,1732986150
103,314,2.5,1703690127
103,323,2.0,1561533101
103,493,3.5,1524325409
103,593,4.0,1515999013
103,720,4.0,1758152468
103,137,2.5,1707357709
103,858,4.5,1565338646
103,491,3.5,1506015146
103,108,3.0,1544888531
103,281,3.0,1658630165
103,860,4.0,1601656954
103,461,5.0,1700076404
103,698,3.5,1706005900
103,141,3.5,1549897037
103,260,4.0,1655028934
104,327,4.0,1669861783
104,666,2.5,1552429817
104,250,3.5,1518720264
104,657,3.0,1501959534
104,88,4.5,1606598800
104,604,4.0,1509074029
104,523,2.0,1745373661
104,774,3.5,1717044937
104,49,3.5,1597914211
104,806,4.0,1501883509
104,495,4.0,1698673527
104,283,3.5,1649758905
104,432,2.5,1676858151
104,802,2.0,1703575760
104,770,4.0,1734899746
104,785,3.5,1540014532
104,877,3.0,1677923017
104,564,3.5,1510493226
104,142,4.5,1524737509
104,200,2.5,1734028289
104,323,2.5,1732385022
104,317,3.5,1709344248
104,419,4.0,1726603442
104,888,3.0,1644242478
105,663,4.5,1717570381
105,403,2.5,1585526550
105,380,4.0,1708528327
105,307,4.5,1746484593
105,889,4.0,1508282108
105,89,3.0,1625670657
105,726,3.0,1732706179
105,93,2.5,1563518957
105,721,4.0,1753659921
105,861,4.0,1760540805
105,231,3.5,1539002518
105,289,4.0,1695466307
105,2,3.5,1516446973
105,828,3.0,1699176824
105,458,2.5,1730185723
105,555,4.0,1596964303
105,332,3.0,1694895603
105,103,4.5,1743489368
105,409,3.0,1541625946
105,629,3.5,1743992090
105,838,3.5,1702429630
105,606,4.0,1512548622
105,276,3.5,1627102874
105,791,4.0,1567916424
105,634,4.5,1511959842
105,481,4.0,1546694600
105,43,3.0,1571243332
105,536,3.5,1731720439
105,630,3.0,1692471812
105,16,3.0,1744035813
105,377,4.0,1600272438
105,792,5.0,1704086338
105,576,2.5,1507887996
105,779,4.0,1662524607
105,200,2.5,1542229889
105,441,3.5,1503137665
105,430,2.0,1697860431
105,562,5.0,1574732540
105,208,3.0,1539105493
105,302,4.0,1747489712
105,568,3.0,1693921486
105,145,4.0,1680181611
105,387,4.5,1668767829
105,548,3.5,1563231879
105,744,2.5,1747266982
106,93,2.5,1696731701
106,688,3.5,1643022971
106,766,2.5,1570808092
106,142,5.0,1556498034
106,500,2.5,1686085602
106,304,2.5,1657651327
106,395,3.5,1700171466
106,617,3.0,1760976475
106,190,1.5,1524358602
106,803,4.0,1671240584
106,77,3.0,1733602015
106,99,3.0,1567870710
106,555,4.5,1501549484
106,690,4.0,1575986528
106,817,2.5,1567822115
106,855,4.5,1697122287
106,661,3.0,1766795294
106,565,4.5,1500032679
106,149,3.0,1509696863
106,288,5.0,1526725995
106,95,3.5,1534021148
106,624,3.5,1714371716
106,730,2.5,1617873921
106,607,3.0,1683701730
106,413,3.5,1720121771
106,447,3.5,1647698008
106,273,4.5,1528368870
106,182,2.5,1746616034
106,167,3.0,1592168424
106,145,3.0,1613425852
106,618,3.5,1573021119
106,489,3.5,1649489624
106,343,4.0,1752330779
106,525,3.0,1595361870
106,602,3.5,1587485798
106,461,4.5,1676146460
106,55,4.5,1650323082
106,831,2.0,1502714886
106,725,4.0,1531359042
106,271,4.0,1547759719
107,706,4.0,1729460601
107,269,4.0,1543417194
107,735,5.0,1523418088
107,464,3.5,1694737745
107,247,3.5,1622091296
107,93,3.5,1736539374
107,140,4.5,1528583064
107,430,3.0,1573102640
107,75,3.0,1607164572
107,399,4.0,1523541868
107,556,3.0,1517624421
107,814,4.0,1748235933
107,791,4.0,1538053503
107,383,3.5,1730955406
107,7,4.0,1668529200
107,494,4.0,1507895137
107,68,4.5,1502471480
107,61,5.0,1759774064
107,806,3.5,1637667491
107,360,3.0,1546505746
107,576,3.0,1667642438
107,657,4.0,1675679625
107,715,4.5,1657322274
107,772,3.5,1621871490
107,94,3.5,1575617860
107,119,4.5,1751430186
107,589,4.5,1721837403
107,381,3.5,1614535258
107,2,3.0,1721257935
107,626,3.0,1685013112
107,183,4.0,1570601243
107,865,2.5,1638024593
107,475,4.5,1649802304
107,827,4.0,1753519782
107,112,3.5,1562044605
107,836,3.5,1721952958
107,673,3.0,1547293373
107,89,5.0,1575833378
107,323,4.0,1754549250
107,191,3.0,1608547020
108,790,3.0,1740413293
108,743,2.5,1604022035
108,793,4.0,1617590511
108,73,4.0,1634953736
108,37,2.5,1660833488
108,265,3.5,1604814345
108,341,3.5,1663015339
108,47,4.0,1594959979
108,158,4.0,1670681727
108,361,5.0,1622326845
108,794,2.0,1705420272
108,575,4.0,1659942050
108,680,3.0,1717911708
108,626,2.5,1574034361
108,413,2.0,1525465312
108,228,2.5,1677622841
108,702,4.5,1679310859
108,188,3.5,1528493335
108,71,5.0,1739184621
108,480,4.0,1738549731
108,304,4.5,1648552296
108,219,3.0,1526908482
108,803,2.5,1711244500
108,810,4.5,1693330482
108,746,2.5,1741047329
108,369,3.5,1680154304
108,449,3.5,1689214365
108,263,2.5,1542982757
108,537,2.0,1695540239
108,783,4.0,1713173128
108,844,4.0,1585607162
108,248,2.5,1610590031
108,346,3.5,1598125110
108,893,4.0,1505225455
108,156,3.0,1518261288
108,431,3.5,1678942563
108,543,4.5,1674242771
108,62,3.0,1557520420
108,416,3.0,1522819791
108,883,4.0,1764883790
108,280,3.0,1666147215
108,559,5.0,1514794196
108,446,3.5,1554608734
108,40,3.0,1625397478
108,764,3.0,1553542065
108,440,2.5,1544739954
109,98,2.5,1686307368
109,616,3.0,1639387619
109,704,2.0,1736306173
109,20,2.0,1682420302
109,146,2.5,1517174832
109,337,2.5,1735182578
109,825,2.5,1651676529
109,303,3.5,1523528841
109,722,2.0,1764308364
109,456,2.0,1553629676
109,699,4.0,1737802804
109,399,3.0,1602683449
109,56,4.5,1569328896
109,720,3.0,1748944674
109,182,2.0,1526584492
109,173,3.0,1689980134
109,650,4.5,1696579296
109,25,2.0,1515059407
109,416,3.0,1623802225
109,735,3.5,1535306167
109,636,2.0,1525847382
109,380,3.0,1505219858
109,240,3.0,1710813326
109,323,2.5,1654535942
109,838,2.0,1616088563
109,275,2.0,1663242286
109,716,3.5,1506552412
109,86,4.0,1609126226
109,1,3.0,1563628592
109,85,3.5,1501612865
109,683,2.0,1648946327
109,139,3.0,1686943719
109,187,3.0,1567676069
109,449,4.5,1516875315
109,322,3.0,1615165771
109,804,1.5,1729999926
109,813,3.0,1524485141
109,580,3.5,1652584814
109,366,3.0,1534579568
109,893,4.5,1538659349
109,61,3.0,1661003232
109,11,3.5,1550355942
109,162,3.0,1618853226
109,881,5.0,1680823886
109,428,2.5,1593556423
109,778,2.5,1692830165
109,832,1.5,1685815411
109,717,3.0,1630798384
109,52,2.5,1700682249
109,81,4.0,1682787158
109,328,3.5,1578655844
109,114,5.0,1524537474
109,346,3.0,1693996149
109,220,2.5,1708264226
109,884,4.5,1537936200
109,737,3.0,1517855074
109,188,2.5,1531849802
109,900,3.5,1718805537
110,585,2.0,1616932608
110,439,1.5,1604069964
110,845,4.0,1655142827
110,561,3.0,1664688780
110,61,4.5,1701309753
110,76,2.0,1620811151
110,560,3.5,1511011866
110,397,1.5,1501492011
110,735,3.0,1710791896
110,450,2.5,1763483632
110,489,4.0,1746142572
110,270,3.5,1702387958
110,46,3.5,1584382973
110,797,3.5,1679408449
110,713,4.0,1676142910
110,248,2.5,1504321780
110,491,2.0,1617019717
110,513,1.5,1586264479
110,274,2.5,1686798247
110,712,3.5,1505934675
110,697,4.0,1539126366
110,129,2.5,1764800986
110,734,2.0,1614093961
111,401,3.5,1635976981
111,189,2.0,1630446598
111,293,3.0,1507486392
111,109,4.0,1581318120
111,471,3.0,1562625057
111,551,3.5,1547452005
111,261,3.0,1706172436
111,597,3.0,1710765896
111,63,3.5,1738409239
111,643,3.5,1618081560
111,192,5.0,1573057974
111,678,5.0,1503487098
111,587,3.5,1651177416
111,720,3.0,1679589618
111,798,3.5,1745102265
111,154,3.0,1679359440
111,225,3.5,1742208029
111,809,4.0,1673558349
111,227,4.0,1599894520
111,316,3.0,1547097988
111,339,3.5,1591800589
111,877,3.0,1727363613
111,98,3.0,1667334541
111,72,4.5,1589918948
111,16,2.5,1712193578
111,755,3.5,1524924882
111,807,3.5,1623987742
111,33,3.5,1628993646
111,586,5.0,1724992007
111,41,4.5,1596197032
111,659,4.5,1504548040
111,432,2.0,1575948605
111,860,3.0,1745657702
111,694,3.5,1698665858
111,48,3.5,1689903654
111,365,5.0,1600147155
111,251,2.5,1541735102
111,6,3.5,1637350107
111,653,3.0,1748004159
111,783,3.5,1748768420
111,554,5.0,1513241442
111,570,4.5,1567689942
111,424,5.0,1500589145
112,353,4.0,1696517342
112,863,4.5,1550714618
112,166,3.5,1732859624
112,232,3.0,1557131657
112,731,3.0,1560164206
112,770,5.0,1734360512
112,564,3.0,1613513839
112,7,4.0,1699409095
112,186,4.0,1678410656
112,194,3.0,1543783450
112,442,4.5,1668012328
112,718,3.5,1748973885
112,173,3.5,1752568333
112,102,3.5,1589914815
112,663,3.5,1550571295
112,815,3.5,1704934230
112,623,4.5,1523867704
112,743,3.5,1527028189
112,677,2.0,1682358607
112,176,3.5,1626880409
112,70,3.0,1757027061
112,362,3.5,1615935784
112,538,2.5,1536060943
112,805,3.5,1701561584
112,128,3.5,1582985859
112,535,3.5,1757478923
112,587,2.5,1592544865
112,501,3.5,1648235951
112,741,2.5,1678079459
112,5,4.0,1666962416
113,173,3.0,1558898091
113,740,4.5,1535454413
113,773,4.0,1726269708
113,489,4.0,1693220671
113,167,3.0,1605378678
113,2,3.5,1505480315
113,56,4.5,1567931881
113,182,2.5,1507003893
113,565,4.5,1568494354
113,219,3.5,1519389456
113,630,2.5,1611592721
113,302,4.0,1527223473
113,550,2.5,1648712285
113,131,2.0,1580137486
113,641,3.5,1617584133
113,859,2.5,1570437757
113,235,5.0,1570107022
113,139,4.0,1735636234
113,679,4.0,1767376221
113,160,5.0,1692830747
113,61,3.0,1568285745
113,259,2.5,1555424092
113,91,4.0,1630835043
113,285,4.0,1700215651
113,286,0.5,1604133254
113,499,3.0,1522241934
113,671,4.0,1570138304
113,217,3.0,1550217320
113,749,2.5,1724373757
113,135,1.5,1680101479
113,768,4.5,1525251632
113,881,5.0,1718591287
114,699,4.0,1623914700
114,845,3.5,1736207291
114,59,3.0,1745306012
114,353,3.5,1746745263
114,733,4.0,1691050304
115,787,3.0,1724242412
115,73,3.5,1711127828
115,701,4.0,1747231508
115,24,1.5,1521785886
115,668,3.5,1705709990
115,166,4.0,1625556862
115,613,4.0,1711527792
115,92,5.0,1582126038
115,426,3.5,1545157646
115,700,2.5,1711374877
115,833,2.5,1694374541
115,703,3.5,1694170375
115,761,3.0,1532450926
115,76,3.5,1662777486
115,481,4.0,1654049590
115,306,5.0,1636760197
115,388,5.0,1661331371
115,886,5.0,1519422777
115,623,4.5,1736746794
115,42,3.0,1731651840
115,882,5.0,1710193683
115,163,3.5,1605413085
115,597,4.0,1664373534
115,768,4.5,1601234801
115,544,5.0,1620645487
115,224,3.0,1723785119
115,123,5.0,1684570801
115,805,4.5,1504582804
115,30,4.0,1662296543
115,270,3.0,1702362119
115,254,3.0,1589804990
115,863,5.0,1743532883
115,760,5.0,1601883466
115,555,3.0,1569511775
115,841,4.0,1590700747
115,283,4.5,1706878020
115,69,3.5,1572310946
115,635,3.5,1732916008
115,397,2.5,1563066843
115,402,3.5,1547491412
115,167,3.0,1658654862
115,155,4.5,1578843818
115,582,4.5,1637292079
115,84,4.0,1616201489
115,821,3.5,1720619400
115,890,3.5,1573790455
115,208,3.5,1684427327
115,122,2.5,1672100097
115,430,2.5,1643105652
115,499,2.5,1581231566
115,15,3.5,1554445076
115,514,3.0,1521094082
115,58,4.5,1764673231
115,376,4.0,1552659580
115,416,3.0,1718809205
115,571,4.0,1579198611
115,378,3.0,1628903821
116,585,2.5,1696411186
116,700,2.0,1768171448
116,390,3.0,1717791239
116,270,3.0,1515026704
116,226,3.0,1700715656
116,206,3.5,1643385434
116,574,4.5,1698532142
116,347,3.5,1750667434
116,825,3.5,1709596714
116,246,4.0,1644183657
116,138,3.5,1768102323
116,738,3.0,1677610410
116,289,3.5,1743487821
116,472,0.5,1715487439
116,192,5.0,1644016247
116,375,5.0,1680122098
116,683,2.5,1607035057
116,59,3.0,1693537992
116,374,4.0,1628810990
116,545,1.5,1734390398
116,242,4.5,1699028152
116,231,1.5,1753504072
116,252,3.5,1645413908
116,267,4.5,1711005013
116,208,4.0,1707586089
116,835,3.0,1769933193
116,36,3.0,1705249917
116,829,3.5,1534135401
116,707,2.0,1731341982
116,247,3.0,1612002941
116,80,2.0,1650515626
116,81,4.0,1567899761
116,724,3.5,1542455030
116,855,3.5,1595070818
117,549,4.0,1642643967
117,715,4.5,1597491815
117,9,3.5,1706591130
117,587,4.0,1565788058
117,341,2.5,1653499570
117,859,3.0,1528260417
117,634,3.0,1642148336
117,314,4.0,1604911732
117,521,2.5,1633043254
117,90,3.5,1584510550
117,835,4.0,1723046300
117,350,3.5,1562461673
117,190,2.0,1661596761
117,779,4.5,1670045745
117,409,4.5,1665864265
117,611,4.0,1614617091
117,147,4.0,1529977015
117,331,4.0,1743097929
117,806,3.0,1721539377
117,381,3.0,1618117352
117,590,2.5,1745831984
117,391,3.5,1621335767
117,407,3.0,1555968696
117,310,3.5,1509702318
117,865,2.5,1516099510
117,458,3.0,1565488544
117,187,5.0,1766117471
117,116,4.0,1691269851
117,874,3.0,1589663994
117,246,3.5,1576283314
117,14,2.5,1564557254
117,465,4.0,1542627995
117,891,3.5,1697761948
117,283,5.0,1739784879
117,140,3.0,1549595106
117,377,4.0,1650780906
117,796,4.5,1670905148
117,735,5.0,1583976498
117,603,5.0,1612267902
117,122,3.5,1694748904
118,817,4.0,1604678660
118,472,3.0,1751272006
118,266,2.0,1501828205
118,274,3.5,1559847751
118,865,4.0,1649603021
118,697,4.0,1533256685
118,667,4.5,1525040379
118,696,2.5,1691721926
118,511,3.0,1581873162
118,50,2.5,1735862631
118,116,4.0,1533759415
118,510,2.0,1513199835
118,199,3.0,1697293427
118,659,3.5,1674742703
118,168,5.0,1524497573
118,891,5.0,1519524140
118,664,2.0,1513592090
118,836,4.0,1581595286
118,693,3.5,1759762268
118,26,3.0,1595660411
118,709,1.5,1568732129
118,542,4.5,1535279174
118,421,4.5,1665994459
118,816,2.0,1600023656
118,350,3.0,1671685203
118,897,3.5,1748632811
118,760,3.5,1604618723
118,841,3.0,1564378926
118,152,3.5,1728397034
118,228,2.0,1514210840
118,456,2.0,1661664672
118,474,5.0,1621713552
118,464,3.0,1566259478
118,136,4.0,1616832064
118,592,3.5,1713672482
118,441,4.0,1546624336
118,410,2.5,1765416701
118,699,4.5,1588303677
118,332,3.5,1518834683
118,417,4.0,1606547126
118,193,3.5,1565295922
119,360,2.5,1518660784
119,727,3.5,1752083673
119,158,3.5,1713189300
119,531,3.0,1549197794
119,795,2.5,1526282479
119,401,1.5,1746485332
119,181,3.0,1524460739
119,739,4.5,1600629770
119,28,2.5,1708891082
119,616,2.5,1767272703
119,661,1.5,1564850337
119,191,3.0,1585037625
119,590,2.5,1607322264
119,744,2.5,1704619212
119,647,2.0,1520709470
119,877,3.5,1552973209
119,497,2.5,1507601805
119,803,3.0,1763814178
119,253,4.0,1566937758
119,353,3.5,1583736251
119,131,2.5,1712829440
119,737,3.0,1553567199
119,383,1.5,1690170823
119,631,2.0,1619325666
119,361,2.0,1598185638
119,848,5.0,1548125410
119,881,5.0,1764674744
119,676,2.0,1733400227
119,700,2.5,1640734465
119,219,2.0,1638658000
119,241,1.5,1716110516
119,152,2.0,1756880047
119,174,3.0,1607537453
119,155,3.0,1674113596
119,656,2.5,1737627772
119,710,3.5,1641012152
119,790,1.5,1570343046
119,835,4.0,1577926067
119,454,3.0,1612646354
119,233,2.5,1616335061
119,717,2.5,1582015765
119,195,3.0,1576039386
119,535,4.0,1586643351
119,618,3.5,1509066314
119,623,5.0,1556978417
119,179,2.5,1656786129
119,2,2.0,1636234379
119,295,3.0,1582661299
119,373,3.0,1685814307
119,874,1.5,1582830052
119,486,3.0,1598855344
119,708,4.5,1595905659
119,711,4.0,1689912158
119,849,3.0,1717447418
119,801,3.0,1530687492
119,852,2.5,1702414798
119,228,2.5,1598269105
119,363,3.5,1681212100
119,231,2.5,1613313873
119,133,2.0,1699496198
119,434,2.5,1526472533
119,438,3.0,1709170989
119,90,3.0,1630053309
119,520,3.0,1757047592
119,359,3.5,1631341224
120,279,2.5,1648632095
120,407,2.0,1755627811
120,701,4.0,1524176868
120,813,4.0,1694096083
120,504,4.0,1670950673
120,283,4.0,1634983875
120,108,3.5,1539042043
120,848,4.5,1593565804
120,242,4.0,1536127540
120,7,5.0,1697722814
120,498,4.0,1546427496
120,686,3.0,1729844670
120,323,3.0,1643703233
120,235,4.5,1538665917
120,878,4.5,1541603826
120,573,4.0,1683728455
120,313,3.5,1677139654
120,791,3.5,1729923132
120,125,3.0,1645824440
120,669,1.0,1509076868
120,576,3.0,1549029188
120,332,3.5,1701850179
120,153,2.5,1613558914
120,14,2.5,1672357334
120,676,3.5,1742053232
120,74,5.0,1766637559
120,226,3.0,1692067019
120,794,2.5,1599247443
120,395,3.0,1532318622
120,179,1.5,1756173526
120,411,4.5,1500283433
120,677,3.5,1573598484
120,59,3.0,1509749662
120,521,3.0,1636161706
120,804,5.0,1590584764
120,294,3.5,1733322372
120,680,5.0,1584984363
120,409,3.0,1508004172
120,585,4.5,1538182606
120,849,2.5,1766357987
120,738,4.5,1551590065
120,485,4.5,1572990420
120,673,3.5,1548213902
120,375,5.0,1580354080
120,396,1.5,1665077604
120,65,3.5,1539348130
120,322,5.0,1608332682
121,414,5.0,1705208835
121,474,4.0,1676531570
121,545,1.0,1665767858
121,581,3.0,1601133651
121,663,4.0,1516577072
121,465,2.5,1679782591
121,416,2.5,1597543543
121,38,2.0,1625184803
121,580,3.5,1566942012
121,536,3.0,1577702251
121,486,2.5,1524524635
121,221,4.0,1585115268
121,76,5.0,1564988967
121,169,3.5,1537179967
121,437,3.0,1688963980
121,503,3.0,1512626653
121,496,3.5,1687424552
121,237,2.0,1761074930
121,82,5.0,1703010180
121,818,4.5,1646183207
121,617,4.0,1651820804
121,789,2.5,1744864035
121,190,2.5,1652520949
121,136,4.0,1757664722
121,449,2.5,1503697785
121,668,3.0,1526812228
121,399,3.5,1500639204
121,692,3.0,1575312496
121,783,4.0,1725950119
121,29,3.5,1749251560
121,472,1.0,1712409337
121,348,2.5,1664373958
121,713,1.5,1665993412
121,591,4.5,1733677592
121,544,3.5,1766509059
121,548,4.5,1715238902
121,637,3.0,1659850027
121,487,2.0,1740424792
121,665,2.5,1741666493
121,558,4.0,1666166641
121,431,2.0,1547795944
121,361,3.5,1725372817
121,243,3.5,1608075491
121,861,3.5,1707047980
121,653,2.0,1686594174
121,213,3.5,1729045456
121,647,1.0,1518132664
121,702,3.5,1637939081
121,586,3.0,1677503413
121,716,5.0,1517730833
121,710,4.5,1512376801
121,317,3.0,1718348645
121,208,2.5,1631138194
121,119,3.5,1689517219
121,618,3.0,1668971918
121,94,3.5,1618428781
122,757,3.0,1697572168
122,396,2.0,1687778426
122,279,3.0,1559121278
122,579,3.0,1586711093
122,437,4.0,1586491125
122,632,5.0,1748395429
122,191,2.0,1722009794
122,476,3.0,1610794086
122,452,4.5,1729011121
122,81,2.5,1660905400
122,113,4.0,1626041576
122,651,2.5,1542070884
122,580,5.0,1668584751
122,666,4.0,1655682300
122,367,2.0,1680066069
122,141,3.0,1711243095
122,583,4.0,1687196654
122,713,3.0,1651232762
122,390,2.0,1722236375
122,229,2.0,1733337268
122,329,3.0,1633151330
122,211,3.0,1660275885
122,51,4.5,1677386216
122,712,3.0,1640512658
122,380,2.5,1656852143
122,608,3.0,1618866790
122,478,3.5,1665029582
122,737,3.0,1638189426
122,9,3.0,1539188317
122,184,4.0,1663934885
123,604,3.0,1756102479
123,251,2.5,1617320402
123,772,4.5,1644745082
123,623,5.0,1553557687
123,249,5.0,1633776002
123,854,5.0,1584660960
123,723,1.5,1555625912
123,879,4.5,1504282133
123,265,3.0,1739199111
123,283,4.5,1569304001
123,593,4.5,1532858615
123,462,4.0,1593059641
123,292,3.5,1561817210
123,232,4.5,1757020073
123,589,3.5,1523274282
123,277,4.0,1757123685
123,899,3.5,1675462023
123,420,5.0,1661790658
123,271,5.0,1686695600
123,18,5.0,1603463824
123,539,5.0,1654117067
123,778,4.5,1721619535
123,693,4.0,1698934311
123,857,2.0,1680752691
123,674,4.0,1753734657
123,717,5.0,1570819546
123,575,4.0,1567463706
123,176,5.0,1520021183
123,150,5.0,1631229424
123,230,3.5,1505454954
123,49,3.5,1523037527
123,608,3.0,1662012201
123,337,3.0,1649324020
123,513,5.0,1732377757
123,431,3.0,1663416348
123,132,4.0,1704817029
123,620,3.0,1534407140
123,741,3.0,1579661816
124,145,5.0,1602174364
124,755,4.5,1677579376
124,896,4.5,1681130487
124,365,4.5,1753055882
124,110,5.0,1501243838
124,140,3.0,1730985549
124,798,5.0,1542349072
124,118,2.5,1617253076
124,209,4.5,1536928307
124,752,4.0,1640172409
124,885,5.0,1693539930
124,473,3.5,1660172559
124,342,5.0,1601550512
124,880,5.0,1639250841
124,403,4.5,1675694268
124,886,5.0,1712895502
124,542,4.5,1708244869
124,724,5.0,1618802697
124,610,5.0,1545441864
124,402,4.0,1538911856
125,210,5.0,1515043341
125,304,5.0,1517539324
125,188,5.0,1668466103
125,196,4.5,1575628088
125,849,4.0,1650635120
125,418,5.0,1704778184
125,162,5.0,1526909602
125,687,4.5,1582136223
125,759,4.5,1548141526
125,139,5.0,1761614806
125,35,3.5,1735232231
125,879,4.0,1653569978
125,255,2.5,1534580548
125,200,5.0,1750083174
125,318,4.0,1641463319
125,469,3.5,1601105484
125,300,4.5,1520154066
125,272,2.5,1662187668
125,417,5.0,1611582884
125,213,5.0,1671013230
125,672,3.0,1531377611
125,111,4.5,1583303983
125,20,3.0,1622611056
125,309,5.0,1696823687
125,238,4.0,1525196250
125,680,5.0,1587708346
125,462,4.5,1586966125
125,732,4.5,1650501516
125,594,5.0,1726626262
125,426,4.5,1709832476
125,517,4.5,1681645149
125,760,5.0,1597267066
125,710,5.0,1740762810
125,691,5.0,1680804214
125,821,3.0,1585621813
125,674,4.0,1606821383
125,406,4.5,1607933520
125,801,4.0,1571659686
125,842,5.0,1582311978
125,554,3.5,1625505988
126,138,4.0,1669215647
126,339,3.0,1633747138
126,411,2.5,1530422079
126,588,4.0,1593179733
126,111,1.5,1649246898
126,221,4.0,1698746986
126,210,5.0,1613070051
126,899,4.5,1530091636
126,11,3.0,1542005801
126,236,3.5,1592900976
126,23,2.5,1623926097
126,225,3.5,1638681878
126,203,3.5,1761797719
126,260,3.5,1591604846
126,419,4.0,1626158119
126,480,3.5,1515592549
126,452,3.5,1616385464
126,70,4.5,1645413221
126,752,3.0,1570764948
126,709,1.5,1525054001
126,126,5.0,1568212560
126,687,3.5,1658916535
126,439,1.0,1746129900
126,803,3.0,1536561645
126,468,3.0,1508796910
126,374,2.5,1548783839
126,836,3.0,1743856906
126,449,3.5,1587533722
126,877,3.0,1587728243
126,438,1.5,1571083187
126,146,3.5,1657128202
126,795,3.5,1527981278
126,490,3.5,1700413849
126,625,4.0,1531401414
126,356,2.5,1735872412
126,769,4.0,1722042904
127,488,3.5,1745827611
127,658,4.5,1522529055
127,652,4.0,1626543797
127,708,4.5,1686109314
127,508,4.0,1723299996
127,329,3.5,1526841731
127,845,3.5,1539692967
127,267,5.0,1743961981
127,424,5.0,1526566384
127,109,4.5,1760238114
127,638,4.0,1656416289
127,806,4.5,1519356163
127,853,4.0,1621083334
127,616,4.5,1581094669
127,883,4.0,1689258690
127,188,5.0,1555603187
127,271,5.0,1635194376
127,52,3.5,1690567508
127,396,3.5,1595671898
127,369,3.5,1670907181
127,656,5.0,1558729366
127,555,5.0,1765209803
127,233,4.5,1554773536
127,550,3.0,1592698007
127,894,5.0,1594222399
127,452,4.5,1576292026
127,158,3.5,1764263960
127,808,3.5,1708204136
127,694,3.0,1636648231
127,481,4.5,1634096041
127,645,3.5,1618279120
127,152,4.5,1743956024
127,348,2.5,1597596637
127,518,3.5,1587805116
127,66,4.0,1511523405
127,185,3.0,1693658226
127,160,4.5,1655296021
127,325,4.5,1580344622
127,614,4.0,1577493001
127,42,5.0,1560659366
127,822,4.5,1701691920
127,599,4.0,1594568506
127,801,5.0,1702338148
127,705,3.5,1672068585
127,352,4.5,1639947794
127,395,4.5,1705353198
127,404,3.5,1603271220
127,777,3.5,1604850207
127,547,5.0,1500809453
127,289,3.5,1604959344
127,730,3.5,1608639408
127,261,3.0,1655637150
127,520,4.5,1658069636
127,743,3.5,1662157521
127,758,4.5,1737736432
127,151,5.0,1509943752
127,254,4.0,1663602422
127,498,4.0,1769618371
127,256,4.5,1767949991
127,643,3.0,1677486100
127,193,5.0,1506304781
127,463,3.5,1645471682
127,588,3.5,1749443613
127,788,5.0,1511172045
127,79,3.0,1589233375
127,814,4.0,1505542867
127,191,4.0,1700892272
127,103,5.0,1702681201
127,134,4.0,1687561689
127,87,4.5,1538317248
127,89,3.5,1668159678
127,49,3.5,1601719046
127,123,4.0,1740622883
128,438,3.0,1544944127
128,650,3.5,1576106759
128,674,4.0,1571844725
128,215,4.0,1514912643
128,164,2.5,1698043863
128,899,4.5,1584647319
128,613,4.5,1581018853
128,759,3.5,1653457858
128,325,3.5,1562827648
128,425,4.5,1538298155
128,239,2.5,1673183991
128,275,2.0,1720392336
128,190,2.5,1617234517
128,464,3.5,1522570867
128,510,4.0,1581408292
128,486,2.5,1670588647
128,327,4.5,1669546323
128,814,3.0,1715941935
128,175,5.0,1624871550
128,368,4.0,1734017544
128,581,4.5,1631191788
128,158,5.0,1748717448
128,18,3.5,1582769025
128,429,4.0,1719368434
128,83,4.5,1592535323
128,409,4.0,1659267573
128,358,3.5,1596575232
129,78,2.5,1592822705
129,344,3.0,1540946844
129,680,4.0,1699776749
129,266,3.0,1658952727
129,639,2.5,1560479969
129,527,1.5,1699978767
129,28,3.0,1582492200
129,662,3.0,1733775187
129,685,2.5,1723959120
129,565,3.5,1768168917
129,348,1.5,1715534019
129,100,3.0,1659962971
129,200,1.5,1504529097
129,210,5.0,1555824478
129,742,3.5,1558913677
129,110,3.0,1675404649
129,229,2.0,1640737422
129,671,4.5,1531400313
129,552,3.5,1709091578
129,779,4.5,1666056257
129,872,2.5,1664064905
129,42,3.0,1571707278
129,45,2.5,1500515393
129,280,2.5,1522860090
129,588,3.5,1708449329
129,548,3.5,1595381216
129,873,2.5,1769764815
129,230,4.5,1767269382
129,722,2.0,1737428028
129,877,3.5,1757935088
129,161,2.5,1631292831
129,66,4.5,1668404796
129,839,5.0,1675713676
129,658,4.5,1708153864
129,86,2.5,1715675331
129,182,1.5,1651273567
129,871,4.0,1714370292
129,156,3.5,1666855298
129,97,3.0,1563754471
129,849,3.5,1733723751
130,185,4.0,1582369012
130,115,4.0,1718104491
130,626,2.5,1649081042
130,145,3.5,1551826872
130,733,4.5,1586373748
130,447,2.5,1606924546
130,829,4.0,1559535582
130,149,4.0,1510685019
130,184,3.5,1530608653
130,77,4.5,1617757355
130,198,3.5,1731923394
130,188,4.0,1726692848
130,18,3.0,1720021156
130,313,5.0,1511240341
130,707,3.5,1590243439
130,66,4.0,1501144047
130,47,4.0,1533494281
130,292,3.0,1502889784
130,168,5.0,1686742775
130,627,4.0,1605607057
130,260,3.5,1586593870
130,545,3.5,1680743261
130,223,5.0,1603826427
130,815,5.0,1712616810
130,116,4.0,1601228114
130,289,3.5,1551733509
130,751,2.0,1502066332
130,498,3.5,1672746525
130,524,3.5,1524917927
130,582,4.0,1675362149
130,792,4.5,1596347086
130,883,5.0,1645037178
130,717,4.5,1631142418
130,887,4.0,1626134230
130,93,4.0,1501025958
130,483,4.0,1690738452
130,884,5.0,1586886554
130,630,4.5,1724374376
130,458,3.0,1591759876
131,547,4.0,1561227291
131,715,4.0,1716085418
131,443,3.0,1595043938
131,168,4.0,1713486394
131,843,2.5,1744209584
131,469,4.5,1556239834
131,775,4.5,1633053877
131,447,4.5,1733030666
131,250,3.5,1663586067
131,879,3.5,1558336482
131,233,3.5,1500440490
131,182,3.5,1539935461
131,865,4.5,1601936710
131,570,3.5,1583243198
131,212,4.5,1584208888
131,894,5.0,1607978206
131,514,4.0,1621122819
131,625,5.0,1581794732
131,395,3.5,1553230403
131,690,4.0,1620154798
131,809,5.0,1687543835
131,209,3.5,1600306257
131,220,5.0,1747543984
131,835,3.5,1533984297
131,496,3.5,1756018017
131,418,3.5,1674679991
131,765,5.0,1510621911
131,86,2.5,1718002134
131,518,2.5,1758921290
131,345,3.0,1764681832
132,774,5.0,1580893180
132,645,4.5,1709803373
132,741,2.5,1702330749
132,380,4.0,1697911797
132,846,5.0,1714347739
132,596,4.5,1706411945
132,172,4.5,1591705566
132,7,5.0,1689999618
132,651,4.5,1550573665
132,552,5.0,1574284581
132,536,4.5,1673770503
132,103,3.0,1740634871
132,877,3.0,1609596839
132,670,5.0,1665381953
132,833,4.5,1587245631
132,273,4.5,1684376820
132,254,3.5,1675100605
132,789,4.5,1619999076
132,77,4.0,1646473800
132,637,5.0,1733622230
132,131,3.0,1504849264
132,479,5.0,1738551958
132,622,4.5,1659913186
132,456,4.0,1573284858
132,420,3.0,1512066072
132,120,5.0,1738935370
132,472,4.0,1643944259
132,516,5.0,1755110061
132,712,4.5,1576621886
132,114,5.0,1721193894
132,361,5.0,1727123970
132,608,4.0,1663484067
132,430,3.0,1533784820
132,594,5.0,1735081145
132,874,3.5,1712792693
132,547,4.5,1760077030
132,659,4.5,1511593022
132,253,5.0,1502065471
132,555,4.5,1745502653
132,710,5.0,1664815892
132,307,5.0,1767378101
132,359,4.5,1636853816
132,677,3.0,1688948138
132,510,3.5,1652593008
132,183,2.5,1717769930
132,753,3.5,1648068788
132,692,4.5,1540409182
132,18,5.0,1603906665
132,734,3.5,1662279423
132,842,5.0,1560421901
132,750,3.0,1720628972
133,470,3.5,1500292468
133,532,4.5,1601980717
133,646,4.0,1522091706
133,352,5.0,1677102984
133,212,5.0,1759022825
133,409,5.0,1663810733
133,751,3.0,1627217568
133,596,3.5,1754330151
133,550,3.5,1640612660
133,828,3.0,1556900964
133,547,4.0,1686634036
133,110,4.0,1723335098
133,390,3.5,1627003474
133,300,5.0,1507821613
133,796,5.0,1580196339
133,599,3.5,1740023273
133,29,2.5,1698941814
133,272,2.5,1506831878
133,297,3.5,1525363552
133,324,4.5,1500339235
133,11,3.0,1614275157
133,812,3.5,1524655402
133,620,3.5,1685173980
133,171,4.0,1709582235
133,679,5.0,1716518463
133,656,3.0,1554665545
133,528,3.5,1691067505
133,826,4.0,1609148950
133,404,3.5,1509281099
133,897,3.5,1691897202
133,335,5.0,1707985170
133,176,3.5,1657187130
133,122,3.5,1552125551
133,856,2.5,1640155110
133,33,4.0,1602854746
133,168,5.0,1735297052
133,143,2.0,1657941899
133,41,4.0,1731924587
133,407,4.0,1740961356
133,410,3.5,1527802564
133,567,3.0,1769860103
133,617,5.0,1757618778
133,63,2.0,1510472028
133,19,2.0,1563519964
133,861,3.5,1753458953
133,558,4.5,1586970662
133,184,5.0,1722503673
133,278,2.5,1518747249
133,548,3.5,1516766481
133,854,5.0,1560665650
133,259,4.5,1609545778
133,368,3.0,1729634073
133,533,3.0,1699909914
133,107,4.0,1565968147
133,789,3.0,1525557978
133,227,3.5,1623977559
134,135,3.0,1662980044
134,616,3.0,1654926825
134,610,4.5,1674848281
134,45,2.5,1699912163
134,403,3.0,1619634881
134,496,4.0,1734651997
134,281,3.0,1675158208
134,682,3.5,1591655920
134,352,4.0,1551748398
134,433,2.5,1624425342
134,573,3.0,1620916304
134,411,3.5,1667793538
134,839,4.0,1503278478
134,384,2.5,1762582976
134,169,2.0,1543935187
134,309,4.0,1573647889
134,40,3.5,1654334204
134,387,2.5,1678787104
134,146,4.5,1686669025
134,807,2.5,1617124491
134,797,2.5,1554560787
134,130,3.0,1589240904
134,120,5.0,1530256223
134,332,3.5,1501784721
134,353,3.0,1633754328
134,626,3.0,1711734614
134,612,2.5,1568572267
134,447,3.5,1599232464
134,894,3.5,1549072459
134,490,3.5,1536501563
134,141,4.5,1753564898
134,323,3.0,1627146362
134,436,3.5,1576872604
134,787,3.5,1748740040
134,183,2.5,1765565065
134,189,2.5,1584317152
134,876,4.0,1728491553
134,186,3.5,1645330925
134,128,3.5,1632274669
134,624,3.0,1686028483
134,9,4.0,1672327516
134,340,4.0,1672458458
134,242,3.5,1674334878
134,221,4.5,1591788387
134,651,5.0,1597143915
134,664,3.0,1663892647
134,676,2.5,1591435116
134,302,3.0,1685905157
134,451,2.5,1575131382
134,813,4.5,1667840781
134,31,3.5,1554440400
134,265,2.5,1718012658
134,511,3.5,1562092426
134,315,3.5,1769700905
134,492,4.5,1675928163
134,399,3.5,1762665993
135,57,1.0,1658804589
135,345,2.0,1560202009
135,54,3.5,1747628542
135,542,2.5,1563931924
135,873,2.0,1691344613
135,653,3.0,1661211734
135,49,4.0,1746671961
135,372,3.5,1607072891
135,316,3.0,1639563604
135,614,1.5,1655362367
135,95,2.5,1609078497
135,265,2.0,1519674723
135,459,4.0,1678976678
135,466,4.0,1624214753
135,315,4.0,1762170382
135,276,3.0,1516259227
135,483,1.5,1619317165
135,236,2.0,1604816380
135,784,3.5,1567007807
135,375,5.0,1616916119
135,654,2.5,1726175817
135,220,2.5,1544638607
135,366,2.5,1536854939
135,791,2.5,1607932122
135,145,3.5,1628658927
135,305,3.0,1597828521
135,449,3.0,1729310458
135,895,3.5,1520097528
135,750,3.0,1754709956
135,762,3.0,1593996740
136,492,4.5,1691255135
136,557,2.5,1728092708
136,487,3.5,1756820886
136,202,3.5,1600927181
136,10,3.5,1657054802
136,293,2.5,1649903120
136,848,4.5,1704824800
136,569,2.5,1766590781
136,446,3.5,1547041885
136,189,2.0,1757263610
136,324,2.5,1737669038
136,701,1.5,1703420332
136,65,3.5,1587287304
136,321,4.0,1713401082
136,186,3.5,1535060032
136,126,4.0,1666640242
136,456,2.5,1620518872
136,709,2.5,1612689281
136,314,2.0,1712629755
136,419,4.0,1573310646
136,335,3.0,1637950336
136,852,2.5,1701901363
136,677,3.0,1730860733
136,218,3.0,1640656484
136,336,2.0,1683317287
136,747,4.0,1528270701
136,232,3.5,1515565574
136,495,3.5,1519827291
136,832,1.5,1560218415
136,826,5.0,1525890177
136,804,2.5,1682688759
136,525,1.5,1757531911
136,52,3.5,1622339478
136,104,3.5,1509106349
136,579,2.5,1625602314
136,885,3.0,1682740469
136,110,2.5,1587899636
137,680,4.5,1699024573
137,535,2.5,1735171161
137,298,4.5,1591642019
137,295,3.5,1699144346
137,175,4.5,1763216155
137,667,3.5,1676412244
137,302,2.5,1687115339
137,400,5.0,1567870365
137,284,3.5,1559679578
137,754,4.5,1527564099
137,527,2.0,1596180485
137,796,5.0,1577019085
137,530,3.0,1538363243
137,305,4.0,1736817720
137,635,4.0,1748442797
137,770,5.0,1539717004
137,860,2.5,1573905110
137,687,3.5,1660653107
137,630,4.0,1600680171
137,742,3.5,1742586844
137,469,3.0,1543996190
138,595,5.0,1589616616
138,542,3.5,1556568019
138,307,4.0,1739065873
138,269,4.0,1751261131
138,337,2.5,1525229752
138,831,4.0,1698860491
138,102,3.5,1669448755
138,809,5.0,1579353256
138,273,4.5,1728291169
138,814,4.0,1727074093
138,212,4.5,1611521963
138,436,4.0,1618654460
138,509,4.5,1700611921
138,779,4.0,1548012508
138,895,4.5,1668084065
138,164,4.0,1511095793
138,536,3.0,1749472876
138,401,2.5,1506382715
138,108,4.5,1670948777
138,85,4.0,1604775120
138,187,3.5,1567933780
138,744,3.5,1711829838
138,223,3.5,1510724096
138,654,4.0,1565250148
138,31,3.5,1565423378
138,215,3.0,1629456282
138,541,5.0,1542853157
138,515,4.0,1505602373
138,350,4.0,1633476731
138,771,4.5,1567457949
138,445,3.0,1754643548
138,870,5.0,1665020039
138,550,4.5,1572156046
138,117,4.5,1669194394
138,794,4.5,1687669529
138,84,3.0,1565102354
138,592,4.5,1630647167
138,252,4.0,1729024790
138,625,5.0,1522689526
138,504,4.5,1531713396
138,855,5.0,1676142030
138,552,4.0,1554258498
138,82,3.5,1769664077
138,282,5.0,1566044219
138,345,4.5,1522933245
138,591,4.5,1652153009
138,12,2.5,1675954222
138,841,4.5,1532747267
138,24,3.0,1572815269
138,756,5.0,1660705252
138,815,4.5,1613911883
138,633,4.0,1747518180
138,673,3.5,1610908983
138,888,3.5,1714995820
138,864,4.5,1537408516
138,738,4.0,1684281491
139,776,2.5,1632236814
139,412,4.0,1546143097
139,144,3.5,1679482522
139,451,4.0,1707143046
139,81,3.0,1701634527
139,223,3.0,1628531615
139,707,3.5,1761640502
139,358,3.0,1599824376
139,522,3.0,1691699613
139,738,4.5,1686142462
139,614,3.0,1562110684
139,411,2.5,1554364618
139,582,4.5,1703920136
139,252,4.5,1655787760
139,215,3.5,1632123573
139,362,4.0,1710929805
139,248,4.5,1522863902
139,818,3.0,1571953544
139,634,3.0,1628840533
139,62,3.5,1753154386
139,722,3.5,1761004653
139,8,4.5,1597555224
139,642,4.0,1745315506
139,342,3.0,1515125283
139,558,3.0,1585044620
139,330,3.0,1726465146
139,895,4.0,1703050117
139,770,5.0,1720041501
139,862,3.5,1502515770
139,441,3.5,1684208689
139,93,4.0,1633881651
139,376,3.0,1658369011
139,649,3.0,1595074024
139,299,5.0,1544134440
139,462,5.0,1702782040
140,722,0.5,1761244821
140,700,3.5,1725323878
140,423,2.5,1611954024
140,79,2.5,1726678001
140,36,1.5,1572112987
140,108,2.5,1555001670
140,639,3.0,1641356566
140,714,3.5,1639137105
140,473,2.0,1645270929
140,332,2.0,1743356949
140,650,3.0,1562308831
140,210,5.0,1623435606
140,343,2.5,1670181918
140,549,2.5,1613502353
140,894,3.0,1511600566
140,838,1.5,1721062741
140,651,4.5,1524107439
140,307,3.5,1724620928
140,420,2.5,1765910611
140,849,2.0,1715892942
140,272,2.0,1639655008
140,44,3.0,1501929397
140,383,1.0,1593254692
140,128,2.0,1592950187
140,39,1.0,1649368019
140,194,3.5,1743924479
140,686,3.0,1644752433
140,574,2.0,1671745571
140,560,3.0,1688229625
140,2,2.5,1560068245
140,139,3.0,1627307920
140,503,2.5,1676443309
140,220,2.0,1743564640
140,9,2.5,1572898896
140,271,3.0,1763582134
140,147,2.5,1566188603
141,658,2.5,1512451141
141,436,3.5,1600013525
141,826,5.0,1568567161
141,567,1.0,1712546122
141,574,3.0,1571532820
141,123,2.0,1687196590
141,808,3.0,1642006313
141,109,2.5,1589581607
141,776,2.0,1521216723
141,393,1.5,1640641967
141,860,4.0,1536410624
141,853,3.5,1591475117
141,841,2.5,1624899666
141,278,2.0,1545630009
141,795,3.0,1518710063
141,739,3.5,1691179454
141,785,3.5,1741704784
141,849,3.5,1747940565
141,36,3.0,1571914132
141,208,3.5,1503931401
141,313,3.0,1644166455
141,214,2.5,1650054603
141,605,2.5,1535586357
141,516,4.0,1510565763
141,779,4.0,1530385336
141,536,3.5,1765615767
141,67,2.5,1646088692
141,520,4.0,1553528596
141,506,3.0,1615476359
141,211,2.5,1585663678
141,562,4.0,1645343086
141,482,1.5,1699303345
141,454,4.0,1628955331
141,668,4.0,1540417444
141,766,3.0,1531942335
141,368,3.0,1759158960
141,525,3.5,1666197184
141,228,1.5,1553037843
141,750,3.0,1577547169
141,240,3.5,1577415919
141,220,2.0,1648738931
141,415,3.5,1749975736
141,291,3.0,1515118970
141,780,4.0,1754836216
141,487,2.0,1581080046
141,461,4.0,1709258638
141,15,1.5,1637309738
141,850,2.5,1718438731
141,258,2.0,1609890014
141,97,3.5,1598425749
141,239,3.0,1595271001
141,735,3.0,1700357169
141,9,3.0,1541944983
141,620,3.5,1766292757
141,13,3.5,1660281365
141,638,3.0,1577391592
141,116,2.5,1599601456
141,358,2.5,1655484585
141,198,3.0,1507510171
141,846,3.0,1642278699
141,653,4.0,1614882281
141,895,5.0,1592551896
141,430,2.5,1725064884
142,37,2.5,1749562476
142,198,4.5,1755441075
142,313,4.5,1668034413
142,392,3.5,1516119587
142,539,4.0,1532176014
142,442,4.0,1551421329
142,102,4.0,1765715036
142,705,4.5,1630671703
142,391,2.5,1573315893
142,221,5.0,1679067038
142,52,3.0,1506616536
142,487,3.5,1513956959
142,13,5.0,1747709487
142,153,3.5,1616064985
142,560,4.5,1747754722
142,409,5.0,1548036655
142,460,2.5,1601740558
142,712,2.5,1518579645
142,669,1.5,1742381648
142,174,4.0,1592162040
142,58,2.5,1586032335
142,156,2.5,1550210418
142,798,3.5,1558603260
142,36,2.5,1609625740
142,33,4.0,1704373199
142,609,3.0,1522149386
142,344,4.0,1753732706
142,799,5.0,1540571605
142,812,3.0,1709297814
142,243,3.5,1766080881
142,401,3.5,1576522922
142,822,3.5,1599663572
142,425,3.5,1564397825
142,739,5.0,1513395854
142,139,5.0,1636303913
142,72,5.0,1669765750
142,585,4.5,1649962943
142,370,3.5,1718781703
142,202,4.0,1560062251
142,420,3.5,1766276142
142,557,4.0,1559570842
142,598,2.0,1589756157
142,32,5.0,1536723402
142,11,5.0,1754455871
142,348,3.0,1503376202
143,417,5.0,1645812624
143,56,4.5,1663794435
143,149,3.0,1739486091
143,845,3.5,1754723958
143,231,3.0,1596794887
143,778,5.0,1701770917
143,309,5.0,1512135403
143,301,3.5,1611800213
143,878,4.5,1598049569
143,806,4.5,1725843476
143,135,4.0,1689581060
143,189,3.5,1669547202
143,370,3.5,1550666321
143,148,3.0,1620607674
143,96,3.0,1570088490
143,664,3.0,1752503681
143,407,3.5,1719566938
143,16,3.0,1542360622
143,351,3.5,1749977129
143,186,4.5,1661119224
143,220,4.0,1512942046
143,602,3.0,1571906625
143,277,4.5,1645142187
143,774,5.0,1685191690
143,85,3.0,1692785132
143,146,5.0,1688310464
143,751,5.0,1560100959
143,681,5.0,1705226923
143,748,3.0,1519893959
143,18,5.0,1570551945
144,328,2.0,1726184263
144,550,3.0,1568129838
144,596,2.0,1614833418
144,862,2.5,1748898168
144,94,3.0,1703672272
144,175,3.0,1531561258
144,825,2.5,1505192411
144,441,2.5,1768542769
144,554,4.0,1644544055
144,415,2.0,1667483080
144,776,2.5,1744913268
144,720,1.5,1638951805
144,293,1.5,1512689268
144,751,3.0,1623867543
144,622,2.0,1735322328
144,822,3.0,1547551063
144,549,3.0,1558806402
144,424,3.0,1517463874
144,262,3.5,1763440246
144,491,3.5,1656538630
144,570,3.0,1570131178
144,439,2.0,1546038844
144,811,3.0,1734710952
144,900,3.0,1661477638
144,527,1.0,1523414066
144,691,3.5,1527032473
145,623,4.5,1535389491
145,748,2.0,1589388850
145,641,2.5,1606999368
145,131,2.0,1763962235
145,854,4.0,1579663265
145,203,4.0,1507808691
145,805,4.0,1692886773
145,334,1.5,1676551866
145,236,3.0,1500799985
145,286,2.5,1611742874
145,554,3.0,1616932636
145,276,3.0,1501062112
145,523,3.5,1532727385
145,448,2.0,1511070914
145,277,4.5,1509756935
145,460,2.5,1702348454
145,41,3.5,1633501980
145,517,3.5,1656600310
145,162,5.0,1716523325
145,121,3.0,1743437152
145,230,3.0,1628458550
145,588,3.0,1559716092
145,541,3.5,1502592687
145,421,4.5,1501803181
145,327,3.5,1548308338
145,281,4.0,1565132149
145,443,2.0,1635357272
145,192,3.5,1563947205
145,152,3.0,1718073628
145,732,4.0,1501422769
145,877,2.5,1512424618
145,10,4.5,1549577495
145,173,5.0,1706417790
146,507,3.5,1648890422
146,207,4.0,1617638127
146,468,3.5,1633702960
146,760,3.5,1733303719
146,852,2.0,1563748426
146,596,3.0,1551958943
146,690,4.0,1631167506
146,545,1.0,1739266832
146,792,3.0,1544282149
146,592,2.0,1551604724
146,745,3.0,1545721518
146,471,3.5,1670907897
146,758,3.0,1549642796
146,734,2.0,1698309391
146,633,2.5,1639123601
146,46,4.0,1677020345
146,398,4.0,1769105740
146,10,3.0,1575978842
146,555,3.5,1665917767
146,815,4.0,1580574246
146,751,2.0,1509755540
146,345,2.0,1601529039
146,308,4.0,1639465228
146,557,2.5,1506463009
146,863,4.0,1536729264
146,85,3.0,1694894255
146,876,5.0,1609228155
146,888,2.5,1673915003
146,561,4.5,1628405301
146,436,3.0,1649107353
146,492,4.5,1721659472
146,265,3.5,1720716122
146,251,2.0,1516090734
146,42,4.0,1739700890
146,52,3.0,1672685411
146,24,3.5,1701359777
146,612,4.0,1634423275
146,836,3.5,1652140387
146,862,2.0,1646747349
147,734,1.5,1603430002
147,55,3.5,1720968461
147,98,2.5,1667274501
147,60,3.0,1585775559
147,564,2.5,1619329859
147,142,5.0,1684920251
147,274,2.5,1743972288
147,660,4.5,1509339863
147,739,4.5,1504521133
147,17,1.5,1658193978
147,830,2.0,1546809733
147,143,4.0,1585614996
147,724,4.5,1550842340
147,789,3.0,1574887708
147,553,4.5,1678249497
147,94,2.5,1557543366
147,706,3.5,1562381911
147,520,3.0,1724773297
147,156,1.5,1537282086
147,669,1.5,1594859393
147,228,2.5,1675752197
147,526,1.5,1685731333
147,458,3.0,1509609411
147,611,3.0,1654009308
147,786,3.0,1713450610
147,296,4.0,1561429983
147,2,3.0,1517022646
147,153,2.5,1532659071
147,401,2.5,1749456137
147,145,3.5,1592821246
147,35,4.0,1617608699
147,544,3.5,1529732663
147,355,2.5,1642003524
147,513,2.0,1728959629
147,72,3.5,1719257282
147,509,3.5,1512633450
147,269,4.0,1528874050
147,333,4.5,1545769883
147,140,2.0,1568605031
147,479,5.0,1630085406
147,233,3.0,1576946629
147,809,4.0,1746037865
147,368,3.0,1546528413
147,653,3.0,1515904649
148,131,1.0,1610035890
148,582,3.0,1665961642
148,753,1.5,1764042827
148,643,2.5,1579940489
148,438,2.0,1639303496
148,71,3.5,1626099406
148,360,3.5,1687755746
148,92,3.0,1726482082
148,129,3.0,1544600096
148,31,2.5,1763694366
148,671,4.5,1720027047
148,271,3.5,1590772486
148,546,2.0,1587607613
148,733,3.0,1670644590
148,384,3.0,1554522883
148,12,3.0,1567762556
148,510,2.0,1746341770
148,754,4.5,1598393878
148,440,2.0,1711656573
148,446,3.0,1743236450
148,770,4.5,1502036539
148,333,3.0,1710445139
148,230,4.5,1724576078
148,835,2.5,1707998207
148,791,4.0,1688485921
148,749,2.5,1714850026
148,773,4.5,1581949454
148,265,1.5,1569805039
148,320,2.5,1648209627
148,391,2.5,1541118082
148,743,2.0,1737259250
148,48,3.0,1719456599
148,897,2.0,1737295782
148,313,3.5,1644720261
148,182,1.5,1657545740
148,148,3.5,1754103678
148,451,2.5,1750762481
148,430,2.5,1543228631
148,225,3.5,1585708053
148,873,2.0,1532260318
148,650,3.5,1611504593
148,308,2.5,1694135540
148,393,2.5,1508077080
148,846,2.5,1519595483
148,26,3.0,1721610081
148,110,2.5,1558440061
148,637,3.0,1662837276
148,91,3.0,1768756796
148,341,3.5,1759508703
148,243,2.0,1661779166
148,8,3.5,1578154673
148,375,3.5,1567406329
148,512,3.0,1626322224
148,737,4.0,1668151731
148,762,3.5,1645961903
148,818,4.0,1612460978
148,641,3.0,1665141240
149,900,4.0,1543114951
149,757,5.0,1578786731
149,772,3.5,1748892985
149,388,4.5,1633722537
149,561,4.0,1501353692
149,157,5.0,1730336141
149,114,4.5,1625360284
149,155,4.5,1664670659
149,89,4.5,1620982412
149,345,4.5,1681120474
149,810,2.5,1654350500
149,653,3.0,1768673178
149,444,3.5,1769879751
149,864,5.0,1595976464
149,259,4.0,1534774672
149,620,4.0,1648835349
149,756,4.5,1725365224
149,770,4.0,1512454921
149,365,4.5,1717514214
149,168,4.0,1717514114
149,366,3.0,1639409465
149,263,3.0,1509817515
149,589,3.5,1686464231
149,805,4.0,1552795663
149,177,5.0,1554093235
149,18,3.0,1523484020
149,410,4.5,1597573519
149,676,2.0,1548913249
149,708,4.5,1586435069
149,284,3.5,1699216670
149,821,4.0,1666967973
149,290,3.5,1605266060
149,659,4.0,1649768675
149,839,4.5,1544163930
149,91,3.5,1600120041
149,785,5.0,1632679352
149,127,4.0,1515734397
149,104,2.5,1563599803
149,687,3.0,1715526065
149,728,4.5,1527357708
149,628,4.0,1666942885
149,505,4.0,1727570963
149,793,4.0,1502250178
149,201,4.0,1628697335
150,748,2.0,1766493049
150,658,4.5,1553097302
150,894,4.5,1750522635
150,518,3.5,1722769691
150,395,3.5,1524474429
150,55,2.5,1556351196
150,60,4.0,1708281086
150,208,3.0,1583530712
150,168,3.0,1690470276
150,64,1.5,1527342050
150,716,4.0,1638711613
150,207,3.5,1552893688
150,108,1.5,1652952022
150,609,3.0,1750535819
150,458,2.0,1676446250
150,564,1.5,1695774581
150,848,4.5,1505060323
150,607,2.5,1564682385
150,638,3.0,1541361242
150,619,4.0,1610613139
150,51,3.5,1734907604
150,83,3.5,1682925940
150,92,3.0,1619967496
150,827,3.5,1681299769
150,283,4.0,1588931846
150,34,1.5,1564091572
150,14,1.0,1512151436
150,215,2.0,1753697405
150,305,1.5,1589371710
150,487,2.0,1738177727
150,833,2.0,1501859244
150,120,3.0,1753227972
150,247,3.5,1573874412
150,110,3.0,1751245924
150,769,4.0,1530192599
151,109,4.0,1657389198
151,437,3.5,1604235985
151,29,4.5,1572452577
151,566,2.0,1614507735
151,707,1.5,1712204328
151,525,1.5,1599977681
151,114,4.0,1587117644
151,798,4.0,1565252188
151,631,2.5,1709757115
151,482,2.5,1520428708
151,855,3.5,1706400975
151,159,2.5,1705313763
151,133,2.0,1689199520
151,208,3.5,1744755647
151,694,2.5,1639361811
151,611,3.0,1713895163
151,777,2.5,1753488866
151,603,4.0,1510696134
151,649,4.0,1708807104
151,394,3.0,1737556792
151,258,3.5,1691398405
151,493,3.0,1535590901
151,503,2.5,1734575360
151,794,1.5,1563562387
151,124,1.5,1632020752
151,549,4.0,1695784539
151,203,3.0,1576255833
151,497,1.5,1548019176
151,347,1.5,1672794085
151,858,3.0,1529484256
151,233,4.0,1561976416
151,42,2.5,1718276834
151,459,3.0,1660090498
151,900,2.5,1577949159
151,430,2.5,1708518082
151,574,3.0,1539030319
151,885,4.0,1502368579
151,8,4.0,1757882032
151,187,4.0,1505178758
151,818,3.0,1616815390
151,294,3.0,1606099087
151,561,4.0,1695409567
151,16,3.0,1524921902
151,690,2.5,1638527539
151,741,1.0,1584042175
151,734,3.0,1651434802
151,563,2.5,1613752911
151,376,2.5,1560401322
151,804,3.0,1619255883
151,361,3.0,1573526379
151,477,3.0,1654918611
151,888,3.5,1657214556
151,513,2.5,1535411155
151,33,2.0,1618321330
151,174,4.5,1512662151
151,667,3.0,1505486228
151,264,3.0,1661827800
152,834,3.5,1677164634
152,16,3.0,1624915120
152,324,3.5,1666353849
152,879,5.0,1548702367
152,235,4.5,1550182615
152,48,3.5,1501685917
152,151,3.5,1674940266
152,104,4.0,1509167598
152,378,3.5,1563614660
152,73,4.5,1648250074
152,387,3.0,1767720836
152,488,2.5,1725813875
152,737,3.5,1639359165
152,374,5.0,1583466299
152,782,2.5,1763380264
152,827,5.0,1727894338
152,732,3.0,1565648296
152,564,4.0,1671829455
152,398,4.0,1753649308
152,716,5.0,1632490026
152,298,4.0,1680904042
152,414,5.0,1672309587
152,731,3.5,1559682379
152,814,4.0,1573452390
152,251,3.0,1540995475
152,237,2.0,1741076571
153,240,3.0,1534712920
153,607,2.5,1737051565
153,382,2.0,1554624265
153,784,4.0,1514665418
153,577,3.5,1747332437
153,510,1.5,1609293069
153,519,4.0,1532827576
153,101,2.5,1768457065
153,350,2.5,1749025034
153,371,3.0,1565768322
153,266,2.0,1694161405
153,159,2.0,1706305572
153,386,3.5,1641505449
153,875,4.0,1758065440
153,655,5.0,1623415960
153,47,3.0,1758317820
153,781,4.0,1532857271
153,688,3.5,1616239550
153,832,2.5,1552453698
153,613,4.0,1761282176
153,473,2.0,1670751887
153,165,4.0,1664763331
153,233,2.5,1622552013
153,752,2.0,1508560805
153,393,2.0,1599703580
153,20,2.0,1737458270
153,158,4.5,1659185902
153,303,3.5,1539135726
153,806,4.0,1661981528
153,300,4.5,1674116699
153,446,4.0,1746433812
153,777,1.5,1597210086
153,756,4.0,1705794776
153,863,3.5,1526741831
153,379,5.0,1586971825
153,791,3.0,1592748919
153,287,3.5,1678418733
153,433,3.0,1639350303
153,792,2.0,1711756510
153,474,5.0,1716265907
153,480,2.5,1579188764
153,145,3.0,1742058050
153,38,3.0,1599823893
153,367,3.0,1661199454
154,439,1.5,1516218624
154,257,3.5,1641329250
154,140,3.0,1711196600
154,11,2.0,1625496771
154,457,3.5,1594685188
154,669,2.0,1530888533
154,387,3.0,1679641783
154,700,3.0,1698919431
154,212,5.0,1626334875
154,148,1.5,1639429803
154,490,4.0,1503235418
154,70,2.0,1686215357
154,881,4.5,1513636168
154,855,4.0,1577733676
154,724,3.0,1754619281
154,347,1.5,1607382127
154,214,2.5,1724476488
154,745,3.5,1544994078
154,562,3.5,1675756440
154,411,3.0,1741254774
154,488,2.0,1730352141
154,428,2.0,1638175741
154,709,1.5,1504743023
154,142,4.5,1668722747
154,367,2.5,1602999786
154,619,3.5,1672694747
154,129,3.0,1720919099
154,224,3.0,1741716380
154,542,4.0,1531016646
154,442,3.5,1754310368
154,740,3.5,1768538335
154,517,3.5,1748771699
154,856,3.5,1768334231
154,487,3.5,1681999736
154,622,3.0,1684824206
154,54,3.0,1636736218
154,417,5.0,1585247164
154,688,3.5,1734255134
154,711,2.5,1541325339
155,540,4.0,1658123516
155,266,2.5,1584618704
155,151,2.5,1699688555
155,866,4.0,1561214047
155,186,5.0,1655128914
155,489,5.0,1643991390
155,216,5.0,1716975473
155,881,5.0,1624923934
155,413,3.0,1517384920
155,768,5.0,1701217555
155,858,4.5,1594339717
155,134,4.0,1555601224
155,467,4.5,1728079530
155,747,4.0,1504221752
155,212,5.0,1611309629
155,185,3.5,1596191803
155,62,4.0,1600491742
155,724,4.5,1515884923
155,181,4.5,1596734925
155,180,5.0,1721839714
155,659,5.0,1507470115
155,494,3.0,1551354578
155,106,2.0,1642883401
155,109,3.5,1598990794
155,780,4.5,1713417284
155,77,3.0,1644223725
155,856,4.0,1765995729
155,476,4.0,1541571076
155,851,3.5,1532507545
155,380,3.5,1726722134
155,667,4.0,1513568489
155,502,5.0,1538360962
155,437,4.0,1741901657
155,622,3.5,1749405055
155,124,2.5,1510375997
155,504,5.0,1615984322
155,110,4.5,1543156407
155,434,3.5,1714781708
155,169,4.5,1604162697
155,59,4.5,1739255565
155,799,3.0,1521119246
156,598,1.5,1674534798
156,204,3.5,1639645257
156,214,2.0,1532676959
156,190,1.0,1583898833
156,424,4.0,1687794249
156,856,3.0,1674509886
156,470,4.0,1558371670
156,188,3.5,1617566046
156,260,2.5,1620724194
156,287,4.0,1568301018
156,386,2.5,1748043666
156,592,3.0,1584827577
156,230,3.0,1764814953
156,874,3.5,1596734669
156,116,3.0,1546711335
156,884,5.0,1585934414
156,828,3.5,1563282553
156,452,3.5,1708100131
156,164,2.0,1619297372
156,577,5.0,1686864189
156,286,3.0,1525639882
156,802,4.5,1660237249
156,455,3.0,1730445376
156,444,3.5,1531943648
156,248,3.5,1567344359
156,569,1.5,1731094519
156,6,1.5,1725368370
156,553,4.5,1742967643
156,228,2.5,1712135335
156,34,2.5,1677772823
156,760,3.5,1592151462
156,408,3.0,1743533923
156,775,3.5,1589230331
157,501,3.0,1511650312
157,272,1.5,1591078090
157,639,1.5,1523941676
157,767,4.5,1505491952
157,642,4.5,1555449499
157,601,3.5,1592211520
157,383,2.5,1524941663
157,24,3.5,1589069007
157,464,3.5,1599949671
157,741,2.0,1541744032
157,1,4.5,1699395810
157,518,3.0,1660681746
157,880,4.0,1627880831
157,560,3.5,1517488265
157,446,4.0,1650051571
157,309,4.5,1639075370
157,836,4.5,1518572932
157,3,3.0,1620887523
157,429,4.0,1593068034
157,508,3.5,1584222941
157,373,4.5,1687097314
157,772,2.5,1603309270
157,423,2.0,1632750025
157,867,3.0,1610751087
158,251,2.0,1631857242
158,367,3.5,1603480851
158,69,3.5,1587081111
158,42,4.5,1658131701
158,158,3.5,1632225817
158,830,4.0,1711588472
158,384,4.0,1587623441
158,668,5.0,1729112206
158,825,3.5,1571007998
158,340,3.0,1503888264
158,353,3.5,1514308840
158,874,2.5,1686197367
158,61,3.0,1623744146
158,117,3.5,1565739225
158,634,3.0,1567820542
158,747,3.5,1644668343
158,232,3.5,1645074783
158,346,3.5,1548568494
158,291,3.5,1586807891
158,337,2.5,1530887369
158,816,1.5,1738548397
158,736,3.5,1678960422
158,700,3.0,1710894599
158,35,3.0,1668071155
158,876,5.0,1571885567
158,415,4.5,1530301979
158,595,5.0,1563299442
158,517,4.0,1576580846
158,833,3.0,1630312991
158,568,4.0,1766509686
158,828,3.0,1715547496
158,574,3.0,1606347642
158,292,2.5,1540401663
158,712,4.0,1758300471
158,803,4.0,1746845587
158,214,4.0,1665887746
158,639,1.5,1699552372
158,199,4.0,1649172369
158,774,4.5,1585927860
158,795,3.5,1535200761
159,610,5.0,1728558535
159,794,1.5,1564674438
159,888,3.0,1740823578
159,275,2.0,1622711851
159,657,3.0,1514200076
159,96,2.0,1502421000
159,580,3.5,1585007707
159,209,4.0,1644192625
159,459,3.0,1669331794
159,351,3.5,1573781405
159,638,3.0,1645213980
159,816,3.5,1532794451
159,101,2.0,1602570189
159,601,4.0,1589236182
159,136,4.0,1556851796
159,186,3.5,1533712594
159,406,3.5,1689962577
159,458,1.5,1623626177
159,78,3.0,1678168608
159,720,2.5,1690388241
159,235,4.0,1505332788
159,103,4.0,1670614923
159,494,2.0,1550512652
159,382,3.5,1645441434
159,238,3.5,1612680471
159,740,4.0,1574933228
159,411,4.5,1553884397
159,132,4.5,1556407664
159,434,3.5,1660799655
159,876,4.5,1627647922
159,281,2.0,1526504976
159,485,3.5,1737091107
159,327,5.0,1760443843
159,155,3.0,1747495065
159,684,4.0,1574978081
159,874,2.5,1640084831
159,521,2.0,1750255807
159,645,3.0,1568101971
159,409,3.5,1700983926
159,258,3.0,1634928695
159,393,2.5,1570487015
159,106,2.5,1582315957
159,146,3.0,1550156799
159,719,3.0,1769358002
159,27,2.0,1626844879
159,636,1.5,1636565109
160,754,3.0,1692885514
160,8,2.5,1603135823
160,310,4.5,1592232403
160,791,2.5,1672141757
160,556,2.5,1734743108
160,495,3.5,1756530850
160,505,2.5,1572464516
160,43,3.0,1717180812
160,442,3.5,1592288692
160,650,3.0,1509658016
160,392,3.5,1642875034
160,850,3.0,1713620175
160,589,3.5,1758908694
160,204,4.5,1567285651
160,214,3.0,1590345578
160,241,2.5,1694568783
160,776,4.0,1663822700
160,175,3.0,1616343397
160,604,3.5,1671198543
160,572,5.0,1700377491
160,441,3.0,1543031866
160,363,3.5,1710340719
160,98,3.0,1590609317
160,367,2.5,1585375348
160,894,5.0,1592671175
160,633,4.0,1598551728
160,59,3.0,1688099737
160,170,3.0,1504629353
160,349,2.5,1557063764
160,479,4.5,1598435836
160,734,1.5,1689337594
160,682,3.0,1717827321
160,297,3.0,1590195733
160,444,3.5,1660994556
160,282,4.0,1740100553
160,533,4.0,1592397273
160,342,2.5,1720755498
160,652,3.5,1601309123
160,516,5.0,1635265716
161,872,3.5,1545313080
161,174,3.0,1617900087
161,812,2.5,1631861036
161,167,3.5,1699037124
161,252,3.5,1607799491
161,281,3.5,1595367904
161,90,3.0,1572192377
161,295,4.0,1586072275
161,584,5.0,1659922368
161,588,3.5,1748936497
161,180,4.5,1550275894
161,609,1.5,1546623744
161,12,4.0,1619288843
161,807,4.0,1705257288
161,14,2.0,1503107956
161,621,1.5,1525113161
161,720,3.5,1725417074
161,671,4.5,1511418001
161,428,3.0,1577076496
161,404,3.5,1747714166
161,175,3.5,1760840629
161,852,3.5,1520010181
161,711,3.0,1671997762
161,455,3.5,1714734543
161,41,3.5,1650853534
161,138,2.0,1714873606
161,420,2.0,1559537523
161,409,4.0,1724404153
161,1,4.5,1529470401
161,269,4.0,1754477682
161,851,2.5,1734036225
161,351,3.0,1569685363
161,848,5.0,1709874820
161,860,4.0,1651064841
161,54,3.5,1617246506
161,595,4.5,1690046175
161,370,2.5,1505542317
161,441,3.5,1507905622
161,199,3.0,1674786069
161,190,2.5,1622551078
161,69,4.0,1748586714
161,489,4.5,1593127857
161,857,3.0,1607312544
161,292,3.0,1645694364
161,663,3.5,1727450330
161,20,2.5,1548389097
161,735,4.5,1738742679
161,238,4.5,1728498015
161,630,5.0,1578712324
161,77,2.5,1619685380
161,52,3.0,1559766700
162,118,3.5,1596669376
162,13,3.5,1524160746
162,659,4.0,1648951187
162,812,3.0,1730085090
162,633,2.5,1537291825
162,266,2.0,1754144743
162,290,3.5,1675982954
162,730,4.5,1682633218
162,96,3.5,1553733676
162,446,3.0,1736964244
162,307,4.0,1510615450
162,141,3.0,1546462237
162,205,3.0,1765436633
162,733,4.5,1601353516
162,102,2.5,1592575619
162,399,3.5,1660943019
162,358,3.0,1598114296
162,283,5.0,1522106395
162,837,4.0,1590570168
162,295,3.0,1654098664
162,120,3.5,1617678172
162,767,4.5,1739066645
162,202,3.5,1665169654
162,471,2.5,1643134458
162,183,3.5,1643515844
162,476,4.5,1541752133
162,482,3.0,1766400853
162,675,3.5,1590311495
162,398,4.5,1617587773
162,536,4.0,1644240160
162,371,3.0,1685408613
162,489,5.0,1729995843
162,431,4.0,1679981200
162,771,4.0,1605425673
162,33,3.0,1768963284
162,433,3.5,1708693093
162,880,4.5,1637185779
162,710,4.5,1740859222
162,214,4.5,1505787612
162,810,3.5,1588856323
162,258,2.0,1692701980
162,619,4.0,1657529682
162,300,4.5,1698493591
163,141,3.0,1508591780
163,429,5.0,1517449046
163,573,3.0,1618312662
163,582,3.0,1756063582
163,43,3.5,1541689411
163,288,3.0,1640579779
163,705,3.0,1729426981
163,479,5.0,1526795738
163,178,5.0,1663597828
163,203,4.0,1762384249
163,529,2.5,1720420515
163,445,3.0,1550392447
163,752,3.0,1657625308
163,724,4.5,1619254591
163,273,4.5,1744604128
163,65,4.5,1640619395
163,669,3.5,1648072955
163,13,3.5,1613966241
163,4,4.5,1745369565
163,610,4.5,1527503543
163,348,2.0,1712697137
163,233,3.0,1701421341
163,513,3.5,1544213679
163,896,5.0,1742328637
163,346,4.0,1688657889
163,641,3.5,1723143839
163,321,3.5,1637657575
163,494,2.0,1722314937
163,760,4.0,1750908677
163,275,4.0,1570530664
163,179,2.5,1708144553
163,94,4.5,1625541922
163,401,2.5,1716966801
163,744,4.0,1536047427
163,286,2.5,1697430519
163,241,2.0,1659415566
163,329,4.5,1546776444
163,799,4.0,1700127760
164,487,2.0,1665391370
164,713,2.0,1679594864
164,171,2.0,1522016912
164,591,3.0,1743965969
164,864,3.0,1706726843
164,113,2.5,1510970348
164,12,4.0,1655722592
164,796,2.5,1626802411
165,346,2.5,1525066950
165,38,2.5,1707882229
165,234,2.5,1752720274
165,723,3.5,1610190715
165,254,3.0,1722645759
165,455,3.0,1609709748
165,274,1.5,1663573791
165,436,3.0,1590817062
165,607,2.5,1758545146
165,522,4.5,1714643643
165,252,3.5,1512922693
165,217,2.0,1669067416
165,28,3.0,1673222927
165,406,4.5,1511761391
165,495,5.0,1662501867
165,661,2.5,1574115217
165,451,3.5,1574624474
165,682,3.0,1563322976
165,23,2.5,1744497064
165,838,3.5,1531505037
165,415,3.0,1640854389
165,483,2.0,1726874904
165,718,2.5,1541741446
165,811,3.0,1715539027
165,124,2.5,1737716728
165,562,4.5,1515966298
165,139,1.5,1718578918
165,188,2.5,1709784543
165,753,2.5,1610559300
165,431,3.0,1600297698
165,421,4.5,1532852336
165,879,3.5,1537435008
165,487,4.0,1715939757
165,589,3.5,1587434416
165,658,4.0,1507961815
165,288,3.0,1754780984
165,795,3.0,1602895526
165,84,2.0,1595193307
165,630,3.0,1542999127
165,17,2.5,1585758820
165,790,2.5,1763355616
165,525,4.0,1564423454
165,463,3.0,1582634343
165,521,2.0,1724776878
165,663,4.5,1673333154
165,520,3.5,1609561139
165,442,3.0,1625295158
165,337,3.5,1748920496
165,224,2.0,1548553007
165,515,3.5,1745640531
165,779,3.0,1503261923
165,338,3.0,1727036611
165,693,2.5,1665335291
165,613,3.5,1640882726
165,828,2.0,1592135462
165,847,3.5,1717553588
166,736,4.0,1534096350
166,713,4.0,1682524611
166,606,4.5,1735787911
166,549,3.0,1601925437
166,704,3.5,1501069316
166,681,5.0,1697495711
166,241,3.0,1638761556
166,90,4.0,1587191097
166,691,4.5,1645789645
166,790,3.0,1624554189
166,244,4.0,1649215790
166,335,4.5,1631725387
166,310,4.5,1529153967
166,656,4.0,1578757932
166,616,4.0,1540450370
166,709,2.5,1750132673
166,20,1.5,1559939512
166,116,3.5,1722417718
166,290,3.0,1753121739
166,368,4.0,1769508090
166,794,3.5,1502995946
166,580,5.0,1707427931
166,626,3.0,1702349416
166,429,4.5,1645534593
166,461,4.5,1619074745
166,28,3.5,1561148404
166,390,3.0,1684543913
166,614,4.5,1527812622
166,184,4.5,1555274161
167,871,3.5,1675153586
167,670,4.0,1516208518
167,524,3.0,1510329695
167,96,2.5,1745695365
167,337,3.0,1579083859
167,2,2.5,1681934309
167,205,3.0,1598704103
167,460,2.5,1750679348
167,794,3.0,1647967036
167,48,5.0,1547683434
167,118,3.5,1540405962
167,488,2.5,1724921194
167,56,5.0,1501171577
167,614,2.0,1727086919
167,160,4.5,1560308466
167,423,3.0,1706630040
167,646,2.5,1559151734
167,306,5.0,1592068263
167,44,2.5,1753536139
167,457,2.5,1718047174
167,50,3.5,1710406756
167,209,4.0,1571098731
167,32,4.5,1508351556
167,526,2.5,1517766999
167,645,4.0,1571655558
167,553,4.0,1508988873
167,33,4.5,1628906861
167,531,2.5,1564449683
167,656,3.5,1744968551
167,887,4.0,1530504247
167,880,4.5,1594076029
167,68,3.5,1726172564
167,466,3.0,1604484923
167,164,3.0,1642035967
167,412,3.0,1650651901
167,154,3.5,1644591952
167,542,3.0,1617221484
167,170,3.0,1675054046
167,616,3.0,1704808302
167,425,3.0,1598720051
167,564,3.0,1635872239
167,179,4.5,1679319112
167,667,3.0,1760142394
167,892,5.0,1503151261
167,789,3.0,1543606261
167,304,3.5,1595908074
167,853,3.0,1505879821
167,307,4.5,1658503132
167,863,4.0,1576560033
168,418,3.0,1690513911
168,611,4.5,1619349566
168,20,2.5,1728124113
168,600,4.0,1637354228
168,93,3.5,1769096967
168,160,3.5,1542498265
168,229,3.0,1736016734
168,470,4.0,1697147983
168,373,3.5,1649454848
168,255,2.0,1508733994
168,10,3.5,1630498053
168,188,4.0,1714806247
168,565,5.0,1646016682
168,273,4.0,1578850338
168,584,5.0,1563810564
168,463,3.5,1689127903
168,415,4.5,1742541870
168,843,3.5,1767583425
168,836,3.5,1633557205
168,722,3.5,1698340882
168,61,3.0,1648415403
168,256,4.0,1714783660
168,625,5.0,1720715082
168,386,3.5,1581749416
168,665,3.0,1606077914
168,780,4.5,1568275551
168,460,2.5,1623921125
168,1,4.5,1729720370
168,136,4.5,1520637518
168,773,5.0,1704633441
168,301,3.5,1716483614
168,249,5.0,1748889440
168,385,3.0,1718910524
168,326,4.0,1652312322
168,137,4.5,1539562102
168,865,3.0,1569443053
168,784,4.0,1700163305
168,707,4.0,1666651143
168,316,4.0,1760168646
168,44,3.5,1593511956
168,361,4.0,1572417681
169,538,3.0,1672129546
169,397,2.0,1756333977
169,189,3.0,1714650249
169,170,4.0,1749103436
169,421,5.0,1765983144
169,578,4.5,1742096467
169,635,2.5,1600551123
169,132,3.0,1699806676
169,12,4.5,1732909819
169,394,5.0,1506634277
169,427,3.5,1661656061
169,408,4.0,1565185817
169,75,1.5,1632638823
169,465,3.5,1636798439
169,583,3.5,1592699665
169,598,2.5,1526229220
169,418,5.0,1635006222
169,182,2.5,1632617501
169,194,3.5,1551349366
169,354,3.5,1675755766
169,387,4.0,1607450455
169,625,5.0,1601790396
169,605,3.0,1545439571
169,616,3.0,1583085008
169,674,1.5,1567675119
169,841,3.5,1716064203
169,159,3.5,1505284704
169,603,5.0,1515746943
169,755,2.0,1502372445
169,618,3.5,1535701121
169,811,3.0,1655473987
169,752,2.0,1659714181
169,562,5.0,1526666563
169,254,5.0,1750402152
169,221,4.0,1714155745
170,759,4.0,1729838274
170,668,5.0,1554924526
170,678,4.0,1640133389
170,233,5.0,1715112778
170,874,3.0,1567163815
170,35,3.5,1518229574
170,892,4.0,1698653819
170,292,3.0,1715982221
170,749,3.0,1570710508
170,578,3.0,1502315977
170,73,3.0,1545728014
170,223,4.5,1754400612
170,308,3.0,1695686948
170,122,3.0,1632072873
170,18,4.0,1501491508
170,210,5.0,1740824132
170,529,2.5,1719307032
170,832,3.0,1719601759
170,589,4.0,1553957695
170,508,3.0,1731183827
170,330,4.5,1678888353
170,156,2.5,1757854751
170,651,4.0,1582106456
170,864,3.5,1655896407
170,557,3.0,1503611832
170,482,3.5,1666226022
170,136,4.5,1633095030
170,34,2.0,1665009217
170,606,4.5,1763470754
170,628,2.5,1638312707
170,554,3.0,1564701521
170,446,4.0,1587706881
170,660,2.5,1670718331
170,336,4.0,1621084960
170,853,3.0,1538946015
170,688,3.0,1604244850
170,393,2.5,1758858682
170,305,4.0,1669516205
170,164,3.5,1717273908
170,761,3.0,1552040581
170,805,3.5,1506835835
170,684,3.5,1527825912
170,715,3.5,1766395689
170,139,3.5,1763169817
170,304,4.0,1766217151
170,12,4.0,1605467911
170,338,3.0,1591030902
170,636,2.0,1539338993
170,727,3.5,1766464629
170,665,3.5,1687696439
170,155,5.0,1533344986
170,57,2.5,1621201693
170,532,3.0,1724972383
170,188,3.0,1546257329
170,240,4.0,1596281696
170,345,2.5,1524153020
170,852,3.0,1578712123
170,238,4.5,1679060372
170,32,4.5,1538108523
170,584,5.0,1606448593
170,497,3.5,1759995440
170,437,4.5,1603818075
171,195,4.0,1538274839
171,306,2.5,1752982703
171,750,5.0,1518315902
171,189,5.0,1691813200
171,830,3.5,1548226267
171,301,3.0,1759481124
171,873,3.0,1628254312
171,318,2.5,1589366833
171,282,4.5,1686355027
171,867,4.0,1542121281
171,460,2.5,1643873104
171,294,4.5,1688804212
171,564,4.0,1705904309
171,624,5.0,1603393641
171,1,4.0,1637327943
171,799,3.0,1519885377
171,278,4.0,1539392664
171,506,3.0,1690061826
171,442,4.0,1500781482
171,27,3.5,1684851718
171,455,4.5,1685927376
171,768,4.5,1542441643
171,548,4.5,1551236912
171,426,4.5,1672314593
171,887,4.0,1742607526
171,132,3.5,1639893546
171,794,3.5,1645625435
171,231,3.5,1710668473
171,323,3.5,1696358073
171,68,5.0,1633614479
171,6,3.5,1562799487
171,709,4.0,1713874165
171,858,3.5,1525174418
171,482,4.0,1764085155
171,424,5.0,1753829820
171,330,5.0,1501445708
171,79,4.0,1527154086
172,849,2.5,1521424147
172,821,2.5,1628069161
172,13,3.5,1699580002
172,735,4.0,1714394135
172,319,3.0,1649626561
172,327,2.5,1511296706
172,320,2.5,1738808792
172,121,3.0,1506682742
172,553,3.5,1581363733
172,283,4.5,1710314960
172,19,2.5,1672709199
172,780,3.5,1584529167
172,255,3.0,1681433453
172,619,3.0,1548609913
172,808,3.5,1705157989
172,729,3.0,1651657740
172,560,3.0,1734789412
172,154,3.0,1610942547
172,183,4.0,1609373316
172,84,3.0,1627093446
172,824,2.5,1683902875
172,25,4.5,1724156319
172,698,2.5,1570948108
172,215,3.0,1607421180
172,603,4.0,1529792990
172,392,5.0,1601937541
172,404,3.0,1751482549
172,788,4.0,1661051100
172,165,4.0,1641544461
172,786,4.0,1511094451
172,757,4.0,1528680591
172,749,3.5,1731929603
173,611,3.5,1503763695
173,173,4.5,1755576750
173,43,4.0,1756305959
173,696,4.0,1646370778
173,733,4.0,1695076590
173,121,4.5,1649527092
173,614,2.5,1659056532
173,717,4.0,1757831017
173,630,4.5,1530443344
173,95,2.5,1573866262
173,554,5.0,1605595167
173,860,5.0,1542911156
173,741,1.5,1738259572
173,843,3.0,1534103880
173,710,4.0,1655303577
173,645,2.5,1709595212
173,289,1.5,1539421753
173,887,4.5,1681976950
173,228,2.0,1630932543
173,81,3.0,1646189583
173,205,2.5,1726143204
173,698,2.5,1760875013
173,877,3.5,1708029925
173,149,4.0,1719136783
173,831,3.0,1571012195
173,400,4.5,1718745467
173,388,4.0,1596530453
173,103,4.0,1633249845
173,99,2.5,1675404777
173,344,2.0,1701824230
173,551,3.0,1501490370
173,283,5.0,1695046322
173,567,2.0,1624601913
173,347,2.0,1507306509
173,575,4.0,1574017262
173,49,4.5,1706355627
173,352,4.5,1539552590
173,167,4.0,1661709207
173,820,4.5,1508828240
173,409,3.0,1569653566
173,247,2.0,1700773774
173,191,3.0,1761006134
173,674,2.5,1740745992
173,123,3.5,1503187757
173,115,3.0,1616008047
173,609,2.0,1708446365
173,672,1.5,1715438120
173,413,2.5,1525994584
173,34,3.5,1677513196
173,303,4.5,1527828048
173,466,4.0,1711189301
173,818,3.0,1626972136
173,701,3.0,1522296226
173,689,4.5,1712722548
173,163,3.0,1712498737
173,151,4.5,1628154311
173,19,2.0,1732987325
173,322,3.5,1504490217
173,232,4.0,1699160091
173,616,4.5,1523631337
173,482,3.5,1569398995
173,695,3.5,1547099697
174,639,3.5,1523084332
174,559,3.5,1571429571
174,602,3.0,1748822775
174,124,3.5,1687269633
174,12,3.0,1764675579
174,881,5.0,1658524965
174,222,2.5,1672701024
174,601,4.5,1638399724
174,45,2.0,1646755990
174,607,4.5,1573584708
174,122,2.5,1523538968
174,169,3.5,1671274044
174,61,3.5,1653453803
174,825,3.5,1651137690
174,759,2.0,1653176407
174,243,4.5,1676833291
174,655,5.0,1620865242
174,30,4.0,1548620608
174,147,2.0,1566762971
174,374,5.0,1508745619
174,139,4.0,1564840915
174,24,3.5,1708998290
174,623,5.0,1686756329
174,269,5.0,1688114726
174,348,3.0,1613473772
174,162,4.5,1652145740
174,706,5.0,1651929171
174,205,2.5,1677259368
174,786,3.0,1713748126
174,472,2.5,1718047135
174,776,3.0,1584235186
174,380,3.0,1590126659
174,583,3.5,1699176255
174,479,4.5,1580212842
174,713,4.0,1566221939
174,612,5.0,1764851011
174,376,4.5,1765773416
174,237,2.5,1528096027
174,879,4.0,1669059215
174,115,2.5,1718721865
174,589,3.0,1703949839
174,665,2.5,1506480899
174,845,3.0,1626021718
174,192,4.0,1719252070
174,402,2.5,1555055535
174,43,3.5,1725485284
174,51,3.5,1574914842
174,734,3.5,1666213581
174,547,5.0,1727127100
174,441,3.0,1516365628
175,885,4.5,1700478167
175,656,4.5,1569228725
175,158,4.0,1596230213
175,776,2.0,1637256451
175,432,2.0,1662254267
175,416,3.0,1540293942
175,17,3.5,1612307394
175,135,3.0,1631691726
175,202,4.5,1675233192
175,362,5.0,1665136522
175,819,3.5,1737478209
175,65,4.5,1642457776
175,375,5.0,1530394626
175,517,4.0,1701528547
175,374,3.0,1641849040
175,28,3.5,1696154841
175,73,4.0,1614779866
175,384,2.5,1552116110
175,204,3.0,1671731030
175,698,2.5,1751007686
175,5,3.5,1529213420
175,70,4.0,1671432493
175,452,4.0,1747086791
175,236,4.5,1566093232
175,696,4.0,1542923856
175,744,3.0,1713599260
175,651,5.0,1733392400
175,93,3.5,1661246080
175,434,4.5,1717226417
175,509,2.5,1615324209
175,829,3.5,1730685480
175,97,4.0,1677219867
175,324,4.5,1708490198
175,56,4.0,1566064835
175,356,3.0,1626192293
175,540,3.5,1604586902
175,451,3.0,1673016924
175,586,5.0,1765695348
175,64,4.0,1641649713
176,384,4.5,1547621621
176,704,4.0,1642463640
176,480,5.0,1631190124
176,51,3.0,1503210042
176,791,4.0,1553827531
176,191,2.5,1599647852
176,249,5.0,1588015909
176,764,3.0,1513708156
176,711,3.5,1693209483
176,490,4.5,1732189500
176,868,4.0,1762459498
176,486,4.0,1629866660
176,821,3.5,1616508437
177,218,1.5,1620170165
177,806,3.5,1681541689
177,699,4.0,1575533099
177,137,3.0,1525090178
177,216,5.0,1573369147
177,580,3.5,1627935518
177,882,3.5,1597904258
177,415,4.0,1511645313
177,297,4.5,1550423308
177,266,3.0,1634949046
177,41,5.0,1500071401
177,191,4.0,1535035477
177,890,4.0,1727246631
177,575,4.0,1601414308
177,330,4.5,1622381437
177,246,3.5,1594052903
177,782,3.0,1649733459
177,168,5.0,1657483072
177,836,4.5,1574249305
177,405,3.0,1614040947
177,824,1.5,1659409019
177,472,2.5,1765559985
177,386,3.0,1537904220
177,633,3.0,1580182097
177,881,4.5,1504881654
177,608,2.5,1759454362
177,669,2.0,1677918709
177,192,3.0,1672379651
177,265,2.5,1545152832
177,170,3.0,1676230925
177,450,3.0,1644272785
177,485,3.5,1683661667
177,243,3.5,1568095485
177,637,3.5,1708844947
177,727,3.0,1530912462
177,164,4.0,1737600582
178,565,5.0,1652657096
178,227,3.0,1631992342
178,128,2.5,1614591923
178,31,4.5,1583067601
178,4,5.0,1598948023
178,734,3.0,1732194501
178,853,4.0,1580824755
178,403,3.5,1568870328
178,808,3.0,1764550192
179,209,4.5,1520182890
179,78,4.0,1753895251
179,425,3.5,1659725093
179,744,4.0,1528800843
179,519,3.5,1571015362
179,717,5.0,1766319643
179,35,5.0,1645088633
179,408,4.5,1509933523
179,412,3.0,1733178516
179,306,5.0,1754070310
179,748,3.0,1696937073
179,490,4.5,1589659845
179,29,4.5,1729795586
179,822,4.5,1743440414
179,454,5.0,1725618925
179,4,4.5,1573937918
179,213,4.0,1699313469
179,572,5.0,1501299418
179,371,4.0,1730693388
179,54,5.0,1585846212
179,244,5.0,1507405274
179,388,5.0,1521480110
179,817,3.5,1631592571
179,36,3.0,1717345730
179,344,4.0,1602494170
179,630,4.5,1691571741
179,321,5.0,1716648887
179,174,4.5,1640859974
179,639,3.5,1720988436
179,516,5.0,1538103754
179,816,3.0,1651786563
179,312,4.5,1740419736
179,139,5.0,1643487229
179,646,3.5,1669147236
179,295,5.0,1760758851
179,87,3.5,1612133960
180,602,2.0,1554140375
180,716,3.5,1584261070
180,789,3.5,1540066586
180,585,2.5,1556011418
180,696,3.5,1676922750
180,497,2.0,1654788816
180,767,3.5,1682232370
180,589,4.0,1622394989
180,859,3.0,1635011133
180,555,5.0,1508742212
180,726,3.5,1502192456
180,285,4.0,1539317316
180,863,5.0,1597953439
180,613,3.0,1741822777
180,809,5.0,1734578971
180,80,2.0,1587697356
180,264,2.0,1573804002
180,614,2.0,1603674366
180,724,4.0,1663308499
180,519,3.0,1767204795
180,438,1.5,1661153193
180,36,3.0,1592677336
180,604,4.0,1586766610
180,758,3.0,1683077248
180,636,3.0,1713509091
180,323,3.0,1747548573
180,834,3.5,1763976838
180,322,4.0,1534474616
180,15,2.5,1769072704
180,888,4.5,1575883381
180,289,3.5,1569131723
180,612,4.0,1610074398
180,720,3.5,1741726787
180,820,5.0,1759350995
180,678,4.0,1531035743
180,213,3.0,1677074943
180,147,2.5,1655758655
180,844,3.5,1536181092
180,427,3.0,1708269857
180,794,1.5,1526562169
180,894,5.0,1706383740
180,447,3.0,1541357835
180,304,4.0,1607335801
180,222,1.5,1637126400
180,131,3.5,1698684050
180,135,2.5,1715185406
180,764,2.5,1664254229
180,228,3.0,1751007888
180,605,3.5,1645502015
180,391,2.5,1710139331
180,104,3.0,1513154099
180,134,3.0,1674250739
181,581,3.5,1738786236
181,794,4.0,1582766862
181,816,3.0,1608088551
181,397,3.0,1712048688
181,198,4.0,1564064912
181,695,3.0,1527216827
181,555,4.0,1531865423
181,248,3.5,1575542500
181,4,4.0,1723972258
182,136,5.0,1662423095
182,8,4.0,1639592937
182,102,3.5,1536888984
182,429,4.0,1753569194
182,331,2.5,1658970755
182,365,3.0,1502651216
182,327,4.0,1577159246
182,751,2.5,1608295713
182,461,4.0,1608228300
182,701,2.5,1718257294
182,519,5.0,1728599963
182,417,3.5,1509120665
182,285,3.5,1625295577
182,339,4.5,1670873884
182,512,3.5,1752303549
182,682,2.5,1522493043
182,536,4.0,1534103635
182,409,4.5,1743006726
182,336,2.0,1510672915
182,770,4.5,1631614120
182,777,3.0,1719155678
182,368,3.5,1604145369
182,506,4.5,1524471578
182,361,4.0,1660148078
182,103,3.5,1643763918
182,177,2.5,1582615256
182,261,3.0,1613902941
182,482,2.0,1720767891
182,442,4.0,1532621960
182,282,3.5,1593071120
182,6,2.0,1524278461
182,54,3.0,1678662340
182,396,3.0,1526044328
182,537,2.5,1619904124
182,458,2.5,1516319153
182,346,3.5,1649237774
182,534,3.0,1537131673
182,806,3.0,1614134015
182,829,2.5,1644479917
182,425,3.0,1506504720
182,828,3.0,1732603809
182,544,3.5,1535548125
182,877,2.5,1755352122
182,299,3.5,1760270148
182,700,2.0,1761444682
182,59,2.5,1572439706
182,366,3.0,1646424015
182,74,4.0,1680729731
182,392,3.5,1582064247
182,362,4.0,1644271262
182,262,3.0,1558795888
182,333,4.5,1612605946
182,110,3.0,1694657874
182,158,3.5,1708971955
182,180,5.0,1645117175
182,263,2.0,1507077309
182,883,2.5,1660429972
183,363,2.5,1575114709
183,772,4.0,1678307469
183,789,3.5,1650520711
183,387,3.5,1509428653
183,770,5.0,1751601243
183,708,4.0,1602654978
183,504,3.0,1667599773
183,307,3.5,1582444506
183,522,3.0,1521941390
183,15,2.5,1622061721
183,587,3.0,1551737734
183,330,3.5,1736233133
183,511,3.5,1746872749
183,656,4.0,1752954777
183,655,4.0,1653385497
183,229,3.0,1734497899
183,258,2.0,1747108727
183,694,2.5,1694655532
183,20,1.5,1696118754
183,345,2.0,1561030832
183,599,3.5,1665765641
183,849,1.5,1535805901
183,644,2.5,1728363797
183,780,2.5,1643508169
183,562,4.0,1585344710
183,47,2.5,1608161554
183,144,3.5,1501982958
183,674,3.0,1768897301
183,443,2.0,1569329597
183,2,2.5,1671798692
183,173,3.0,1712832693
183,735,4.0,1648419954
183,632,3.0,1556919692
183,257,4.5,1725638594
183,277,3.5,1585455627
183,151,4.0,1631368320
183,667,3.0,1617995152
183,893,3.0,1590363570
183,829,3.0,1730512452
183,878,3.0,1516711700
183,46,2.0,1693592702
183,821,2.0,1702262826
183,239,3.5,1650297484
183,93,2.0,1588984393
183,544,4.5,1746556149
184,529,3.5,1512564696
184,215,4.0,1725705076
184,102,3.5,1582013770
184,870,5.0,1626468836
184,455,2.5,1571681692
184,198,2.5,1747050923
184,717,3.5,1577530450
184,3,3.0,1618145742
184,394,4.5,1754346454
184,413,3.5,1563912933
184,187,3.0,1741758326
184,864,4.5,1769824291
184,605,2.5,1514482022
184,219,3.0,1581338291
184,673,2.5,1591946021
184,658,3.0,1622406025
184,698,2.0,1753148776
184,89,3.0,1530394422
184,381,3.0,1519279874
184,95,3.0,1730002628
184,832,2.0,1669843624
184,543,4.5,1646422263
184,818,3.5,1740529442
184,783,2.5,1529865495
184,93,3.0,1650628780
184,480,3.5,1750190139
184,554,4.0,1739781666
184,513,3.0,1673388242
184,154,4.5,1639312682
184,302,3.5,1537903792
184,798,3.0,1738998838
184,151,3.0,1725871937
184,391,2.5,1766502494
184,844,4.0,1668556096
184,371,3.5,1668510111
184,842,3.5,1608729807
184,349,3.0,1541550547
184,577,3.0,1521362922
184,320,3.0,1742898128
184,425,3.0,1612813190
184,638,4.5,1748447166
184,562,3.5,1535599327
185,617,4.0,1514955778
185,60,4.0,1679175103
185,572,5.0,1547360476
185,595,4.0,1553562689
185,310,4.0,1583046572
185,379,4.0,1707751087
185,523,3.0,1552769820
185,624,4.5,1571841432
185,781,3.5,1514255479
185,730,2.0,1762236921
185,643,3.5,1503781095
185,400,3.5,1715709344
185,172,2.0,1708318782
185,415,3.5,1519675204
185,847,3.5,1563577164
185,564,3.5,1525273371
185,216,2.5,1744105320
185,518,3.0,1570842893
185,270,4.5,1617814209
185,525,2.5,1758260481
185,454,4.0,1578777520
185,421,4.0,1577297882
185,211,3.5,1708103103
185,538,3.5,1623999879
185,24,3.5,1620207384
185,882,2.0,1647586327
185,160,3.0,1734429455
185,18,3.5,1663095030
185,702,4.5,1743804578
185,491,4.0,1524814267
185,409,4.0,1630250471
185,82,4.5,1669749361
185,155,4.0,1523750482
185,244,3.5,1725874008
185,608,2.0,1763512240
185,698,4.0,1676041922
185,112,2.5,1747090363
185,185,3.5,1722138769
185,118,2.0,1620949737
186,708,4.5,1756861132
186,457,2.0,1619530919
186,14,1.5,1647021269
186,820,3.5,1650407979
186,499,3.5,1641415837
186,453,3.0,1524004828
186,242,3.0,1667063295
186,758,4.0,1697377628
186,104,2.0,1612333033
186,785,4.0,1556194615
186,175,4.0,1540990046
186,861,4.0,1667161910
186,825,4.0,1534301435
186,674,3.5,1665661598
186,224,4.0,1759521932
186,103,3.0,1527598524
186,331,4.5,1554977045
186,338,3.0,1581810740
186,349,2.0,1621773985
186,648,3.5,1673250433
186,44,3.0,1526424555
186,698,3.5,1606543162
186,865,4.0,1715068526
186,787,3.5,1738354358
186,326,4.0,1561112464
186,451,3.0,1674106885
186,693,3.5,1711282303
186,34,3.0,1540076223
186,367,4.0,1520118960
186,131,2.5,1735101452
186,660,3.0,1741771357
186,96,3.0,1739663839
187,310,5.0,1617375974
187,824,4.0,1767688735
187,797,4.5,1611836984
187,643,3.5,1563901172
187,274,3.5,1690625268
187,366,4.5,1767479539
187,437,5.0,1696522395
187,525,2.5,1743205754
187,299,3.5,1585988980
187,270,4.0,1579082232
187,422,5.0,1735784174
187,485,4.0,1625370860
187,589,3.0,1556081849
187,830,3.5,1711260211
187,301,4.0,1611871714
187,26,3.5,1520264657
187,780,4.0,1573393020
187,238,3.0,1547635610
187,840,3.0,1677933371
187,791,3.5,1697723520
187,434,4.0,1663369698
187,744,3.0,1587873641
187,877,3.0,1621745492
187,438,2.5,1621675965
187,306,4.0,1593979437
187,834,3.0,1661107392
187,23,3.5,1548570836
187,68,4.5,1701817970
187,443,3.0,1700171400
187,224,4.0,1537029364
187,138,3.0,1686272450
187,628,3.5,1636520630
187,327,4.5,1632842757
187,492,5.0,1732390179
188,213,3.0,1568967234
188,308,3.0,1567310155
188,299,3.0,1717469278
188,814,2.5,1654949278
188,394,4.0,1629581326
188,867,3.0,1608062662
188,483,1.5,1515393055
188,727,2.5,1581369579
188,261,1.5,1728037194
188,399,3.5,1686767120
188,181,4.0,1515875353
188,745,3.0,1706411203
188,126,4.5,1600483227
188,354,1.5,1562585757
188,761,3.0,1601257941
188,648,1.0,1723132205
188,587,2.0,1702460237
188,366,3.0,1742891077
188,558,2.5,1746788659
188,291,2.5,1566096478
188,666,2.5,1702697718
188,85,3.0,1723063355
188,643,2.0,1722190973
188,499,1.0,1733811245
188,275,2.0,1541854200
188,759,2.5,1500802977
188,625,4.0,1574920255
188,118,1.5,1668280893
188,435,3.5,1711611060
188,66,3.0,1629122990
188,453,2.5,1649188290
188,4,4.0,1593359745
188,345,3.0,1517218322
188,14,1.0,1572170094
188,166,3.0,1568722667
188,170,2.5,1571747166
188,79,2.0,1618208358
188,526,0.5,1644238355
188,681,2.5,1521269662
188,97,3.5,1538853631
188,415,4.0,1612075436
188,579,2.0,1734998125
188,566,2.5,1727298644
188,74,5.0,1618491277
188,662,1.5,1726009782
188,855,4.5,1762112269
188,294,2.5,1692244573
188,102,4.0,1508667997
188,234,2.5,1550351696
188,807,3.0,1754666316
188,782,1.5,1742847916
188,858,3.0,1538744264
188,281,2.5,1675770372
188,684,1.5,1580380276
188,492,3.0,1663439120
188,396,2.5,1648218340
188,716,2.5,1716683999
188,60,2.5,1564584299
188,723,2.0,1647289362
188,605,3.0,1657714253
188,262,2.5,1514442782
188,837,4.5,1588156667
188,576,0.5,1613434785
188,209,3.5,1631701537
188,711,3.5,1688152777
188,831,1.5,1533644149
188,461,3.5,1745844579
188,295,4.0,1663233159
188,27,2.0,1712307155
189,890,5.0,1637341232
189,829,3.5,1714388767
189,386,3.0,1758294578
189,834,2.5,1575527989
189,54,5.0,1596941673
189,113,5.0,1622779058
189,563,4.5,1500426072
189,393,3.5,1661431744
189,253,5.0,1751696887
189,502,5.0,1629493443
189,770,4.5,1625319175
189,132,4.0,1535489680
189,389,4.0,1635662413
189,224,2.5,1693916272
189,69,4.0,1648172791
189,582,2.5,1702921388
189,599,2.5,1544931824
189,802,3.0,1700677710
189,769,3.0,1758880086
189,366,3.5,1656986804
189,753,3.5,1606285975
189,659,4.5,1579895467
189,391,2.5,1691984025
189,628,4.0,1549818932
189,649,4.5,1561448476
189,343,4.5,1639969957
189,365,4.0,1745880668
189,597,3.5,1750480730
189,777,3.0,1670088850
189,162,4.0,1614705833
189,655,5.0,1534106155
189,188,4.0,1571947724
189,498,5.0,1504336431
189,702,3.5,1655431232
189,450,3.5,1507496870
189,385,2.5,1672996268
189,872,3.5,1653230958
189,270,4.0,1630921458
189,832,2.0,1736659278
189,95,3.5,1766044828
189,306,4.5,1733778680
189,623,5.0,1728130346
189,47,3.0,1550873125
189,27,3.0,1604324314
189,222,3.0,1527792477
189,879,4.0,1700776803
189,812,3.0,1769535212
189,561,3.5,1527701624
189,332,2.5,1532091213
189,3,3.5,1553636233
189,184,5.0,1757925273
189,761,4.5,1630571714
189,821,4.5,1546049620
189,352,4.5,1667514382
189,66,5.0,1610665429
189,747,3.0,1545262368
189,740,4.0,1674253521
189,214,5.0,1549445386
189,852,3.0,1534855224
189,801,5.0,1634309338
189,278,3.0,1622857517
189,799,3.0,1732537129
189,296,5.0,1758439503
189,700,4.5,1721487598
190,498,4.0,1538709466
190,818,3.5,1699870451
190,562,5.0,1641346272
190,80,1.0,1596210410
190,468,3.0,1605321154
190,100,3.0,1506569892
190,47,3.0,1717027050
190,630,4.0,1517845789
190,688,4.0,1528343474
190,416,3.0,1599152641
190,647,2.0,1604817431
190,538,4.0,1529114422
190,328,4.5,1599331578
190,434,5.0,1769617919
190,309,4.5,1731787149
190,132,3.0,1679980940
190,339,3.5,1679925418
190,780,4.5,1510129081
190,466,3.0,1675256638
190,860,4.5,1574144775
190,55,4.5,1590301515
190,417,5.0,1654783442
190,658,4.5,1551312208
190,668,5.0,1551452439
190,858,3.0,1655303921
190,3,4.5,1582357363
190,147,2.5,1514661139
190,885,4.5,1716743282
190,439,2.5,1719503787
190,842,5.0,1757912582
190,593,5.0,1519686083
190,673,3.5,1555349670
190,203,3.5,1669134253
190,251,3.0,1540473552
190,829,3.0,1637489717
190,739,4.0,1671669039
191,412,4.0,1664683699
191,435,5.0,1612246775
191,256,3.0,1620058918
191,211,4.5,1554239396
191,870,4.5,1603317099
191,758,5.0,1622312572
191,532,4.0,1593581602
191,145,4.0,1695215498
191,132,4.5,1597461111
191,139,5.0,1703384113
191,874,4.5,1562676304
191,140,2.5,1615253971
191,285,5.0,1584999479
191,39,3.0,1630597592
191,33,4.0,1636452710
191,328,4.5,1680139012
191,238,3.0,1721040725
191,890,5.0,1652099949
191,602,4.0,1678915758
191,134,3.5,1567774808
191,189,3.5,1616274609
191,681,3.5,1663358692
191,181,3.0,1599681073
191,49,4.5,1768756128
191,382,3.0,1714602234
191,387,4.5,1660202832
191,144,3.0,1659960177
191,671,4.0,1737682651
191,29,3.0,1729886401
191,98,5.0,1502671752
191,680,5.0,1593019673
191,757,5.0,1641577625
191,629,4.0,1730880495
191,776,3.0,1730531711
191,48,4.5,1603791471
191,871,3.5,1643678838
191,78,3.5,1593344477
191,117,2.5,1529264171
191,777,2.5,1691453129
191,213,4.0,1632884795
191,263,2.0,1734755076
191,548,4.5,1743641180
192,587,3.0,1698359798
192,564,3.5,1617668948
192,653,3.0,1633795528
192,641,3.0,1717067529
192,370,2.5,1699109362
192,182,2.5,1585498817
192,637,4.0,1654910660
192,484,3.5,1737045388
192,851,3.0,1645381914
192,238,5.0,1711423354
192,365,3.5,1733164238
192,415,3.0,1670607234
192,855,4.5,1625265535
192,793,3.5,1681496657
192,95,2.5,1611872263
192,343,3.5,1718894153
192,705,2.5,1568333901
192,393,2.5,1682044274
192,414,3.5,1634132713
192,380,2.5,1582729646
192,834,3.5,1655497205
192,341,4.0,1608742115
192,577,3.5,1708444033
192,868,3.5,1765135927
192,68,3.5,1580924993
192,274,2.5,1659885648
192,500,4.0,1555436085
192,783,3.5,1681867576
192,400,4.5,1754917623
192,162,5.0,1543914008
192,379,4.5,1584103098
192,807,3.0,1745707870
192,253,4.5,1724598726
192,894,3.5,1605503572
192,655,5.0,1620584186
192,524,3.5,1673936280
192,63,3.0,1645735460
192,635,3.0,1614086403
192,427,4.5,1653877510
192,308,3.5,1720559608
192,108,3.5,1676374773
192,273,4.0,1768548891
192,485,2.5,1730406689
192,802,3.5,1632258688
193,403,2.5,1754468116
193,749,3.0,1570222031
193,552,4.0,1703763766
193,151,4.5,1531638192
193,304,4.0,1753150928
193,580,3.0,1589145359
193,482,3.5,1502183413
193,605,5.0,1551227587
193,655,5.0,1647032664
193,243,4.0,1727425114
193,631,2.0,1758757581
193,624,4.0,1510253691
193,771,4.0,1575128621
193,778,3.0,1707552946
193,560,3.0,1647692379
193,807,3.0,1611672600
193,674,3.0,1563256619
193,80,2.0,1570767591
193,426,5.0,1565759217
193,99,2.5,1653263209
193,363,3.5,1713799119
193,882,3.5,1605473290
193,230,3.5,1659907113
193,690,4.0,1737308522
193,513,4.5,1713062903
193,86,2.5,1598753935
193,104,3.5,1673578273
193,404,4.5,1649234627
193,801,5.0,1577389853
193,528,4.0,1588287231
193,672,3.0,1708628257
193,202,4.5,1659202490
193,712,4.0,1684937357
193,473,3.5,1717679406
193,91,3.0,1610120178
193,30,3.5,1602679203
193,251,3.0,1558457062
193,24,3.5,1746965715
193,510,4.0,1574461111
193,826,5.0,1661370086
193,214,3.0,1506092496
194,518,4.0,1514785369
194,867,3.0,1560982400
194,681,5.0,1715474269
194,82,3.5,1632552630
194,684,3.5,1646087221
194,113,4.0,1518193132
194,186,4.0,1543649657
194,658,3.5,1604522014
194,424,5.0,1621559070
194,720,3.0,1624352085
194,393,2.0,1646123037
194,736,3.5,1645973509
194,300,4.0,1615665709
194,581,3.5,1755678350
194,472,2.0,1725089601
194,91,4.5,1758788518
194,636,2.0,1610122153
194,420,3.5,1646905043
194,463,3.5,1553896938
194,689,4.5,1651100627
194,27,3.0,1524476199
194,422,4.0,1642433033
194,699,4.0,1547572616
194,564,2.5,1533326980
194,230,4.0,1538203073
194,224,1.5,1733088069
194,337,2.5,1765012261
194,226,3.5,1616237991
194,615,5.0,1520238549
194,114,5.0,1539681970
194,34,3.0,1634778975
194,108,4.5,1548930897
194,399,3.0,1555689347
194,111,2.5,1714993554
194,174,3.5,1505595224
194,359,3.0,1651894619
194,805,4.0,1544580675
194,792,4.5,1513376290
195,40,4.0,1766026193
195,155,3.0,1562280316
195,543,3.5,1609134139
195,576,1.0,1572601905
195,851,2.5,1552485070
195,428,3.5,1666127760
195,874,2.5,1508710105
195,122,2.5,1572670180
195,414,4.0,1662916221
195,558,3.0,1749070760
195,34,2.0,1502312897
195,766,2.0,1586743291
195,75,1.0,1547386859
195,898,3.0,1655331884
195,636,2.5,1549400521
195,617,2.5,1564011710
195,41,3.5,1571146138
195,253,5.0,1746625915
195,299,3.5,1660564107
195,148,2.5,1670249169
195,125,3.5,1573399615
195,866,3.0,1760156303
195,789,3.0,1540309834
195,206,3.0,1614421559
195,265,2.0,1734150777
195,514,2.5,1755785089
195,761,3.0,1697838217
195,338,3.0,1763528186
195,310,4.5,1704313955
195,567,1.5,1658142856
195,268,3.0,1730158327
195,160,3.0,1600675264
195,62,3.5,1538519197
195,215,3.5,1628227384
195,327,4.0,1542783829
195,203,4.0,1520137609
195,77,3.0,1768068789
195,436,3.5,1661955411
195,63,3.0,1559699375
195,713,2.5,1703447678
195,490,4.5,1565559577
195,580,3.5,1653688991
195,688,3.0,1590902591
195,99,3.0,1633951220
195,498,4.0,1581471104
195,858,3.0,1563871745
195,606,4.0,1687019571
195,103,3.5,1652449264
195,211,3.0,1525708135
195,557,3.5,1540874751
195,392,4.0,1627489980
195,61,3.5,1544238789
195,82,3.0,1680128478
195,332,2.5,1616927794
195,807,3.0,1677970693
195,493,3.5,1527594717
195,102,4.5,1720634961
195,876,4.0,1732648965
195,719,3.0,1599614305
195,89,4.0,1708593708
195,810,3.0,1535663962
196,172,3.5,1574587840
196,331,2.5,1695036688
196,180,5.0,1651932160
196,776,3.0,1761219267
196,672,2.0,1534899067
196,509,4.0,1750474271
196,758,4.5,1648131936
196,320,2.5,1692676549
196,77,3.0,1728663428
196,3,4.5,1709608757
197,379,3.5,1744643883
197,109,3.5,1583785312
197,606,4.0,1709227333
197,644,3.5,1717007161
197,718,3.0,1571548265
197,749,4.5,1694146100
197,349,2.0,1717482978
197,444,4.5,1697009252
197,463,3.5,1513899766
197,357,4.5,1639044493
197,680,3.5,1705504296
197,412,3.0,1504292263
197,214,3.5,1755771179
197,375,5.0,1512109311
197,373,4.0,1522996021
197,797,3.0,1544561955
197,517,3.5,1657872408
197,304,3.5,1647346576
197,150,4.0,1559717008
197,873,2.5,1619444268
197,189,3.5,1502734626
197,460,3.0,1702976428
197,654,2.5,1726011547
197,742,3.0,1596654276
197,89,3.0,1639949905
198,797,2.5,1507071104
198,828,3.0,1649098715
198,106,2.5,1752888992
198,898,4.0,1675418358
198,6,3.0,1583507407
198,4,4.0,1603403896
198,654,3.0,1692154612
198,833,3.0,1659536694
198,422,3.5,1517152908
198,419,4.0,1500691934
198,555,3.5,1646522561
198,614,1.5,1549536778
198,61,3.5,1520945333
198,689,3.5,1643868832
198,279,3.0,1742864898
198,824,2.5,1562181479
198,778,3.5,1622499461
198,103,4.0,1700266652
198,498,3.0,1554642639
198,139,4.0,1561987767
198,550,2.5,1632217723
198,145,3.5,1686309921
198,8,4.5,1515945738
198,484,3.0,1668802178
198,418,3.5,1604281762
198,173,4.0,1671092394
198,197,3.0,1737831809
198,514,3.0,1578178553
198,738,3.5,1588439810
198,114,4.0,1570465378
198,125,4.5,1504110171
198,360,3.5,1734441143
198,892,4.5,1655299739
198,812,3.0,1563168328
198,676,2.0,1692942925
198,166,3.0,1762731240
198,144,3.5,1521976737
198,235,4.5,1749302054
198,147,3.5,1628990800
198,566,3.0,1515682348
198,152,3.5,1568518552
198,186,5.0,1509230752
198,180,4.5,1539077716
198,570,4.0,1512739748
198,159,3.5,1661116000
198,291,3.0,1554936208
199,80,1.5,1552262709
199,628,3.0,1619141654
199,341,4.0,1738710406
199,893,4.0,1634529655
199,778,3.5,1628607848
199,130,3.0,1716089177
199,806,3.0,1507377028
199,781,4.0,1671227725
199,523,3.0,1678205543
199,780,3.0,1673496754
199,98,4.5,1684941622
199,672,3.0,1764670254
199,269,3.5,1699759735
199,295,2.5,1664315277
199,481,3.5,1511196908
199,570,4.0,1649388281
199,420,4.0,1600165334
199,820,5.0,1500355780
199,466,4.0,1725003597
199,751,4.0,1730814454
199,644,2.0,1526220205
199,132,4.5,1660007567
199,564,2.5,1692890258
199,38,1.5,1582262686
199,180,5.0,1730398591
199,88,5.0,1507931022
199,657,4.0,1702541095
199,691,3.5,1535797259
199,569,2.5,1526022636
199,625,2.5,1708578268
199,229,2.5,1678004631
199,24,3.5,1725689054
199,395,3.5,1746798350
199,228,3.5,1629167243
199,775,3.5,1625374508
199,353,3.5,1742852001
199,510,2.0,1646763555
199,573,4.5,1699315823
199,658,4.5,1738398695
199,728,4.5,1523209623
199,26,4.0,1544557253
199,690,3.5,1714250788
199,233,3.0,1670911459
199,476,2.0,1577256596
199,572,4.5,1738456241
199,600,4.0,1722465614
199,792,3.5,1550054311
199,119,3.0,1619545427
199,684,4.5,1724548780
199,150,3.0,1537104287
200,226,3.5,1647052520
200,651,4.0,1542958538
200,21,3.0,1743937605
200,525,2.5,1567655954
200,288,3.0,1665256498
200,200,2.0,1559383795
200,491,4.0,1677701056
200,741,2.5,1683614155
200,409,3.0,1632392641
200,631,2.5,1713846570
200,629,4.5,1557988697
200,165,3.5,1675894030
200,656,3.0,1681482003
200,628,3.0,1669288973
200,870,4.5,1746174583
200,408,3.5,1651284115
200,303,4.0,1515458802
200,276,3.0,1706251158
200,309,3.5,1593478441
200,471,4.0,1767891899
200,793,3.5,1703379390
200,858,4.0,1508024237
200,511,4.0,1587054443
200,881,4.0,1649008744
200,185,3.5,1588337934
200,331,3.0,1698063820
200,822,4.0,1742761428
200,898,3.5,1532982191
200,832,2.5,1628399031
200,10,3.5,1614297088
200,545,1.0,1618983068
200,289,4.0,1577523572
200,692,3.5,1681428607
200,189,3.0,1656292064
200,247,2.5,1692648789
200,762,2.5,1597325640
200,145,4.0,1619314811
200,257,4.5,1544327762
200,179,2.5,1672957533
200,218,3.0,1574785844
200,5,3.0,1707701866
200,786,3.5,1621526004
200,33,3.0,1524744454
201,446,3.5,1615668212
201,402,3.0,1565020432
201,189,1.5,1623817533
201,707,1.5,1584230452
201,633,2.5,1768495411
201,615,5.0,1524243847
201,93,1.5,1662172786
201,454,3.0,1692356450
201,162,4.5,1504074815
201,102,4.0,1599292425
201,498,2.0,1581187636
201,303,3.5,1524203894
201,161,2.5,1724404981
201,143,1.0,1551120669
201,850,3.0,1526171890
201,135,1.5,1557038727
201,28,3.0,1628505167
201,310,1.5,1630738076
201,90,3.5,1613626809
201,418,1.5,1700613521
201,476,2.5,1621167965
201,555,3.0,1762749471
201,788,3.0,1761570794
201,182,1.5,1545501218
201,123,5.0,1533175495
201,368,3.5,1501106851
201,701,2.0,1531210899
201,247,2.5,1511638764
201,605,3.5,1598680697
201,181,3.0,1683390602
201,416,1.5,1731008528
201,392,2.5,1553391820
201,619,3.0,1702283760
201,215,2.0,1578503892
201,487,3.5,1598894769
201,880,2.5,1682811007
201,855,3.5,1702171048
201,6,2.5,1650738837
201,406,3.5,1764263652
201,227,2.0,1534354551
201,130,2.0,1697818794
201,840,3.0,1689997199
201,364,3.5,1665949137
201,770,4.0,1501319286
201,34,2.5,1741321892
202,813,4.0,1567120470
202,799,3.5,1514228533
202,353,2.5,1585964293
202,745,3.0,1546461099
202,824,2.0,1672417261
202,223,4.5,1755974728
202,140,2.5,1529497864
202,761,2.5,1718388057
202,240,3.0,1539824603
202,85,3.5,1532144664
202,395,4.5,1583687258
202,667,4.0,1570891350
202,643,2.5,1632020036
202,480,4.5,1537176954
202,477,2.5,1561137349
202,801,4.0,1709804636
202,548,4.5,1756871486
202,787,3.5,1737189052
202,78,2.0,1512906596
202,292,4.0,1707437260
202,340,3.5,1756529466
202,386,3.5,1729554194
202,297,3.0,1609788906
202,452,5.0,1680012623
202,752,3.0,1632110210
202,295,3.0,1572737032
202,858,4.0,1581158035
202,251,3.5,1606527270
202,455,2.5,1761077312
202,14,1.5,1566091057
202,802,3.0,1690984164
202,758,3.0,1583382689
202,122,1.5,1538446571
202,630,4.5,1574120125
202,303,4.0,1703232911
202,776,3.0,1652731123
202,362,4.5,1697372149
202,201,3.5,1722310231
202,694,4.0,1618471428
202,717,3.0,1767351077
202,107,4.0,1544983367
202,83,3.5,1544628155
202,687,3.0,1653581048
202,463,3.5,1581723512
202,511,3.0,1667272357
202,439,2.5,1603382617
202,431,3.5,1511582159
202,729,2.5,1521497597
202,349,4.0,1515525232
202,60,4.5,1631448125
202,182,2.0,1743500955
202,675,2.5,1680738695
202,483,2.5,1631886710
202,664,3.5,1579726754
202,778,3.5,1630615171
202,429,4.0,1539271882
202,69,3.5,1611228420
203,353,4.0,1657215729
203,614,1.5,1598778402
203,675,1.0,1731435699
203,642,3.0,1738970069
203,515,3.0,1618288222
203,872,1.5,1697998125
203,390,2.5,1534152323
203,628,3.0,1577577803
203,214,3.0,1761913416
203,130,1.5,1598289627
203,491,3.0,1650135877
203,774,3.5,1669609695
203,549,3.0,1685449291
203,731,3.0,1618437672
203,265,3.5,1633631001
203,106,3.0,1762534677
203,503,3.5,1696189498
203,568,1.5,1710588631
203,207,3.5,1668585715
203,821,3.0,1707180018
203,700,3.0,1751932937
203,509,1.5,1720510437
203,423,2.0,1639681844
203,351,2.0,1736914059
203,584,3.5,1657574389
203,74,3.0,1728632111
203,350,2.0,1585761226
203,216,3.5,1588415513
203,537,2.0,1649616293
203,143,0.5,1654607585
203,43,1.5,1697358121
203,97,3.0,1564592944
203,101,1.0,1511639481
203,798,3.5,1664726513
203,282,3.0,1718396941
203,684,4.0,1574136394
203,892,3.5,1669061413
203,32,4.5,1503121132
203,835,2.0,1721875714
203,398,3.5,1569585915
203,824,2.5,1724845105
203,362,3.5,1675551979
203,168,4.5,1705663170
203,718,2.5,1679209034
203,439,1.5,1558979091
203,403,2.5,1576769601
204,769,4.0,1747749327
204,459,3.5,1503356716
204,897,3.5,1654014570
204,428,4.0,1685160826
204,729,2.5,1764541328
204,505,3.5,1748915392
204,184,3.5,1573519280
204,612,3.5,1700564403
204,237,1.5,1562393738
204,758,4.0,1656394103
204,328,2.5,1527884838
204,720,3.5,1746399842
204,23,2.5,1513006961
204,629,4.0,1609313248
204,452,4.5,1623576001
204,599,3.0,1571916206
204,797,3.5,1550255001
204,221,5.0,1657091083
204,264,3.0,1743086317
204,702,5.0,1577319223
204,899,3.5,1630467940
204,276,3.0,1603652523
204,888,3.0,1738750455
204,142,3.0,1583784078
204,75,1.0,1530118611
204,135,3.0,1644808144
204,590,3.5,1670003474
204,113,4.0,1534376532
204,309,2.5,1711906981
204,448,3.0,1762120599
204,890,4.0,1714856296
204,802,3.5,1739050919
204,673,3.0,1506308616
204,381,1.5,1712291724
204,5,2.5,1605833556
204,191,4.0,1718504391
204,151,3.5,1617955747
204,807,3.0,1575497344
204,201,3.0,1728888744
204,300,2.5,1607621813
204,506,2.5,1502332327
205,813,3.5,1704561598
205,846,2.5,1512316333
205,156,3.0,1589327593
205,28,4.5,1717685950
205,842,3.5,1767772599
205,862,1.5,1546060287
205,51,3.5,1611049329
205,738,3.0,1704650141
205,693,2.0,1504685305
205,531,3.0,1680156790
205,300,3.5,1635932802
205,516,3.5,1653566707
205,275,2.0,1733466865
205,130,3.0,1571447204
205,398,4.0,1512899310
205,837,4.0,1698895452
205,260,3.0,1725113469
205,792,2.0,1650287206
205,891,3.0,1527916520
205,557,2.5,1561055445
205,209,4.0,1600822864
205,210,5.0,1578153016
205,771,3.0,1640419105
205,218,2.5,1698422753
205,434,4.0,1550241297
205,870,4.0,1615507224
205,463,2.0,1700897323
205,692,3.5,1526799785
205,591,2.5,1500490925
206,299,4.0,1637052886
206,401,2.5,1536581161
206,113,2.5,1532883946
206,487,2.0,1651314667
206,354,2.5,1532983112
206,806,3.5,1645996278
206,544,4.5,1629917545
206,733,3.0,1534292296
206,708,4.0,1687137606
206,726,3.5,1717790748
206,658,3.0,1706674943
206,62,2.0,1682498778
206,554,2.5,1540720473
206,899,5.0,1614663214
206,50,2.0,1677260137
206,222,1.0,1602505935
206,537,3.0,1555312640
206,752,2.5,1647339102
206,522,3.5,1616630633
206,591,2.0,1756254831
206,655,5.0,1666587983
206,776,2.5,1745930620
206,746,2.5,1671647713
206,753,2.0,1689120086
206,37,2.0,1526810624
206,293,2.0,1605809202
207,413,3.5,1560571253
207,529,2.0,1545734665
207,326,1.5,1752341574
207,391,2.0,1706899370
207,289,2.5,1735439760
207,459,3.5,1691259106
207,113,2.5,1608428936
207,499,2.5,1606948024
207,861,3.5,1585808809
207,836,4.0,1722169647
207,462,3.0,1535257863
207,563,4.0,1755813833
207,269,3.5,1522379152
207,37,3.0,1672253731
207,94,4.0,1515077418
207,623,3.5,1678691823
207,39,2.0,1611335948
207,159,2.0,1701285770
207,474,3.5,1601786062
207,810,2.5,1637215300
207,673,3.5,1691414380
207,106,2.5,1535956310
207,415,4.5,1686711629
207,621,1.5,1726549871
207,540,3.0,1675636811
207,711,3.5,1736079127
207,573,4.0,1580504422
207,662,3.0,1698436895
207,721,3.0,1632560801
207,210,5.0,1695821535
207,496,3.0,1628535180
207,719,3.5,1632856820
207,447,4.0,1587560677
207,96,3.5,1651552573
207,110,2.5,1585481855
207,375,5.0,1708250250
207,399,3.0,1714844863
207,435,3.5,1576249774
207,819,3.0,1550607786
207,530,2.5,1751322466
207,433,2.5,1758759877
208,339,5.0,1537383592
208,553,5.0,1699165858
208,834,4.0,1532872611
208,275,4.0,1588372451
208,436,3.5,1671763903
208,439,3.5,1567528656
208,562,5.0,1698973318
208,497,2.5,1660966901
208,620,4.0,1728958856
208,890,5.0,1557174250
208,214,5.0,1628072256
208,5,4.5,1502371989
208,835,4.5,1750780849
208,896,5.0,1602243529
208,796,5.0,1504109245
208,208,5.0,1753350117
208,7,5.0,1567141956
208,156,4.0,1504280341
208,808,4.0,1745178194
208,528,4.5,1620130385
208,350,5.0,1589613000
208,210,5.0,1759727535
208,162,4.5,1755075863
208,846,3.5,1751869072
208,474,5.0,1744749002
208,184,4.5,1562252131
208,491,4.5,1564891896
208,773,4.0,1769113354
208,394,4.0,1657029061
208,441,5.0,1575273893
208,607,4.5,1671282985
208,574,4.5,1568865327
208,831,2.5,1758090742
208,663,4.0,1709345254
208,228,4.0,1606525678
208,262,5.0,1500588791
208,325,5.0,1533006031
209,150,3.0,1729347592
209,75,1.5,1564590686
209,50,2.5,1754872352
209,848,4.0,1558162677
209,145,3.5,1701969878
209,734,2.5,1695831493
209,879,2.0,1733271750
209,286,1.5,1687833416
209,199,3.0,1714083159
209,303,4.0,1716163489
209,692,3.0,1744415290
209,298,3.5,1718355944
209,501,2.5,1658911444
209,222,2.5,1521846310
209,695,3.5,1702737310
209,54,3.5,1625911640
209,358,3.0,1604567083
209,757,2.5,1654389078
209,675,2.5,1642815322
209,496,3.0,1508631690
209,870,4.5,1509376665
209,842,3.5,1696841303
209,709,1.0,1581786452
209,679,2.5,1586692236
209,458,2.5,1651155430
209,481,2.5,1574308122
209,97,3.0,1703936786
210,640,4.0,1676497924
210,206,1.5,1519940387
210,712,4.0,1551637711
210,187,4.0,1523545130
210,131,3.0,1537174445
210,858,4.0,1713119191
210,91,2.5,1581277985
210,594,4.5,1724980593
210,78,4.5,1504785325
210,779,4.0,1516498046
210,265,3.0,1517553911
210,250,3.0,1572236151
210,639,3.5,1715460103
210,721,5.0,1687179539
210,14,1.5,1612171073
210,470,3.5,1640474516
210,22,2.5,1751645546
210,371,3.0,1680530418
210,710,2.5,1744659752
210,292,4.0,1609150201
210,490,3.0,1618464354
210,688,3.0,1671070964
210,432,3.0,1655167708
210,52,3.0,1768646812
210,781,3.0,1611140864
210,117,4.5,1692283879
210,343,2.5,1764138664
210,505,3.0,1547920466
210,808,4.0,1600336368
210,656,3.5,1557873048
210,601,3.5,1652303854
210,118,2.5,1716315844
210,85,3.0,1753399669
211,728,3.0,1709982544
211,518,2.5,1526644634
211,424,3.5,1546364544
211,649,2.5,1663313022
211,397,1.5,1702395133
211,874,1.5,1509378073
211,291,2.5,1671599805
211,696,2.0,1546179739
211,852,3.0,1512932006
211,246,2.0,1681419651
211,832,1.5,1650218285
211,160,4.0,1611922277
211,24,1.5,1576901865
211,898,2.0,1766023439
211,213,3.5,1561494052
211,94,3.5,1715094319
211,507,1.5,1608940886
211,710,4.5,1530612407
211,143,0.5,1606379609
211,837,4.5,1625881077
211,674,3.0,1671942705
211,418,3.5,1725919886
211,434,2.5,1616538798
211,374,2.0,1704756885
211,150,2.0,1607788875
211,798,4.0,1506906025
211,531,3.0,1548001176
211,146,3.0,1531252547
211,318,3.5,1530528854
211,403,2.0,1520248767
211,552,3.5,1528140221
211,342,2.0,1626055219
211,271,3.0,1535415495
211,879,2.5,1738030992
211,607,1.0,1561180764
211,171,1.5,1501906699
211,738,3.0,1666281043
211,511,4.5,1524081280
211,686,2.5,1593141827
211,132,3.5,1623824426
211,298,4.5,1680346917
211,3,2.5,1649614674
211,41,2.5,1534611510
211,831,2.0,1679907006
211,36,2.5,1596481364
211,706,2.0,1527150827
211,753,1.5,1623542123
211,692,3.5,1526504744
211,145,3.0,1640935115
211,22,2.0,1618447194
211,560,2.0,1738092327
212,789,3.0,1613865459
212,428,3.5,1631268639
212,404,3.0,1504491993
212,175,3.5,1732277408
212,547,4.5,1766929357
212,659,4.5,1608879030
212,26,3.5,1740445473
212,525,4.5,1655808481
212,808,3.5,1574897873
212,831,3.5,1550822611
212,85,3.5,1566997185
212,144,3.5,1665584271
212,141,4.0,1575124787
212,691,4.0,1726661927
212,651,4.5,1624973089
212,440,5.0,1754675894
212,533,4.0,1719146346
212,69,3.5,1691114370
212,358,3.0,1515452016
212,874,2.5,1555751794
212,886,5.0,1717720505
212,780,3.5,1760823572
212,586,4.0,1729319468
212,311,4.0,1757126919
212,799,4.0,1552770981
212,470,2.5,1765879736
212,715,3.5,1757008822
212,263,2.5,1713743598
212,788,4.5,1567251285
212,469,3.5,1616363540
212,868,3.5,1719669883
212,4,4.5,1626802208
212,893,4.5,1732165637
212,356,3.0,1691950165
212,736,5.0,1513193492
212,226,4.0,1547127380
212,76,3.5,1712875898
212,849,2.5,1586685874
212,884,3.0,1746901690
212,91,4.5,1715563403
212,38,2.5,1592286802
212,698,2.0,1585317004
212,562,5.0,1598824752
213,528,2.5,1500362794
213,851,3.0,1749000489
213,708,3.5,1656462396
213,12,2.0,1629835515
213,584,5.0,1670720174
213,717,2.5,1557000913
213,705,1.5,1572788454
213,200,1.5,1673655645
213,459,2.0,1683286871
213,660,3.5,1755884052
213,407,3.0,1757844200
213,88,2.0,1749566152
213,405,2.0,1581762179
213,837,3.5,1732912913
213,333,2.5,1673256870
213,174,2.5,1766290964
213,192,3.0,1704108616
214,571,4.0,1763751419
214,379,3.5,1687679744
214,760,2.5,1748601046
214,545,1.5,1526730521
214,26,3.0,1625045044
214,325,1.5,1508944437
214,31,3.0,1575857655
214,75,1.5,1605321697
214,728,3.0,1509673260
214,298,3.0,1566298830
214,128,3.0,1554586543
214,792,4.0,1580490633
214,452,3.0,1682479954
214,112,3.5,1507082809
214,800,3.0,1534256583
214,397,2.0,1710144710
214,338,2.5,1519396567
214,495,4.0,1764896193
214,565,3.5,1647766764
214,597,3.5,1591759486
214,193,3.0,1512325333
214,586,3.5,1715553760
214,72,4.0,1685021582
214,843,2.5,1580119856
214,143,3.5,1597258520
214,605,3.5,1587000438
214,884,3.5,1621902944
214,361,4.5,1601486098
214,889,3.0,1719083225
214,406,4.5,1613183453
214,360,2.0,1563923195
214,821,4.0,1508416682
214,96,3.0,1706395609
214,548,3.0,1590273871
214,546,1.5,1522466828
214,83,3.0,1507322963
214,664,3.5,1767616632
214,117,4.0,1604993474
214,862,3.0,1510637002
214,316,2.5,1573068937
214,539,3.5,1640487967
214,439,1.5,1592750396
214,41,4.0,1706638775
214,58,2.5,1727351163
214,894,4.5,1574567516
214,668,4.0,1639351486
214,370,2.5,1742253501
214,793,2.5,1695141861
214,45,3.5,1628429198
214,5,4.0,1752100368
214,736,3.0,1654769343
214,618,4.0,1513358748
214,189,3.0,1675358980
214,269,2.5,1765653464
214,277,2.5,1549403768
214,609,2.0,1648761267
214,721,3.0,1663786179
214,654,2.0,1709931696
214,186,4.0,1697288566
214,536,4.0,1719046953
214,458,2.0,1766308271
214,575,4.5,1637284427
214,856,2.5,1526682320
215,371,1.5,1615875166
215,662,1.0,1733096777
215,312,2.0,1710258528
215,260,3.0,1660907485
215,382,2.5,1668142514
215,225,1.5,1629030252
215,261,2.5,1582816351
215,339,3.0,1515729531
215,742,1.5,1747348866
215,68,2.5,1753812311
215,288,1.5,1695914176
215,390,2.0,1752865957
215,672,0.5,1502456410
215,440,1.5,1656083242
215,563,2.0,1630837152
215,550,3.0,1585399036
215,679,2.0,1719318849
215,843,1.5,1617275727
215,429,2.5,1635196041
215,363,1.5,1661472538
215,895,2.5,1630918681
215,527,0.5,1731189264
215,204,2.0,1681041718
215,683,2.0,1517004722
215,766,1.0,1691142725
215,894,3.5,1512766356
215,275,1.0,1664068598
215,519,2.0,1671330145
215,806,2.5,1531983218
215,304,3.0,1693906042
215,576,1.5,1517116031
215,760,2.5,1593881788
215,877,1.5,1644493397
215,235,3.0,1715227808
215,678,3.5,1748829513
215,362,4.0,1588683001
215,671,1.0,1504397269
215,561,1.5,1527453764
215,646,1.0,1745825481
215,164,1.5,1605803154
215,876,3.5,1650519317
215,427,1.5,1592457400
215,853,1.0,1605307779
215,507,1.5,1524523404
216,502,4.5,1574769564
216,146,4.0,1749105532
216,865,3.0,1642175902
216,605,4.5,1624844157
216,323,2.5,1620150053
216,277,3.0,1763856390
216,651,4.0,1677495831
216,808,3.0,1600980429
216,354,2.0,1542235289
216,683,2.5,1553993307
216,644,2.5,1559955237
216,703,3.5,1576362497
216,5,2.5,1628312474
216,248,3.0,1689296839
216,576,2.5,1515672600
216,30,3.0,1647516678
216,65,4.5,1589587554
216,432,3.5,1715341611
216,142,5.0,1692183532
216,344,4.5,1599133521
216,573,3.5,1747346679
216,360,3.0,1641837226
216,113,2.5,1579986856
216,363,3.5,1733072376
216,40,3.0,1704174244
216,693,2.0,1598343287
216,136,5.0,1684654611
216,706,3.5,1559597770
216,714,4.5,1527440846
216,652,4.0,1695140430
216,308,2.5,1766239753
216,352,5.0,1619960826
216,24,3.0,1603314820
216,674,3.5,1687957077
216,190,3.5,1687132581
216,97,3.0,1657064596
216,320,3.0,1683728772
216,215,3.5,1543082291
216,233,3.5,1639341659
216,67,4.0,1731600140
217,332,3.0,1625650011
217,97,4.5,1545009255
217,81,4.5,1731653012
217,489,4.0,1629116886
217,682,2.5,1510832772
217,312,4.0,1626095607
217,353,5.0,1680403190
217,849,3.0,1539596185
217,367,3.5,1733982623
217,321,3.0,1765252789
217,774,4.0,1531845200
217,701,2.5,1666840508
217,226,4.0,1680166812
217,706,4.5,1517440846
217,465,3.5,1677129894
217,716,4.0,1576685925
217,33,5.0,1567131787
217,784,3.0,1724827046
217,428,3.0,1736606102
217,139,4.5,1622172503
217,486,2.5,1553664661
217,191,4.0,1593009335
217,557,2.5,1615595308
217,866,3.5,1650537003
217,111,2.5,1623024901
217,426,3.5,1520657882
217,467,3.5,1665665730
217,205,3.0,1769553123
217,254,4.0,1684767504
217,453,2.0,1548560784
217,257,4.5,1656633340
217,395,4.5,1581740548
217,98,3.5,1530700593
217,864,4.5,1577980325
217,144,3.5,1698264996
217,867,3.0,1630079305
217,89,3.0,1715144500
217,684,3.5,1659869384
217,326,4.5,1696638519
217,851,3.5,1524802328
217,488,3.0,1577713533
217,384,3.0,1594330488
217,434,3.0,1627531770
217,737,3.5,1557481143
217,740,4.5,1632240164
217,781,3.0,1637090903
217,891,4.0,1571143246
217,766,4.0,1753070563
217,171,3.5,1694246277
217,780,4.5,1699224976
217,436,3.5,1737062554
217,264,4.0,1703257570
217,104,3.5,1750481563
217,178,4.5,1599216620
217,772,3.5,1534318602
217,435,4.5,1559162697
217,30,4.5,1677830662
217,527,2.0,1657198271
217,539,4.0,1513036763
217,122,3.0,1653135752
217,524,3.0,1638921145
217,803,3.5,1604197250
217,671,3.0,1545677453
217,402,3.5,1609050976
217,164,3.0,1660607408
217,15,2.0,1633536756
217,604,3.5,1734010564
217,637,3.5,1699990943
217,61,3.5,1620808767
217,585,3.5,1545395884
218,496,3.5,1729437539
218,122,2.0,1575835476
218,695,3.0,1544764955
218,658,3.0,1528762962
218,110,3.0,1762622106
218,329,3.5,1622722254
218,17,2.5,1583547740
218,418,2.0,1584144263
218,151,2.5,1552586626
218,700,3.5,1632169891
218,599,3.5,1713175444
218,118,3.0,1540542350
218,690,3.0,1673013633
218,479,4.0,1737647834
218,620,2.0,1616947230
218,130,2.0,1747234106
218,400,3.5,1733619095
218,802,3.0,1759870424
218,348,2.5,1561154076
218,829,2.5,1514444520
218,66,3.0,1692728531
218,463,2.0,1573502462
218,219,2.5,1742247369
218,878,3.5,1761630026
218,166,3.5,1500525500
218,522,2.5,1737335016
218,115,3.0,1656775710
219,202,3.0,1614378709
219,58,3.5,1666257425
219,261,2.5,1685875505
219,281,4.0,1529683710
219,326,3.5,1591322281
219,53,3.5,1669763072
219,11,3.0,1714622231
219,829,3.0,1742981916
219,182,2.5,1712923445
219,7,4.0,1525356895
219,135,4.0,1627635534
219,795,3.0,1525514299
219,662,4.0,1646136594
219,387,5.0,1504568137
219,761,3.5,1610442639
219,827,5.0,1646642266
219,534,2.0,1719090008
219,250,3.0,1746551646
219,574,3.0,1686823388
219,507,2.5,1659771411
219,569,3.0,1536940694
219,628,3.5,1578488192
219,36,3.5,1628899275
220,78,2.5,1605756512
220,250,2.0,1541230268
220,851,2.5,1707627086
220,563,3.5,1565261214
220,681,4.5,1720694019
220,136,4.5,1619326875
220,458,3.0,1722981775
220,177,2.0,1504852021
220,74,4.0,1627538530
220,50,2.0,1546146043
220,893,2.5,1757098950
220,769,3.0,1631819530
220,322,3.0,1704212602
220,103,2.5,1506780875
220,251,2.5,1750104873
220,288,3.0,1664420228
220,385,2.0,1760968624
220,62,2.5,1730001231
220,559,4.5,1758848408
220,318,2.0,1598884779
220,164,2.5,1524788929
220,153,2.0,1522946803
220,3,2.5,1512420381
220,101,2.0,1689831214
220,241,3.5,1569471930
220,549,3.5,1543375146
220,674,2.5,1637964638
220,561,2.5,1553538456
220,174,3.0,1527033653
220,371,3.5,1754417315
220,816,1.0,1504743246
220,242,3.0,1745216868
220,178,3.0,1561278395
220,33,4.5,1732841776
221,893,5.0,1739523469
221,814,5.0,1562453667
221,29,3.5,1768986189
221,670,5.0,1768690971
221,688,4.5,1722948362
221,546,4.0,1575895511
221,859,3.5,1728522890
221,622,5.0,1629126942
221,329,4.5,1690253844
221,107,5.0,1715173569
221,185,4.0,1557204538
221,222,2.5,1572194109
221,470,3.5,1715674471
221,7,4.5,1704914378
221,542,3.0,1736555692
221,381,3.0,1617445173
221,83,5.0,1513561040
221,784,5.0,1699853032
221,113,4.0,1695129177
221,800,4.5,1765439114
221,599,3.5,1611386343
221,772,3.5,1746298330
221,638,3.5,1552852570
221,272,4.0,1605010439
221,818,4.5,1756531614
221,659,4.0,1653811110
221,312,4.5,1524985044
221,371,4.0,1589052528
221,266,2.0,1575049109
221,373,5.0,1616724006
221,431,2.5,1654989139
221,621,2.5,1704430110
221,484,3.5,1536962240
221,146,4.5,1662095240
221,632,5.0,1659514747
221,405,3.5,1709907025
221,353,4.5,1704689145
221,347,3.0,1594440294
221,399,4.5,1765342583
221,843,3.0,1727774423
221,118,4.5,1609947685
221,615,5.0,1617259238
221,191,3.0,1500455521
221,465,3.5,1659373812
221,439,3.5,1559297385
221,511,4.0,1538449822
221,81,3.5,1745392313
221,242,3.5,1723389812
221,450,3.0,1551948874
222,105,3.0,1577828484
222,384,3.5,1560996481
222,191,2.0,1590015621
222,303,3.5,1759069340
222,524,2.5,1530951194
222,233,4.0,1705783575
222,116,3.0,1677076429
222,616,4.5,1619751313
222,407,1.5,1650409514
222,545,1.5,1534581967
222,755,3.0,1523451063
222,432,1.5,1641853332
222,213,3.5,1526778892
222,426,4.0,1702464957
222,269,1.5,1577928929
222,491,4.0,1550566701
222,28,3.5,1543999798
222,862,1.5,1742484521
222,257,3.0,1591449987
222,398,2.0,1568871129
222,321,2.0,1584223339
222,387,3.0,1650734998
222,552,3.5,1757598308
222,579,2.0,1566613441
222,397,2.0,1603390358
222,608,1.5,1510964114
222,523,2.0,1546978949
222,495,4.5,1561317481
222,23,3.0,1739632346
222,222,1.5,1715005284
222,565,3.0,1528684107
222,573,2.5,1757944176
222,799,2.5,1679672339
222,237,1.5,1740625323
222,4,3.5,1635315272
222,29,3.0,1756121948
222,285,5.0,1652932760
222,555,2.5,1740945352
222,226,4.0,1530537338
222,499,2.0,1669502941
222,700,2.5,1586559653
222,618,3.0,1572381942
222,657,3.5,1557152892
222,234,3.5,1763245269
222,412,2.0,1566700208
222,747,3.5,1559259193
222,707,1.5,1649872535
222,864,5.0,1719697760
222,81,2.5,1680255292
222,784,4.5,1724148399
222,353,2.5,1691097135
222,591,2.5,1550960228
222,186,4.0,1554763773
222,765,4.5,1505053651
223,648,1.5,1528750495
223,821,2.0,1710433996
223,702,2.0,1589490831
223,875,1.5,1525426817
223,887,2.0,1561111289
223,724,2.0,1611229714
223,321,2.0,1506962170
223,417,3.0,1768215923
223,883,1.0,1541263759
223,250,3.5,1728716802
223,97,1.5,1765080886
223,418,2.0,1686862762
223,205,2.5,1601213657
223,849,1.5,1592202500
223,173,2.5,1561696815
223,611,3.5,1708852166
223,473,1.5,1619079791
223,376,2.0,1604405263
223,853,1.5,1726340319
223,361,1.5,1564711377
223,460,1.0,1629964057
223,838,1.5,1541275569
223,183,2.0,1752440162
223,763,3.5,1676857586
223,888,1.0,1643753025
223,772,1.5,1519666099
223,425,3.0,1524378767
223,106,2.5,1666683540
223,429,2.5,1530216346
223,612,2.0,1630283866
223,313,3.0,1755669537
223,624,3.0,1587693672
223,421,3.0,1691800968
223,224,1.0,1658835159
223,500,1.0,1699485941
223,575,1.5,1678728768
223,520,2.5,1620746271
223,73,2.5,1683473685
223,91,3.0,1726075251
223,588,1.0,1625853287
223,860,2.0,1566390721
223,217,3.5,1582221026
224,648,4.5,1611620396
224,158,4.5,1635124568
224,149,3.5,1670906964
224,330,4.0,1625495818
224,796,4.5,1550367092
224,351,4.5,1668551305
224,109,4.0,1709171241
224,449,2.5,1616838168
224,829,3.5,1528304515
224,279,4.0,1630116804
224,72,4.5,1504658405
224,854,4.0,1752486826
224,615,5.0,1714717666
224,718,3.0,1681287835
224,758,3.0,1524772006
224,189,3.0,1730129183
224,331,4.5,1664204033
224,572,5.0,1694541866
224,900,3.0,1749545065
224,69,5.0,1572805793
224,645,4.0,1649016630
224,757,3.5,1517239165
224,864,5.0,1594404450
224,852,3.5,1557773289
224,261,3.5,1747445012
224,853,3.5,1759553014
224,506,3.5,1601029701
224,889,4.0,1676427612
224,432,2.5,1549900894
224,184,5.0,1724700367
224,839,4.0,1714995369
224,721,3.5,1534559409
224,187,4.5,1535724761
224,724,4.5,1610700503
224,193,3.0,1615852785
224,416,3.0,1752580873
224,831,3.0,1603137985
224,39,3.5,1730206131
224,125,4.0,1743106566
224,713,4.5,1515452676
224,556,3.0,1756741897
224,405,2.0,1573060313
224,239,2.5,1564974200
224,586,4.0,1757065494
224,613,2.5,1621527662
224,268,3.0,1657697376
224,367,4.0,1506015726
224,265,4.0,1596776189
224,101,2.5,1664083811
225,753,2.5,1697491031
225,872,2.5,1503931434
225,277,2.0,1665168517
225,97,3.5,1735803500
225,705,1.0,1720843320
225,632,3.0,1688461706
225,538,2.5,1548780810
225,811,1.5,1563358998
225,860,2.0,1728597855
225,740,2.5,1534964061
225,236,2.0,1680583528
225,831,1.5,1723621998
225,829,2.5,1647083536
225,63,2.5,1504329529
225,422,2.5,1653012051
225,690,3.0,1555324630
225,252,3.5,1665855157
225,190,2.0,1765747233
225,752,1.0,1688738586
225,241,3.0,1603296920
225,445,2.5,1534871713
225,321,3.0,1603358606
225,316,1.5,1750964658
225,15,1.5,1520901139
225,558,2.5,1671755202
225,103,2.0,1666991586
225,665,1.5,1572066937
225,810,2.0,1661105259
225,318,2.5,1674369195
225,298,2.0,1550110833
225,275,1.5,1529958762
225,173,1.5,1596144678
225,304,4.0,1706987088
225,780,2.5,1540852272
225,567,1.0,1537902619
225,894,3.0,1514582147
225,874,2.0,1607177688
225,278,2.5,1670889260
225,160,3.0,1705799187
225,686,2.5,1671543666
225,685,2.0,1643434620
225,32,3.5,1597301731
225,162,2.5,1594182400
225,710,3.0,1518915380
225,287,2.0,1593683719
225,251,2.5,1629848632
226,598,4.5,1568084121
226,680,4.0,1650561520
226,434,3.0,1579884397
226,615,4.5,1657870175
226,178,4.0,1501181442
226,794,2.5,1703230714
226,172,2.5,1727976787
226,584,5.0,1595388362
226,356,2.5,1600835453
226,240,3.5,1645040458
226,238,4.5,1720176941
226,551,3.0,1602711702
226,393,3.0,1608218009
226,96,3.0,1661011867
226,583,4.0,1623519049
226,257,3.5,1627845060
226,855,3.5,1638166022
226,67,2.5,1612037952
226,641,2.5,1753746572
226,843,2.5,1699139927
226,555,3.5,1555044094
226,802,2.5,1704681464
226,773,4.5,1734172348
226,197,2.5,1636580933
226,624,2.5,1520015884
226,694,5.0,1733355099
226,17,4.0,1694331872
226,856,3.5,1654602776
226,637,4.5,1594343182
226,813,3.5,1652621016
226,237,2.5,1633728833
226,803,2.5,1594808746
226,814,3.0,1706007584
226,313,3.0,1571699528
227,276,3.5,1608130717
227,210,5.0,1502432144
227,349,3.5,1520205450
227,841,3.0,1682655809
227,853,3.5,1647085837
227,23,3.5,1573215362
227,592,3.5,1744453043
227,883,3.5,1613959727
227,356,3.0,1647516925
227,168,4.5,1652901875
227,778,3.5,1715803399
227,874,4.5,1702556732
227,573,4.5,1732807777
227,649,3.5,1730693153
227,536,3.5,1741577887
227,827,4.0,1638627643
227,637,4.5,1745342034
227,383,1.0,1508805280
227,624,5.0,1719356330
227,279,3.5,1557172305
227,492,5.0,1745659287
227,864,4.5,1511944854
227,647,2.0,1732588730
227,887,4.0,1527643623
227,9,4.0,1545635921
227,255,3.0,1640049353
227,583,3.5,1736392170
227,438,2.0,1544042460
227,620,3.0,1543375721
227,895,5.0,1514128760
227,433,3.5,1615369695
227,291,3.5,1639967593
227,335,4.5,1740534749
227,215,3.0,1555098540
227,331,3.5,1680776432
227,616,3.5,1710554862
227,99,3.5,1757931280
227,860,4.0,1692466388
227,482,4.0,1724858358
227,415,5.0,1732000773
227,337,3.0,1674908449
227,46,3.5,1500027658
227,265,4.0,1681841671
227,469,2.0,1541110129
227,128,3.5,1726762190
228,504,4.5,1590096943
228,679,4.5,1677775727
228,300,2.0,1739284765
228,268,2.5,1566771515
228,577,3.0,1661417064
228,741,1.5,1517873785
228,700,2.5,1569821709
228,186,4.0,1677402771
228,210,4.5,1529902114
228,291,3.0,1629234203
228,711,4.0,1673799136
228,213,3.0,1763336441
228,377,3.5,1729690862
228,626,2.5,1592572471
228,656,4.5,1702073955
228,446,3.5,1661520030
228,590,3.0,1538302970
228,530,3.5,1720800029
228,336,3.5,1633878510
228,20,2.0,1654362252
228,285,4.5,1631261614
228,332,2.5,1718615926
228,778,4.0,1527794165
228,18,4.0,1706889978
228,662,2.5,1605152799
228,344,4.5,1673450253
228,801,4.0,1688331073
228,419,4.0,1618506044
228,878,4.0,1510171196
228,725,2.5,1545408613
228,591,3.5,1511669245
228,810,1.5,1542663186
228,235,4.5,1575861020
228,497,4.0,1735833941
228,352,4.0,1702600323
228,319,1.5,1679026869
228,47,3.0,1545128919
228,139,4.0,1611881878
228,845,2.5,1500823445
228,730,3.5,1657810990
228,768,4.5,1698037440
228,271,3.5,1579150738
228,183,3.0,1762919400
228,815,3.0,1746781550
228,575,2.5,1688054147
228,74,3.5,1701889146
228,483,2.5,1754932157
228,852,4.0,1526184618
228,720,2.5,1616090222
228,550,3.0,1707925411
229,199,3.0,1566589105
229,766,4.5,1739713187
229,433,3.5,1661841426
229,221,5.0,1650291872
229,260,4.0,1691839032
229,312,4.5,1747488945
229,697,4.5,1747793207
229,289,3.5,1729784855
229,217,3.0,1592910522
229,644,4.0,1721983470
229,610,5.0,1572963370
229,265,4.5,1708372582
229,413,3.5,1631534976
229,521,3.0,1710675294
229,800,3.5,1738637075
229,613,4.5,1668127416
229,387,3.5,1522086950
229,757,4.0,1762199669
229,736,4.0,1766233179
229,251,3.5,1642252596
229,239,3.0,1766178052
229,108,4.0,1700968916
229,551,4.0,1646359063
229,74,4.0,1654003740
229,691,4.0,1628541394
229,155,4.0,1653147645
229,201,4.5,1769742953
229,228,3.0,1679466437
229,380,4.0,1574269286
229,451,3.5,1690128321
229,696,4.0,1602144102
229,432,3.0,1739511600
229,91,3.0,1746797302
229,489,4.5,1636230944
229,732,2.5,1514761997
229,863,4.5,1628863051
229,761,4.0,1755656963
229,49,4.0,1709000300
229,460,4.0,1750037398
229,226,4.5,1725427568
229,859,3.5,1755185372
230,154,4.0,1517983639
230,24,1.5,1719602315
230,888,3.0,1700038455
230,492,4.5,1713904400
230,432,1.0,1691699605
230,479,4.5,1580538762
230,364,3.0,1630013037
230,83,5.0,1655963542
230,316,3.0,1641407265
230,612,4.5,1684364303
230,456,2.0,1631085710
230,360,2.0,1679063730
230,205,2.0,1726917312
230,306,3.5,1696203230
230,91,3.0,1632071214
230,78,2.5,1683586477
230,325,3.0,1596794275
230,773,5.0,1607527085
230,483,2.5,1569864986
230,785,4.5,1720985642
230,213,4.0,1730767141
230,668,5.0,1517121710
230,796,4.0,1507236353
230,61,2.0,1519767136
230,637,4.5,1639709056
230,603,3.0,1750404674
230,60,3.0,1515517262
230,808,4.0,1542241740
230,34,4.0,1537655902
230,659,4.0,1532174673
230,735,4.0,1631809779
230,48,3.5,1665176350
230,585,3.5,1694171773
230,872,3.5,1726245583
230,285,5.0,1541766748
230,757,4.0,1542232636
231,83,3.5,1684196888
231,89,3.0,1701287534
231,561,2.5,1509006472
231,105,4.0,1536399531
231,700,3.0,1648297909
231,326,2.0,1588085089
231,515,3.0,1624914000
231,221,5.0,1624316412
231,767,2.0,1501937510
231,459,3.5,1596894814
231,807,4.0,1599823529
231,284,3.0,1766491764
231,412,3.0,1726996037
231,437,4.5,1653423017
231,79,3.5,1509314217
231,320,3.0,1669407330
231,748,3.5,1649378683
231,314,4.0,1758330846
231,482,2.0,1629906193
231,460,2.0,1726737247
231,436,4.0,1593810234
231,96,1.5,1583518888
231,523,3.0,1536016164
231,659,4.0,1636030657
231,783,4.0,1529417920
231,664,2.0,1690349371
231,419,4.5,1536095291
231,524,4.0,1616115222
231,499,3.0,1547373183
231,685,3.0,1708601072
231,1,2.5,1701915238
231,288,4.5,1517304166
231,738,4.5,1665531792
231,473,3.0,1760142670
231,751,1.5,1665103012
231,598,2.5,1742164872
231,422,5.0,1630801075
231,410,4.0,1614468411
231,688,3.5,1548473366
231,667,2.5,1636005745
231,880,5.0,1743622864
231,801,4.5,1768619453
231,854,5.0,1682312877
231,393,3.0,1590011570
231,151,3.0,1640203921
231,726,3.5,1744387488
231,629,2.0,1660649107
231,17,2.5,1662374224
231,759,3.0,1568828074
231,382,3.0,1501429556
231,730,1.5,1600919707
231,137,3.5,1675725561
231,378,2.5,1640904788
231,414,5.0,1651411550
232,740,4.5,1621150463
232,232,3.5,1691850164
232,802,3.0,1544069973
232,517,4.0,1718123811
232,493,3.0,1722060438
233,98,3.5,1590080245
233,209,3.0,1563848650
233,93,2.0,1762508055
233,376,3.5,1676022982
233,79,2.5,1684537132
233,518,3.0,1531077225
233,691,3.0,1662987866
233,193,4.5,1540789424
233,9,4.5,1591702454
233,145,3.5,1701384639
233,364,5.0,1677324208
233,527,2.5,1693813585
233,383,2.0,1559379040
233,201,4.5,1702287480
233,274,2.5,1747344774
233,429,4.5,1685307348
233,791,4.0,1595463446
233,326,2.5,1615498210
233,548,4.0,1610345235
233,835,2.5,1552130639
233,81,3.0,1618293733
233,358,3.5,1666993150
233,216,5.0,1549230985
233,637,3.5,1522039798
233,540,3.5,1529789443
233,795,2.5,1605268573
233,551,3.0,1534913066
233,374,5.0,1638620568
233,654,2.5,1706791661
234,721,2.5,1674770982
234,622,2.0,1662981035
234,837,3.0,1564252362
234,178,3.0,1598656506
234,320,4.0,1552763954
234,161,2.0,1575891573
234,106,3.0,1718296893
234,706,3.0,1643291210
234,623,3.5,1683203551
234,898,2.5,1581980675
234,379,4.0,1529568912
234,589,3.5,1723862310
234,475,4.0,1664704493
234,763,4.5,1544041713
234,862,2.0,1555286316
234,248,2.5,1512298546
234,782,2.0,1725137358
234,868,3.0,1556179002
234,54,3.5,1705323739
234,861,2.5,1704298377
234,602,1.5,1550081169
234,754,2.5,1509271418
234,105,2.5,1531607431
234,65,2.0,1571089626
234,528,3.0,1585919369
234,322,3.0,1634249252
234,159,2.5,1571939423
234,484,2.5,1566302428
234,198,2.5,1717163127
234,303,3.5,1575911053
234,93,3.0,1724091656
234,90,2.5,1567616654
234,742,2.0,1581574830
234,412,2.0,1544946120
234,91,3.0,1768017420
234,202,3.0,1691039953
234,256,3.0,1715880325
234,86,1.5,1591536069
234,341,3.0,1704563301
234,657,3.0,1704793989
234,365,4.0,1578388844
234,372,3.5,1516362208
234,201,3.5,1603912838
234,870,3.5,1645486680
234,56,4.0,1766593638
234,329,2.5,1546358960
234,229,2.5,1502084249
234,40,3.5,1505971308
234,195,3.5,1685361491
234,61,2.5,1623692135
234,828,2.0,1574706826
234,315,2.5,1688814842
234,304,3.0,1764288996
234,11,2.5,1569528139
234,461,3.5,1571226246
234,452,2.5,1744740695
234,546,2.0,1526390595
234,688,2.5,1608038154
234,730,2.5,1584772264
234,103,2.0,1578258200
234,49,3.5,1516377536
234,632,3.5,1525032391
234,759,2.0,1748733679
234,418,3.0,1643522434
234,370,3.0,1682321531
234,629,3.0,1764862994
234,563,3.0,1569158572
234,311,2.0,1636412794
234,680,3.5,1602743453
234,787,3.5,1748614523
234,321,2.5,1565550129
234,328,3.0,1577711018
234,468,2.5,1687715927
234,417,4.5,1547444523
234,760,4.0,1658506619
234,860,2.5,1679678410
234,725,3.0,1600000971
234,443,1.0,1523995934
234,244,4.0,1677802343
234,768,4.0,1512384555
234,820,4.0,1579145429
234,313,2.5,1714444314
235,295,4.0,1609649288
235,566,4.5,1518939283
235,30,3.0,1550341502
235,178,4.0,1708804538
235,811,3.5,1676753422
235,852,3.0,1690277326
235,187,3.0,1731614259
235,269,2.5,1572229120
235,14,1.5,1618410950
235,429,4.0,1764214023
235,802,4.5,1737725101
235,368,3.5,1704503236
235,868,3.5,1686613496
235,308,3.5,1728475059
235,489,5.0,1627590055
235,270,3.5,1539765432
235,462,3.5,1610597334
235,824,3.5,1709032207
235,409,3.5,1528167906
235,710,4.0,1723708989
235,622,3.0,1568707098
235,350,3.0,1574116147
235,43,4.0,1512364190
235,736,3.5,1547343544
235,594,4.0,1552445262
235,24,3.0,1603900448
235,264,3.5,1705186998
235,892,4.5,1504897074
235,86,3.5,1650024389
235,650,4.0,1758768772
235,515,4.5,1648763818
235,747,4.5,1740097539
235,599,3.5,1542757203
235,518,2.5,1508280584
235,339,4.0,1615061667
235,447,5.0,1508953032
235,402,3.5,1611301125
235,705,4.0,1676776008
235,266,3.0,1565097313
236,574,3.0,1711442957
236,173,3.5,1764905204
236,736,3.5,1504201839
236,584,5.0,1637357080
236,297,4.5,1716902346
236,316,3.0,1722195582
236,76,2.5,1678095474
236,604,4.5,1704009789
236,729,2.5,1580127835
236,772,2.5,1589549539
236,125,3.5,1697332249
236,266,3.0,1599627832
236,471,3.0,1585282092
236,829,3.5,1588449282
236,577,2.0,1500864581
236,749,2.5,1559476202
236,49,3.0,1617217060
236,371,3.0,1582819000
236,239,2.0,1631785350
236,452,4.0,1700530205
236,132,2.0,1612564963
236,575,3.0,1522405992
236,246,2.0,1734499624
236,603,3.5,1684065147
236,368,3.0,1729294298
236,96,1.5,1660001516
236,754,3.0,1726777122
236,419,4.0,1760360093
236,486,1.0,1719850901
236,221,5.0,1765863338
236,655,5.0,1769714191
236,58,3.5,1509917133
236,840,3.0,1714331574
236,578,4.5,1649541034
236,340,2.5,1673918134
236,747,3.5,1617473199
236,227,2.5,1757499393
236,130,3.5,1644311340
236,674,3.5,1650713849
236,748,2.5,1674726669
237,237,1.5,1677034811
237,366,3.5,1585169587
237,652,4.0,1762285447
237,206,2.0,1647391457
237,84,2.5,1745540059
237,490,3.0,1648409428
237,331,3.5,1546700033
237,353,4.0,1534558384
237,701,3.0,1656300623
237,807,3.0,1707109609
237,727,3.0,1584015085
238,124,3.5,1559193925
238,860,5.0,1712602264
238,767,4.0,1602902721
238,668,5.0,1520207364
238,121,2.5,1546096535
238,809,5.0,1675707657
238,632,5.0,1755228423
238,634,5.0,1583340497
238,505,4.5,1592638123
238,435,5.0,1650743612
238,264,4.0,1577622682
238,343,4.5,1567781401
238,230,5.0,1650734208
238,275,3.0,1615409263
238,628,3.5,1663911869
238,417,4.5,1589868424
238,365,4.0,1757481870
238,807,3.5,1704854048
238,326,2.0,1720229718
238,74,4.5,1526209969
238,786,4.5,1636386563
238,367,4.0,1734018768
238,798,5.0,1526475631
238,657,5.0,1544459711
238,447,4.0,1518031380
238,319,4.5,1647421695
238,115,3.5,1504352228
238,627,3.5,1609511614
238,413,3.5,1605513962
238,452,4.5,1661067770
238,543,4.5,1502688683
238,614,4.0,1538649048
238,438,4.0,1679123698
238,244,4.0,1617667910
238,740,4.0,1735489605
238,9,3.0,1629928570
238,829,4.0,1701180537
238,52,4.0,1714282317
238,580,5.0,1714879965
238,212,4.5,1760903366
238,360,3.0,1556010063
238,755,3.0,1685714686
238,517,5.0,1675178835
238,838,2.5,1640238568
238,189,3.5,1646332559
238,63,3.5,1723783295
239,600,2.5,1522856604
239,158,3.0,1591650571
239,403,3.5,1545897798
239,42,3.0,1691886687
239,630,3.5,1672326074
239,448,2.0,1616773699
239,497,2.5,1632016635
239,877,3.5,1510528136
239,274,3.0,1766893252
239,766,3.5,1743733351
239,845,2.5,1682634951
239,413,2.0,1671812433
239,649,3.0,1574496068
239,718,3.0,1547964483
239,142,4.0,1585209399
239,508,3.0,1707381075
239,140,2.0,1597921496
239,50,2.0,1723759737
239,645,3.5,1639490664
239,341,2.0,1616793111
239,768,4.5,1699061271
239,212,3.5,1713494748
239,405,3.0,1756459214
239,714,4.0,1643341815
239,874,3.0,1654925571
239,813,4.5,1712291647
239,307,3.5,1501357042
239,640,2.5,1739342975
239,588,2.0,1512012936
239,65,3.0,1757965208
239,110,2.0,1684358185
239,614,1.5,1544123314
239,708,4.5,1553716571
239,157,4.5,1534721638
239,728,4.0,1744858678
239,544,4.5,1759456013
239,841,4.5,1701135624
239,358,3.5,1698816876
239,419,4.5,1536787297
239,456,2.0,1582236133
239,757,3.5,1648894050
239,642,5.0,1660489687
239,700,2.5,1551527440
239,823,5.0,1664722168
239,514,2.0,1588697174
239,374,3.0,1682027809
239,756,5.0,1610600058
240,635,2.5,1501434997
240,555,3.5,1642609816
240,183,2.0,1528866570
240,533,3.5,1761390038
240,778,3.0,1717387261
240,690,3.5,1629381045
240,779,4.0,1660233505
240,251,3.0,1560426594
240,530,1.5,1685636120
240,800,2.0,1613016190
240,660,3.5,1693242394
240,345,3.0,1749007636
240,679,4.0,1750515354
240,585,4.0,1567103152
240,488,3.0,1527355293
240,279,3.5,1525629508
240,451,2.5,1558942971
240,456,3.5,1566072346
240,445,3.0,1678791915
240,359,2.0,1635431664
240,389,3.5,1748218861
240,799,3.0,1744197967
240,327,4.0,1622791066
240,597,3.0,1654477306
240,38,2.5,1641106124
240,493,3.0,1629059438
240,20,2.5,1538524007
240,371,2.0,1640882948
240,334,1.5,1759714850
240,311,4.0,1571667906
240,743,3.5,1592851169
240,628,3.5,1689192026
240,270,4.0,1696109503
240,665,2.0,1751415797
240,813,3.5,1768693968
240,726,3.0,1680800120
240,216,4.0,1715441393
240,654,2.0,1636667134
240,856,2.0,1555760698
240,314,3.5,1619856849
240,228,2.5,1683936698
240,785,3.5,1645150294
240,443,1.0,1761884554
240,550,1.5,1665904176
240,483,3.0,1551126581
240,674,3.0,1711262948
240,505,1.5,1676522622
240,105,3.0,1700839412
240,881,5.0,1751037082
240,421,4.5,1614888589
240,820,4.0,1668617098
240,578,4.0,1581415749
240,179,2.5,1627661066
240,145,2.0,1577614001
241,19,3.5,1563113357
241,855,5.0,1603839812
241,794,2.5,1720409465
241,691,2.5,1590003335
241,768,4.0,1627955753
241,597,4.0,1614570910
241,805,2.5,1662109080
241,857,3.5,1738391941
241,353,3.5,1501009831
241,498,3.0,1661374278
241,765,3.5,1509794076
241,613,3.0,1749652500
241,309,4.5,1554633052
241,853,3.5,1635088894
241,500,2.5,1714988438
241,371,3.0,1738686542
241,514,3.5,1551548196
241,101,2.0,1636625820
241,670,4.0,1764516320
241,419,5.0,1762604920
241,413,2.0,1631832353
241,46,3.0,1656146862
241,160,4.5,1566832673
241,807,3.0,1687528727
241,544,5.0,1671445286
241,792,3.0,1682560615
241,269,3.5,1522409052
242,732,4.0,1762466099
242,785,4.5,1732183868
242,413,2.0,1595615623
242,38,3.5,1667826431
242,126,5.0,1668478709
242,473,4.5,1552541832
242,27,3.0,1713604006
242,196,4.0,1583803290
242,624,4.5,1558970955
242,845,4.5,1696046599
242,398,4.0,1626889826
242,104,3.0,1727751652
242,20,1.5,1738998620
242,80,2.5,1715717010
242,472,3.0,1634210572
242,357,3.5,1689483534
242,631,2.0,1606269196
242,695,4.0,1730014976
242,32,4.0,1761352539
242,675,2.5,1628931028
242,867,4.5,1697576237
242,41,4.5,1691150654
242,777,4.0,1718785221
242,108,4.0,1524414443
242,449,3.5,1762556594
242,768,4.5,1531027339
242,37,4.5,1743983440
242,393,3.5,1568766253
242,587,5.0,1571317617
242,810,4.0,1615104449
242,662,2.5,1645003803
242,277,3.5,1545835217
242,589,5.0,1614692373
242,35,4.5,1623740118
243,8,3.0,1622582290
243,77,3.5,1695531221
243,279,3.5,1734587306
243,195,4.0,1695827650
243,49,4.0,1582338627
243,619,5.0,1709289408
243,480,5.0,1513523717
243,878,3.5,1593472597
243,318,4.5,1683988419
243,169,4.5,1597428508
243,505,3.0,1722844676
243,651,5.0,1627391188
243,630,5.0,1752799385
243,233,3.5,1641957549
243,443,1.5,1536673405
243,415,5.0,1575962111
243,872,3.0,1709562310
243,689,5.0,1730405789
243,231,3.5,1555666120
243,322,4.0,1547491950
243,492,4.5,1567783059
243,730,4.0,1568946330
243,791,5.0,1605293307
243,745,5.0,1589253177
243,582,4.5,1540565343
243,424,4.0,1641655585
243,453,3.5,1589330628
243,788,3.5,1673018103
243,840,3.5,1585398280
243,65,5.0,1702728251
243,712,4.5,1544350029
243,275,4.0,1558092348
243,533,4.5,1762654360
243,23,3.0,1578784045
243,201,4.0,1678856771
243,721,4.5,1664354420
243,787,4.0,1711695949
243,875,3.0,1670978998
243,684,4.0,1742399871
243,12,5.0,1641790795
243,681,5.0,1646484362
243,53,2.5,1702691526
243,468,4.5,1699877860
243,690,4.5,1615303843
243,739,4.5,1597100336
244,79,4.0,1650033044
244,113,4.0,1766639665
244,534,4.0,1543095265
244,100,3.5,1639678125
244,817,5.0,1705085677
244,792,3.0,1572251600
244,705,3.5,1589019910
244,546,3.0,1514979390
244,682,2.5,1539997317
244,871,3.5,1640142353
244,783,4.0,1630905293
244,713,3.5,1606475605
244,351,4.5,1630424235
244,88,4.5,1673754613
244,219,4.0,1643324648
244,392,5.0,1532032413
244,461,5.0,1552315887
244,193,5.0,1559749494
244,524,4.5,1599097828
244,19,5.0,1737788659
244,704,2.5,1590722574
244,347,3.5,1611163856
244,148,4.0,1708932647
244,60,5.0,1506129950
244,212,3.5,1605009304
244,566,3.5,1500869425
244,846,5.0,1758601762
244,664,4.5,1712006393
244,659,4.5,1656272317
244,553,4.0,1751638282
244,103,3.0,1759257435
244,707,2.5,1524808738
244,608,3.5,1505673171
244,222,2.0,1726445639
244,456,4.0,1759399100
244,858,3.0,1733802234
244,740,5.0,1558200766
244,440,5.0,1627366357
244,526,2.5,1749662210
244,309,5.0,1702516539
244,800,4.0,1577514073
244,550,4.0,1700347628
244,798,4.5,1501387086
245,859,3.0,1526481552
245,68,3.5,1660956243
245,652,3.0,1555285911
245,427,3.0,1768974406
245,190,1.5,1709342609
245,97,2.5,1619384170
245,511,2.5,1524006777
245,151,4.0,1621433871
245,43,4.0,1586884654
245,289,4.0,1707834880
245,559,3.5,1659650925
245,537,2.0,1676365570
245,866,3.5,1715073537
245,529,4.0,1637816162
245,405,3.5,1730532223
246,628,4.5,1623851281
246,86,4.0,1510969970
246,411,3.5,1707717328
246,38,2.0,1634310415
246,331,3.0,1517818939
247,134,3.5,1560710220
247,345,3.5,1727334558
247,834,2.5,1513466830
247,678,4.0,1744542333
247,118,2.5,1696944865
247,723,1.5,1648361272
247,611,3.5,1505618107
247,462,3.0,1576001888
247,700,3.0,1624503057
247,55,2.5,1606830208
247,127,2.5,1697599214
247,566,3.0,1623904658
247,71,4.0,1660010362
247,756,4.0,1603145858
247,885,3.5,1544390043
247,383,3.0,1502287999
247,573,4.0,1719179498
247,588,3.0,1694394387
247,103,2.5,1740858824
247,193,4.0,1628480235
247,407,2.5,1675165632
247,558,2.5,1545344670
247,146,4.0,1757707691
247,594,4.5,1667234431
247,401,2.0,1681500987
247,476,2.5,1636215506
247,12,3.0,1702605301
247,474,4.0,1616861848
247,284,3.5,1685306985
247,180,5.0,1565561466
247,121,3.5,1513957728
247,341,2.5,1587469356
247,253,4.0,1543748249
247,69,4.5,1663347372
247,613,3.0,1525278512
247,255,3.0,1547473952
247,653,4.0,1580821525
247,408,3.5,1631288282
247,747,3.0,1601682460
247,142,3.0,1546589955
247,800,2.5,1677392378
247,896,2.5,1697377015
247,350,2.5,1758874338
247,176,4.0,1506407254
247,412,1.5,1618405293
247,815,4.0,1681932005
247,4,3.0,1743629761
247,144,3.5,1553668977
247,179,4.0,1764560277
248,28,5.0,1628348547
248,197,3.0,1740635225
248,34,3.5,1706794546
248,354,3.5,1638978496
248,421,4.5,1561902992
248,513,2.5,1743495399
248,463,2.0,1716741137
248,59,4.0,1745621179
248,587,4.5,1749531278
248,311,4.0,1733851945
248,76,4.0,1532556397
248,133,3.0,1505041186
248,260,5.0,1708184435
248,716,5.0,1650224704
248,392,3.5,1620495675
248,5,3.0,1666518032
248,338,5.0,1674266901
248,96,4.5,1744301237
248,402,3.0,1625186393
248,554,3.0,1542965184
248,829,3.5,1753628085
248,238,4.5,1626880973
248,780,4.5,1523948311
248,650,4.5,1622216844
248,647,2.0,1621224528
248,569,2.5,1595051424
248,605,4.5,1641839503
248,329,4.0,1725592551
248,214,5.0,1742230122
249,349,2.5,1688491776
249,120,3.5,1724587908
249,799,1.5,1683298734
249,1,3.5,1747677188
249,310,4.5,1580454430
249,556,3.0,1744768459
249,288,3.5,1581443685
249,547,4.0,1589345732
249,880,5.0,1707984411
249,45,2.5,1612790304
249,601,4.0,1658937030
249,311,3.0,1681383638
249,718,3.0,1644076363
249,895,5.0,1513276343
249,450,3.5,1609101581
249,743,3.5,1505592327
249,822,4.0,1638416660
249,223,4.0,1704132054
249,864,3.5,1687300735
249,555,5.0,1723801274
249,95,3.0,1506124505
249,353,3.5,1732933931
249,397,3.5,1703450504
249,21,3.5,1597708527
249,878,3.0,1718894951
249,350,3.0,1536335066
249,866,3.5,1617297632
249,297,3.5,1570983342
249,167,5.0,1719992024
249,496,3.0,1755742660
249,53,3.0,1518130136
249,466,4.0,1737758277
249,609,2.5,1736602908
249,870,4.5,1744928676
249,598,3.0,1735703976
249,369,4.5,1701103915
249,838,3.0,1751463563
249,594,4.0,1521947395
249,736,4.0,1610123287
249,307,5.0,1718113418
249,823,5.0,1577478573
249,489,4.0,1701996884
249,424,4.0,1619626178
249,852,2.5,1766826135
249,121,3.5,1751489586
249,108,3.5,1598643384
249,111,2.5,1738391757
249,590,1.5,1537451623
249,485,5.0,1545848230
249,402,3.5,1529621382
249,315,4.0,1735044684
249,461,5.0,1627970099
249,371,4.5,1691979880
249,690,4.0,1566143950
250,192,3.5,1621636576
250,677,2.5,1501238087
250,813,3.5,1714118425
250,34,2.5,1684570763
250,417,5.0,1570069568
250,553,5.0,1602396955
250,669,2.5,1683085610
250,172,3.5,1734959421
250,295,3.0,1710339471
250,207,4.5,1673473028
250,168,5.0,1575470519
250,238,3.0,1664025108
250,198,3.5,1548503044
250,701,3.0,1573304443
250,795,3.0,1684487389
250,248,2.5,1630159038
250,54,4.0,1758983409
250,807,3.5,1526070535
250,147,2.0,1517720104
250,221,5.0,1705374689
250,632,4.0,1642217690
250,604,4.5,1636262348
250,236,2.0,1680566735
250,259,3.5,1654226052
250,287,3.0,1757094843
250,389,3.0,1682881161
250,24,2.0,1631752918
250,411,3.5,1557248592
250,834,2.5,1562517495
250,726,2.5,1505264408
250,29,4.0,1637398726
250,855,4.5,1589506362
250,869,3.5,1694406325
250,387,4.0,1687938755
250,580,4.5,1666976624
250,265,4.5,1576865195
250,725,4.0,1503468935
